<?xml version="1.0" encoding="UTF-8"?>

<mule xmlns:ee="http://www.mulesoft.org/schema/mule/ee/core" xmlns="http://www.mulesoft.org/schema/mule/core"
	xmlns:doc="http://www.mulesoft.org/schema/mule/documentation"
	xmlns:xsi="http://www.w3.org/2001/XMLSchema-instance" xsi:schemaLocation="http://www.mulesoft.org/schema/mule/core http://www.mulesoft.org/schema/mule/core/current/mule.xsd
http://www.mulesoft.org/schema/mule/ee/core http://www.mulesoft.org/schema/mule/ee/core/current/mule-ee.xsd">
	<sub-flow name="settingRequiredHeaders" doc:id="05713e33-b245-410d-93f0-b511b23e2a77" >
		<ee:transform doc:name="Setting Required Headers" doc:id="5e4d4c6b-8abb-4be1-ba13-af6b598d5ad9" >
			<ee:message />
			<ee:variables >
				<ee:set-variable variableName="requiredHeaders" ><![CDATA[%dw 2.0
output application/json
---
{
	client_id: "${secure::prc.client_id}",
    client_secret: "${secure::prc.client_secret}",
    correlationId: attributes.headers."x-correlation-id" default correlationId
}]]></ee:set-variable>
			</ee:variables>
		</ee:transform>
	</sub-flow>
</mule>
