<?xml version="1.0" encoding="UTF-8"?>

<mule
	xmlns:secure-properties="http://www.mulesoft.org/schema/mule/secure-properties"
	xmlns:api-gateway="http://www.mulesoft.org/schema/mule/api-gateway"
	xmlns:tls="http://www.mulesoft.org/schema/mule/tls"
	xmlns:http="http://www.mulesoft.org/schema/mule/http"
	xmlns="http://www.mulesoft.org/schema/mule/core"
	xmlns:doc="http://www.mulesoft.org/schema/mule/documentation"
	xmlns:xsi="http://www.w3.org/2001/XMLSchema-instance"
	xsi:schemaLocation="
http://www.mulesoft.org/schema/mule/tls http://www.mulesoft.org/schema/mule/tls/current/mule-tls.xsd 
http://www.mulesoft.org/schema/mule/http http://www.mulesoft.org/schema/mule/http/current/mule-http.xsd http://www.mulesoft.org/schema/mule/core http://www.mulesoft.org/schema/mule/core/current/mule.xsd
http://www.mulesoft.org/schema/mule/api-gateway http://www.mulesoft.org/schema/mule/api-gateway/current/mule-api-gateway.xsd
http://www.mulesoft.org/schema/mule/secure-properties http://www.mulesoft.org/schema/mule/secure-properties/current/mule-secure-properties.xsd">


	<http:listener-config name="HTTP_Listener_config"
		doc:name="HTTP Listener config"
		doc:id="9feed54b-429a-470c-a5da-d3aa1fb48935">
		<http:listener-connection host="${http.host}"
			port="${http.port}" />
	</http:listener-config>
	<http:request-config
		name="pollution-report-prc-api_request"
		doc:name="HTTP Request configuration"
		doc:id="465885e3-3524-496f-aed2-4c989b76ff04"
		basePath="${prc.basePath}" requestStreamingMode="ALWAYS">
		<http:request-connection host="${prc.host}" port="${prc.port}">
		</http:request-connection>
	</http:request-config>
	<configuration
		doc:name="Global Error Handler Configuration"
		doc:id="9369cec9-5033-47a5-a9ff-9225cc065c70"
		defaultErrorHandler-ref="global-error-handler" />
	<configuration-properties
		doc:name="Env Specific Configuration properties"
		doc:id="17bb060c-4e25-4dee-b37f-6775ea40f769"
		file="properties/${env}.yaml" />
	<configuration-properties
		doc:name="Secure Configuration properties"
		doc:id="6c456ef7-5109-4abe-9c3c-c8c42b6d81bc"
		file="secure/properties/${env}-secure.yaml" />
	<secure-properties:config
		name="Secure_Properties_Config" doc:name="Secure Properties Config"
		doc:id="48c86d1c-c276-4102-85c4-893a059acf54"
		file="secure/properties/${env}-secure.yaml" key="${enc.key}" />
	<!-- <api-gateway:autodiscovery apiId="${api.id}" ignoreBasePath="true" doc:name="API Autodiscovery" doc:id="8798314a-8348-4c7b-aa5d-f72551afa198" flowRef="sf-exp-api-main" /> --> 
	<global-property doc:name="Global Property" doc:id="70c2cbc9-41f8-4e1e-a8e3-96a624b13f70" name="env" value="dev" />
	<global-property doc:name="Global Property" doc:id="d99ead20-522d-4b12-90a7-803eb8540062" name="enc.key" value="mulesoft12345678" />
	<api-gateway:autodiscovery apiId="${api.id}" ignoreBasePath="true" doc:name="API Autodiscovery" doc:id="0da19a2c-ea40-4740-b973-89caac82d4dd" flowRef="sf-exp-api-main" />

</mule>
