<?xml version="1.0" encoding="UTF-8"?>
<mule xmlns="http://www.mulesoft.org/schema/mule/core" xmlns:apikit="http://www.mulesoft.org/schema/mule/mule-apikit" xmlns:doc="http://www.mulesoft.org/schema/mule/documentation" xmlns:ee="http://www.mulesoft.org/schema/mule/ee/core" xmlns:http="http://www.mulesoft.org/schema/mule/http" xmlns:munit-tools="http://www.mulesoft.org/schema/mule/munit-tools" xmlns:xsi="http://www.w3.org/2001/XMLSchema-instance" xsi:schemaLocation="http://www.mulesoft.org/schema/mule/core http://www.mulesoft.org/schema/mule/core/current/mule.xsd http://www.mulesoft.org/schema/mule/http http://www.mulesoft.org/schema/mule/http/current/mule-http.xsd http://www.mulesoft.org/schema/mule/mule-apikit http://www.mulesoft.org/schema/mule/mule-apikit/current/mule-apikit.xsd http://www.mulesoft.org/schema/mule/ee/core http://www.mulesoft.org/schema/mule/ee/core/current/mule-ee.xsd  http://www.mulesoft.org/schema/mule/munit-tools http://www.mulesoft.org/schema/mule/munit-tools/current/mule-munit-tools.xsd">
    <apikit:config name="sf-exp-api-config" api="sf-exp-api.raml" outboundHeadersMapName="outboundHeaders" httpStatusVarName="httpStatus" />
    <flow name="sf-exp-api-main">
        <http:listener config-ref="HTTP_Listener_config" path="${http.path}">
            <http:response statusCode="#[vars.httpStatus default 200]">
                <http:headers><![CDATA[#[vars.outboundHeaders default {}]]]></http:headers>
            </http:response>
            <http:error-response statusCode="#[vars.httpStatus default 500]">
                <http:body><![CDATA[#[payload]]]></http:body>
                <http:headers><![CDATA[#[vars.outboundHeaders default {}]]]></http:headers>
            </http:error-response>
        </http:listener>
        <set-variable value="#[attributes.headers.&quot;x-correlation-id&quot; default correlationId]" doc:name="Set Variable correlationId" doc:id="fa5ee953-c143-46f5-a3f8-2a4001f7de4c" variableName="correlationId"/>
        <logger level="INFO" doc:name="Start Log" doc:id="df46a4de-8b8d-416e-a02e-cfcfc3fc65cb" message='#["CorrelationId : " ++ vars.correlationId ++ " Request Received"]' />
        <flow-ref doc:name="settingRequiredHeaders" doc:id="83895a14-2aa4-47cd-8361-460006240754" name="settingRequiredHeaders" />
        <apikit:router config-ref="sf-exp-api-config" doc:id="0bbd6985-962b-495c-9418-c913a0fe6f49" />
        <logger level="INFO" doc:name="End Log" doc:id="36b7aca3-3a79-45e2-96a9-c75a25e331f8" message='#["CorrelationId : " ++ vars.correlationId ++ " Response Returned"]' />
        <error-handler ref="global-error-handler" />
    </flow>
    <flow name="sf-exp-api-console">
        <http:listener config-ref="HTTP_Listener_config" path="/console/*">
            <http:response statusCode="#[vars.httpStatus default 200]">
                <http:headers>#[vars.outboundHeaders default {}]</http:headers>
            </http:response>
            <http:error-response statusCode="#[vars.httpStatus default 500]">
                <http:body>#[payload]</http:body>
                <http:headers>#[vars.outboundHeaders default {}]</http:headers>
            </http:error-response>
        </http:listener>
        <apikit:console config-ref="sf-exp-api-config" />
        <error-handler>
            <on-error-propagate type="APIKIT:NOT_FOUND">
                <ee:transform>
                    <ee:message>
                        <ee:set-payload><![CDATA[%dw 2.0
output application/json
---
{message: "Resource not found"}]]></ee:set-payload>
                    </ee:message>
                    <ee:variables>
                        <ee:set-variable variableName="httpStatus">404</ee:set-variable>
                    </ee:variables>
                </ee:transform>
            </on-error-propagate>
        </error-handler>
    </flow>
    <flow name="get:\api\v1\ping:sf-exp-api-config" doc:id="e19d4b15-ff9d-445e-9a0b-19829f858e8c">
        <ee:transform doc:name="Setting Success Response for Ping">
            <ee:message>
                <ee:set-payload><![CDATA[%dw 2.0
output application/json
---
{
  status: "UP",
  api: "${api.name}",
  env: "${api.env}",
  timestamp: now() as String {format: "dd/MM/yyyy HH:mm:SS"}
}]]></ee:set-payload>
            </ee:message>
        </ee:transform>
    </flow>
    <flow name="get:\api\v1\health-check:sf-exp-api-config">
        <flow-ref doc:name="health-check" doc:id="56144088-baac-4d4f-b99e-db3640a3e358" name="health-check" />
    </flow>
    <flow name="get:\api\v1\contacts:sf-exp-api-config">
        <flow-ref doc:name="getContacts" doc:id="b8c053fc-dc77-4c66-9aac-1b953e007246" name="getContacts" />
    </flow>
    <flow name="post:\api\v1\contacts:application\json:sf-exp-api-config" doc:id="49490cd7-d141-4631-ba0b-d00f8483bd5a">
        <flow-ref doc:name="createContacts" doc:id="3050d5af-38e9-4549-ad0a-e97e90b9d577" name="createContacts" />
    </flow>
    <flow name="get:\api\v1\contacts\(contactId):sf-exp-api-config" doc:id="0469e7da-0689-476d-99da-9da0f4f9596b">
        <flow-ref doc:name="getContactByContactId" doc:id="3abbb103-8d1d-4b70-92e5-29dcb3781b59" name="getContactByContactId" />
    </flow>
    <flow name="patch:\api\v1\contacts\(contactId):application\json:sf-exp-api-config">
        <flow-ref doc:name="updateContactByContactId" doc:id="5a9467fb-cbcd-4fdd-938f-6585936a184a" name="updateContactByContactId" />
    </flow>
    <flow name="delete:\api\v1\contacts\(contactId):sf-exp-api-config">
        <flow-ref doc:name="deleteContactByContactId" doc:id="2f87f285-d61c-44fa-841d-93ad83c33510" name="deleteContactByContactId" />
    </flow>
    <flow name="post:\api\v1\call-reports:application\json:sf-exp-api-config">
        <flow-ref doc:name="createCallReport" doc:id="04b7e13b-6222-489c-91d5-558ceb741673" name="createCallReport" />
    </flow>
    <flow name="get:\api\v1\call-reports\(reportId):sf-exp-api-config">
        <flow-ref doc:name="getCallReportByReportId" doc:id="8caf317c-941d-4f91-b6a1-61cc41e33222" name="getCallReportByReportId" />
    </flow>
    <flow name="get:\api\v1\contacts\(contactId)\call-reports:sf-exp-api-config">
        <flow-ref doc:name="getCallReportByContactId" doc:id="3ebec2d4-2610-4187-9364-52d7c17adc55" name="getCallReportByContactId" />
    </flow>
    <flow name="get:\api\v1\license:sf-exp-api-config">
        <ee:transform doc:name="set var contactId as text" doc:id="e5335511-1c48-4d69-857b-478d4cac7790">
            <ee:variables>
                <ee:set-variable variableName="contactId"><![CDATA[%dw 2.0
output text/plain
---
attributes.queryString replace "contactId=" with ""]]></ee:set-variable>
            </ee:variables>
        </ee:transform>
        <flow-ref doc:name="getLicenseByContactId" doc:id="b1092d39-3efe-4457-aa34-e81bcf3d7272" name="getLicenseByContactId" />
    </flow>
    <flow name="get:\api\v1\contacts\(contactId)\license\qr-code:sf-exp-api-config">
        <flow-ref doc:name="getLicenseQRCodeByContactId" doc:id="56dd7977-744e-456b-a862-0497f9ed3e98" name="getLicenseQRCodeByContactId" />
    </flow>
</mule>
