{
    "id": "11446498",
    "type": "web_link",
    "created_at": "2012-12-12T10:53:43-08:00",
    "created_by": {
        "id": "11446498",
        "type": "user",
        "login": "ceo@example.com",
        "name": "Aaron Levie"
    },
    "description": "Example page",
    "etag": "1",
    "item_status": "active",
    "modified_at": "2012-12-12T10:53:43-08:00",
    "modified_by": {
        "id": "11446498",
        "type": "user",
        "login": "ceo@example.com",
        "name": "Aaron Levie"
    },
    "name": "My Bookmark",
    "owned_by": {
        "id": "11446498",
        "type": "user",
        "login": "ceo@example.com",
        "name": "Aaron Levie"
    },
    "parent": {
        "id": "12345",
        "type": "folder",
        "etag": "1",
        "name": "Contracts",
        "sequence_id": "3"
    },
    "path_collection": {
        "entries": [
            {
                "id": "12345",
                "etag": "1",
                "type": "folder",
                "name": "Contracts",
                "sequence_id": "3"
            }
        ],
        "total_count": 1
    },
    "purged_at": "2012-12-12T10:53:43-08:00",
    "sequence_id": "3",
    "shared_link": {
        "access": "open",
        "download_count": 3,
        "download_url": "https://www.box.com/shared/static/rh935iit6ewrmw0unyul.jpeg",
        "effective_access": "company",
        "effective_permission": "can_download",
        "is_password_enabled": true,
        "permissions": {
            "can_download": true,
            "can_edit": false,
            "can_preview": true
        },
        "preview_count": 3,
        "unshared_at": "2018-04-13T13:53:23-07:00",
        "url": "https://www.box.com/s/vspke7y05sb214wjokpk",
        "vanity_name": "my_url",
        "vanity_url": "https://acme.app.box.com/v/my_url/"
    },
    "trashed_at": "2012-12-12T10:53:43-08:00",
    "url": "https://www.example.com/example/1234"
}