<?xml version="1.0" encoding="UTF-8"?>

<mule xmlns:os="http://www.mulesoft.org/schema/mule/os"
	xmlns:secure-properties="http://www.mulesoft.org/schema/mule/secure-properties"
	xmlns:ee="http://www.mulesoft.org/schema/mule/ee/core"
	xmlns:apikit="http://www.mulesoft.org/schema/mule/mule-apikit"
	xmlns:api-gateway="http://www.mulesoft.org/schema/mule/api-gateway"
	xmlns:http="http://www.mulesoft.org/schema/mule/http"
	xmlns="http://www.mulesoft.org/schema/mule/core"
	xmlns:doc="http://www.mulesoft.org/schema/mule/documentation"
	xmlns:xsi="http://www.w3.org/2001/XMLSchema-instance"
	xsi:schemaLocation="
http://www.mulesoft.org/schema/mule/mule-apikit http://www.mulesoft.org/schema/mule/mule-apikit/current/mule-apikit.xsd 
http://www.mulesoft.org/schema/mule/http http://www.mulesoft.org/schema/mule/http/current/mule-http.xsd http://www.mulesoft.org/schema/mule/core http://www.mulesoft.org/schema/mule/core/current/mule.xsd
http://www.mulesoft.org/schema/mule/api-gateway http://www.mulesoft.org/schema/mule/api-gateway/current/mule-api-gateway.xsd
http://www.mulesoft.org/schema/mule/secure-properties http://www.mulesoft.org/schema/mule/secure-properties/current/mule-secure-properties.xsd
http://www.mulesoft.org/schema/mule/os http://www.mulesoft.org/schema/mule/os/current/mule-os.xsd">
	<http:listener-config
		name="vocational-http-listener-config" doc:name="HTTP Listener config"
		doc:id="50ebfc23-e010-48b6-915a-40ab701ad465">
		<http:listener-connection host="${http.host}"
			port="${http.port}" />
	</http:listener-config>
	<http:request-config name="common_prc_api_request"
		doc:name="HTTP Request configuration"
		doc:id="80bcb2b7-46df-4912-a2a9-685115cb2aba"
		basePath="${prc.basePath}" requestStreamingMode="ALWAYS">
		<http:request-connection host="${prc.host}"
			port="${prc.port}">
		</http:request-connection>
	</http:request-config>
	<apikit:config name="vocational-rehab-exp-api-config"
		api="vocational-rehab-exp-api.raml"
		outboundHeadersMapName="outboundHeaders"
		httpStatusVarName="httpStatus" />
	<api-gateway:autodiscovery apiId="${api.id}"
		ignoreBasePath="true" doc:name="api-autodiscovery"
		doc:id="589bfa17-aa95-430f-a0cc-784b2cb8a01e"
		flowRef="vocational-rehab-exp-api-main" />
	<configuration
		doc:name="global-error-handler-configuration"
		doc:id="36e836cf-4e78-44a8-9d9c-6e68108ed44f"
		defaultErrorHandler-ref="global-error-handler" />
	<configuration-properties
		doc:name="configuration-properties-env"
		doc:id="69fcab58-5a98-455b-bffc-cbbcb983908a"
		file="properties/${mule.env}.yaml " />
	<secure-properties:config
		name="configuration-properties-secured-env"
		doc:name="Secure Properties Config"
		doc:id="fece7e19-4410-494f-ad60-3b0d3a462fd5"
		file="secure/properties/${mule.env}-secure.yaml" key="${mule.key}" />
	<global-property doc:name="Global Property"
		doc:id="dd0a430c-6b6b-4e9e-96b1-09b474e7167d" name="mule.env"
		value="local" />
	<global-property doc:name="Global Property"
		doc:id="5e0fcd9e-5124-4db2-88fe-a45d771dd481" name="mule.key"
		value="mulesoft12345678" />
</mule>
