<?xml version="1.0" encoding="UTF-8"?>
<mule xmlns="http://www.mulesoft.org/schema/mule/core" xmlns:apikit="http://www.mulesoft.org/schema/mule/mule-apikit" xmlns:doc="http://www.mulesoft.org/schema/mule/documentation" xmlns:ee="http://www.mulesoft.org/schema/mule/ee/core" xmlns:http="http://www.mulesoft.org/schema/mule/http" xmlns:xsi="http://www.w3.org/2001/XMLSchema-instance" xsi:schemaLocation="http://www.mulesoft.org/schema/mule/core http://www.mulesoft.org/schema/mule/core/current/mule.xsd http://www.mulesoft.org/schema/mule/http http://www.mulesoft.org/schema/mule/http/current/mule-http.xsd http://www.mulesoft.org/schema/mule/mule-apikit http://www.mulesoft.org/schema/mule/mule-apikit/current/mule-apikit.xsd http://www.mulesoft.org/schema/mule/ee/core http://www.mulesoft.org/schema/mule/ee/core/current/mule-ee.xsd ">
    <flow name="vocational-rehab-exp-api-main">
        <http:listener config-ref="vocational-http-listener-config" path="${http.path}">
            <http:response statusCode="#[vars.httpStatus default 200]">
                <http:headers><![CDATA[#[vars.outboundHeaders default {}]]]></http:headers>
            </http:response>
            <http:error-response statusCode="#[vars.httpStatus default 500]">
                <http:body><![CDATA[#[payload]]]></http:body>
                <http:headers><![CDATA[#[vars.outboundHeaders default {}]]]></http:headers>
            </http:error-response>
        </http:listener>
        <set-variable value="#[%dw 2.0&#xA;output application/json&#xA;---&#xA;attributes.headers.&quot;x-correlation-id&quot; default correlationId]" doc:name="set var correlationId" doc:id="425d8233-db2d-49e0-9e70-a9d87b008e3e" variableName="correlationId" />
        <set-variable value="#[{org_name: &quot;vocational&quot;}]" doc:name="Set Variable orgName" doc:id="cb6c9114-21f0-4b2b-a8d5-ef34dbdf7e4c" variableName="orgName" />
        <flow-ref doc:name="SettingRequiredHeaders" doc:id="c7058037-6227-461a-b535-768255a3ed14" name="SettingRequiredHeaders" />
        <logger level="INFO" doc:name="vocational-rehabilitation-exp-api started" doc:id="f3babebd-de28-43ab-b796-2b1748021f5d" message="#[vars.correlationId default &quot;&quot; ++ &quot; vocational-rehabilitation-exp-api started - at : &quot; ++ now()]" />
        <apikit:router config-ref="vocational-rehab-exp-api-config" />
        <logger level="INFO" doc:name="vocational-rehabilitation-exp-api ended" doc:id="720ba9aa-52cc-4496-84f4-fa213776fb8d" message="#[vars.correlationId default &quot;&quot; ++ &quot; vocational-rehabilitation-exp-api ended - at : &quot; ++ now()]" />
        <error-handler ref="global-error-handler" />
    </flow>
    <flow name="vocational-rehab-exp-api-console">
        <http:listener config-ref="vocational-http-listener-config" path="/console/*">
            <http:response statusCode="#[vars.httpStatus default 200]">
                <http:headers><![CDATA[#[vars.outboundHeaders default {}]]]></http:headers>
            </http:response>
            <http:error-response statusCode="#[vars.httpStatus default 500]">
                <http:body><![CDATA[#[payload]]]></http:body>
                <http:headers><![CDATA[#[vars.outboundHeaders default {}]]]></http:headers>
            </http:error-response>
        </http:listener>
        <choice doc:name="Enable/Disable Console" doc:id="fba9ddc8-950c-43e8-9a4d-3d4590ef1666">
            <when expression="${api.viewConsole} ">
                <apikit:console config-ref="vocational-rehab-exp-api-config" />
            </when>
            <otherwise>
                <ee:transform doc:name="The Console is disabled." doc:id="4d5f4c5f-cabd-4852-bc5b-b8b0bc10712c">
                    <ee:message>
                        <ee:set-payload><![CDATA[%dw 2.0
output application/json
---
"The Console is disabled."]]></ee:set-payload>
                    </ee:message>
                </ee:transform>
            </otherwise>
        </choice>
        <error-handler ref="global-error-handler" />
    </flow>
    <flow name="get:\api\v1\ping:vocational-rehab-exp-api-config">
        <logger level="INFO" doc:name="Start Log" doc:id="01512160-5789-49cf-81f8-6e8a47e276b9" message="#[vars.correlationId default &quot;&quot; ++ &quot; ping flow started. - at : &quot; ++ now()]" />
        <ee:transform doc:name="Response" doc:id="87d96547-a0f8-4a39-933c-233270dce630">
            <ee:message>
                <ee:set-payload><![CDATA[%dw 2.0
output application/json
---
{
  status: "UP",
  api: "${api.name}",
  env: "${api.env}",
  timestamp: now() as String {format: "dd/MM/yyyy HH:mm:SS"}
}]]></ee:set-payload>
            </ee:message>
        </ee:transform>
        <logger level="INFO" doc:name="End Log" doc:id="ecb7d091-1ab1-45ef-9ab9-2f235a059ee6" message="#[vars.correlationId default &quot;&quot; ++ &quot; ping flow ended. - at : &quot; ++ now()]" />
    </flow>
    <flow name="get:\api\v1\health-check:vocational-rehab-exp-api-config">
        <logger level="INFO" doc:name="Start Log" doc:id="8cc73e69-cf5f-4d69-ab34-1b93f53f0313" message="#[vars.correlationId default &quot;&quot; ++ &quot; health-check flow started. - at : &quot; ++ now()]" />
        <ee:transform doc:name="Response" doc:id="fc424ae6-e105-4529-a072-876040fe66e6">
            <ee:message>
                <ee:set-payload><![CDATA[%dw 2.0
output application/json
---
{
  response: {
    application: "${api.name}",
    buildversion: "${api.buildversion}",
    buildTimestamp: now() as String {format: "dd/MM/yyyy HH:mm:SS"},
    status: "UP",
    env: "${api.env}",
    systems: [
      {
        name: "Grants Management Exp API",
        status: "UP"
      }
    ]
  }
}]]></ee:set-payload>
            </ee:message>
        </ee:transform>
        <logger level="INFO" doc:name="End Log" doc:id="c35df09e-df55-4fdc-8f50-c13a04fe5f2d" message="#[vars.correlationId default &quot;&quot; ++ &quot; health-check flow ended. - at : &quot; ++ now()]" />
    </flow>
    <flow name="post:\api\v1\docs:application\json:vocational-rehab-exp-api-config">
        <flow-ref doc:name="upload-docs-subflow" doc:id="ac4133af-f082-4717-8099-09bf61361da0" name="upload-docs-subflow" />
    </flow>
    <flow name="get:\api\v1\folder\(folder-name)\docs:vocational-rehab-exp-api-config">
        <ee:transform doc:name="Set fileName, folderName variable">
            <ee:message />
            <ee:variables>
                <ee:set-variable variableName="fileName"><![CDATA[%dw 2.0
output application/json
---
attributes.queryParams.'fileName']]></ee:set-variable>
                <ee:set-variable variableName="folderName"><![CDATA[%dw 2.0
output application/json
---
attributes.uriParams.'folder-name']]></ee:set-variable>
            </ee:variables>
        </ee:transform>
        <flow-ref doc:name="retrieve-doc-subflow" doc:id="10331842-e17d-4437-b6a4-a424efb1a275" name="retrieve-doc-subflow" />
    </flow>
    <flow name="delete:\api\v1\folder\(folder-name)\docs:vocational-rehab-exp-api-config">
        <ee:transform doc:name="Set fileName, folderName variable" doc:id="30c9c407-f6ae-4612-a465-7eef89a607a0">
            <ee:message />
            <ee:variables>
                <ee:set-variable variableName="fileName"><![CDATA[%dw 2.0
output application/json
---
attributes.queryParams.'fileName']]></ee:set-variable>
                <ee:set-variable variableName="folderName"><![CDATA[%dw 2.0
output application/json
---
attributes.uriParams.'folder-name']]></ee:set-variable>
            </ee:variables>
        </ee:transform>
        <flow-ref doc:name="delete-doc-subflow" doc:id="ca043c79-a1d0-4739-9adf-0309deb050fa" name="delete-doc-subflow" />
    </flow>
    <flow name="get:\api\v1\folder\(folder-name)\folder-info:vocational-rehab-exp-api-config">
        <ee:transform doc:name="Set folderName variable" doc:id="e807bef4-af32-47ce-b006-353ebef5ba2a">
            <ee:message />
            <ee:variables>
                <ee:set-variable variableName="folderName"><![CDATA[%dw 2.0
output application/json
---
attributes.uriParams.'folder-name']]></ee:set-variable>
            </ee:variables>
        </ee:transform>
        <flow-ref doc:name="retrieve-all-doc-names-subflow" doc:id="41f9c67c-ddba-41d9-92cf-8988e29430d0" name="retrieve-all-doc-names-subflow" />
    </flow>
    <flow name="get:\api\v1\db\(jobId):vocational-rehab-exp-api-config">
        <ee:transform doc:name="Set jobId variable" doc:id="3b2ab417-7f22-4f5e-99d6-3f5c1c497c60">
            <ee:variables>
                <ee:set-variable variableName="jobId"><![CDATA[%dw 2.0
output application/json
---
attributes.uriParams.'jobId']]></ee:set-variable>
            </ee:variables>
        </ee:transform>
        <flow-ref doc:name="fetch-db-record-by-jobId-subflow" doc:id="10ea0329-f038-4d63-b08b-2fa4830d00c0" name="fetch-db-record-by-jobId-subflow" />
    </flow>
    <flow name="post:\api\v1\db:application\json:vocational-rehab-exp-api-config">
        <flow-ref doc:name="create-db-records-subflow" doc:id="a16914bf-9981-40d5-8acc-d6e0ea4ac35c" name="create-db-records-subflow" />
    </flow>
</mule>
