<?xml version='1.0' encoding='UTF-8'?>
<types:mule xmlns:types="http://www.mulesoft.org/schema/mule/types">
  <types:catalog>
    <types:type name="auto_9a5ea805-fc50-4818-8504-1d2d25b524cb_Input-Variables-contactId" format="java">
      <types:shape format="weave" example="weave/autogenerated/9a5ea805-fc50-4818-8504-1d2d25b524cb/Input-Variables-contactId.wev" autogeneratedOrigin="62cc6756-dd35-42cb-acac-9bb848b42b79"><![CDATA[%dw 2.0

type auto_9a5ea805_fc50_4818_8504_1d2d25b524cb_Input_Variables_contactId = Any

]]></types:shape>
    </types:type>
    <types:type name="auto_9a5ea805-fc50-4818-8504-1d2d25b524cb_Output-Payload" format="json">
      <types:shape format="weave" example="weave/autogenerated/9a5ea805-fc50-4818-8504-1d2d25b524cb/Output-Payload.wev" autogeneratedOrigin="62cc6756-dd35-42cb-acac-9bb848b42b79"><![CDATA[%dw 2.0

type auto_9a5ea805_fc50_4818_8504_1d2d25b524cb_Output_Payload = String

]]></types:shape>
    </types:type>
    <types:type name="auto_9a5ea805-fc50-4818-8504-1d2d25b524cb_Output-Variables-contactId" format="java">
      <types:shape format="weave" example="weave/autogenerated/9a5ea805-fc50-4818-8504-1d2d25b524cb/Output-Variables-contactId.wev" autogeneratedOrigin="62cc6756-dd35-42cb-acac-9bb848b42b79"><![CDATA[%dw 2.0

type auto_9a5ea805_fc50_4818_8504_1d2d25b524cb_Output_Variables_contactId = Any

]]></types:shape>
    </types:type>
    <types:type name="auto_aae30c59-e5ef-4be5-ab24-03c23be8d38b_Input-Variables-contactId" format="java">
      <types:shape format="weave" example="weave/autogenerated/aae30c59-e5ef-4be5-ab24-03c23be8d38b/Input-Variables-contactId.wev" autogeneratedOrigin="80eacedd-6cf4-4115-8e7a-ae344d033d7d"><![CDATA[%dw 2.0

type auto_aae30c59_e5ef_4be5_ab24_03c23be8d38b_Input_Variables_contactId = Any

]]></types:shape>
    </types:type>
    <types:type name="auto_aae30c59-e5ef-4be5-ab24-03c23be8d38b_Output-Payload" format="json">
      <types:shape format="weave" example="weave/autogenerated/aae30c59-e5ef-4be5-ab24-03c23be8d38b/Output-Payload.wev" autogeneratedOrigin="80eacedd-6cf4-4115-8e7a-ae344d033d7d"><![CDATA[%dw 2.0

type auto_aae30c59_e5ef_4be5_ab24_03c23be8d38b_Output_Payload = Any

]]></types:shape>
    </types:type>
    <types:type name="auto_aae30c59-e5ef-4be5-ab24-03c23be8d38b_Output-Variables-contactId" format="java">
      <types:shape format="weave" example="weave/autogenerated/aae30c59-e5ef-4be5-ab24-03c23be8d38b/Output-Variables-contactId.wev" autogeneratedOrigin="80eacedd-6cf4-4115-8e7a-ae344d033d7d"><![CDATA[%dw 2.0

type auto_aae30c59_e5ef_4be5_ab24_03c23be8d38b_Output_Variables_contactId = Any

]]></types:shape>
    </types:type>
    <types:type name="auto_aae30c59-e5ef-4be5-ab24-03c23be8d38b_Output-Variables-uriParams" format="json">
      <types:shape format="weave" example="weave/autogenerated/aae30c59-e5ef-4be5-ab24-03c23be8d38b/Output-Variables-uriParams.wev" autogeneratedOrigin="80eacedd-6cf4-4115-8e7a-ae344d033d7d"><![CDATA[%dw 2.0

type auto_aae30c59_e5ef_4be5_ab24_03c23be8d38b_Output_Variables_uriParams = {| contactId: Null |}

]]></types:shape>
    </types:type>
    <types:type name="auto_7fdda8d3-8516-44db-9962-4685db156a7e_Input-Payload" format="java">
      <types:shape format="weave" example="weave/autogenerated/7fdda8d3-8516-44db-9962-4685db156a7e/Input-Payload.wev" autogeneratedOrigin="780f33f0-c380-4a59-8748-06c80c8f7739"><![CDATA[%dw 2.0

type auto_7fdda8d3_8516_44db_9962_4685db156a7e_Input_Payload = {|  |} {"typeAlias": "Object",
"class": "java.lang.Object",
"typeId": "java.lang.Object"}

]]></types:shape>
    </types:type>
    <types:type name="auto_7fdda8d3-8516-44db-9962-4685db156a7e_Output-Payload" format="java">
      <types:shape format="weave" example="weave/autogenerated/7fdda8d3-8516-44db-9962-4685db156a7e/Output-Payload.wev" autogeneratedOrigin="780f33f0-c380-4a59-8748-06c80c8f7739"><![CDATA[%dw 2.0

type auto_7fdda8d3_8516_44db_9962_4685db156a7e_Output_Payload = {|  |} {"typeAlias": "Object",
"class": "java.lang.Object",
"typeId": "java.lang.Object"}

]]></types:shape>
    </types:type>
    <types:type name="auto_7fdda8d3-8516-44db-9962-4685db156a7e_Output-Variables-contactId" format="java">
      <types:shape format="raml" autogeneratedOrigin="780f33f0-c380-4a59-8748-06c80c8f7739"><![CDATA[#%RAML 1.0 DataType
type: string]]></types:shape>
    </types:type>
    <types:type name="auto_42b59f97-1a3d-481d-9972-dfca3ce27b2d_Output-Payload" format="java">
      <types:shape format="weave" example="weave/autogenerated/42b59f97-1a3d-481d-9972-dfca3ce27b2d/Output-Payload.wev" autogeneratedOrigin="ca22840f-4bf0-496b-8f9a-4543b2552007"><![CDATA[%dw 2.0

type auto_42b59f97_1a3d_481d_9972_dfca3ce27b2d_Output_Payload = {|  |} {"typeAlias": "Object",
"class": "java.lang.Object",
"typeId": "java.lang.Object"}

]]></types:shape>
    </types:type>
    <types:type name="auto_80f7c9dd-90a9-4c47-82d6-07d24a4c5448_Input-Payload" format="java">
      <types:shape format="weave" example="weave/autogenerated/80f7c9dd-90a9-4c47-82d6-07d24a4c5448/Input-Payload.wev" autogeneratedOrigin="3c942343-a54a-4747-b456-e6511d574f0e"><![CDATA[%dw 2.0

type auto_80f7c9dd_90a9_4c47_82d6_07d24a4c5448_Input_Payload = {|  |} {"typeAlias": "Object",
"class": "java.lang.Object",
"typeId": "java.lang.Object"}

]]></types:shape>
    </types:type>
    <types:type name="auto_80f7c9dd-90a9-4c47-82d6-07d24a4c5448_Output-Payload" format="java">
      <types:shape format="weave" example="weave/autogenerated/80f7c9dd-90a9-4c47-82d6-07d24a4c5448/Output-Payload.wev" autogeneratedOrigin="3c942343-a54a-4747-b456-e6511d574f0e"><![CDATA[%dw 2.0

type auto_80f7c9dd_90a9_4c47_82d6_07d24a4c5448_Output_Payload = {|  |} {"typeAlias": "Object",
"class": "java.lang.Object",
"typeId": "java.lang.Object"}

]]></types:shape>
    </types:type>
    <types:type name="auto_80f7c9dd-90a9-4c47-82d6-07d24a4c5448_Output-Variables-contactId" format="java">
      <types:shape format="raml" autogeneratedOrigin="3c942343-a54a-4747-b456-e6511d574f0e"><![CDATA[#%RAML 1.0 DataType
type: string]]></types:shape>
    </types:type>
    <types:type name="auto_786b06fa-4bcb-47d3-9725-6b31dffec8d3_Output-Payload" format="java">
      <types:shape format="weave" example="weave/autogenerated/786b06fa-4bcb-47d3-9725-6b31dffec8d3/Output-Payload.wev" autogeneratedOrigin="10edba96-c735-4bf2-8e78-a849ec94086e"><![CDATA[%dw 2.0

type auto_786b06fa_4bcb_47d3_9725_6b31dffec8d3_Output_Payload = {|  |} {"typeAlias": "Object",
"class": "java.lang.Object",
"typeId": "java.lang.Object"}

]]></types:shape>
    </types:type>
    <types:type name="auto_3bfdaa6d-890c-47dc-972b-3f9849799be3_Input-Payload" format="json">
      <types:shape format="weave" example="weave/autogenerated/3bfdaa6d-890c-47dc-972b-3f9849799be3/Input-Payload.wev" autogeneratedOrigin="d4d28b91-6505-4a52-83b9-c5e4235e2126"><![CDATA[%dw 2.0

type auto_3bfdaa6d_890c_47dc_972b_3f9849799be3_Input_Payload = {
  citizenAlternatePhone?: String | Null, 
  isRegisteredUser?: Boolean | Null, 
  contactId: String, 
  contactEmail?: String, 
  contactLicenseNumber?: String | Null, 
  licenseStatus?: String, 
  contactFirstName?: String, 
  contactLastName?: String, 
  citizenPhone?: String | Null, 
  _?: Any
} {"description": "This can be used a"}

]]></types:shape>
    </types:type>
    <types:type name="auto_3bfdaa6d-890c-47dc-972b-3f9849799be3_Output-Payload" format="json">
      <types:shape format="weave" example="weave/autogenerated/3bfdaa6d-890c-47dc-972b-3f9849799be3/Output-Payload.wev" autogeneratedOrigin="d4d28b91-6505-4a52-83b9-c5e4235e2126"><![CDATA[%dw 2.0

type auto_3bfdaa6d_890c_47dc_972b_3f9849799be3_Output_Payload = {
  citizenAlternatePhone?: String | Null, 
  isRegisteredUser?: Boolean | Null, 
  contactId: String, 
  contactEmail?: String, 
  contactLicenseNumber?: String | Null, 
  licenseStatus?: String, 
  contactFirstName?: String, 
  contactLastName?: String, 
  citizenPhone?: String | Null, 
  _?: Any
} {"description": "This can be used a"}

]]></types:shape>
    </types:type>
    <types:type name="auto_882f5c74-0ff2-4559-98cb-c23d21a7f591_Input-Payload" format="java">
      <types:shape format="weave" example="weave/autogenerated/882f5c74-0ff2-4559-98cb-c23d21a7f591/Input-Payload.wev" autogeneratedOrigin="3e25e05d-181d-4e3e-83ce-921537457281"><![CDATA[%dw 2.0

type auto_882f5c74_0ff2_4559_98cb_c23d21a7f591_Input_Payload = {|  |} {"typeAlias": "Object",
"class": "java.lang.Object",
"typeId": "java.lang.Object"}

]]></types:shape>
    </types:type>
    <types:type name="auto_882f5c74-0ff2-4559-98cb-c23d21a7f591_Output-Payload" format="java">
      <types:shape format="weave" example="weave/autogenerated/882f5c74-0ff2-4559-98cb-c23d21a7f591/Output-Payload.wev" autogeneratedOrigin="3e25e05d-181d-4e3e-83ce-921537457281"><![CDATA[%dw 2.0

type auto_882f5c74_0ff2_4559_98cb_c23d21a7f591_Output_Payload = {|  |} {"typeAlias": "Object",
"class": "java.lang.Object",
"typeId": "java.lang.Object"}

]]></types:shape>
    </types:type>
    <types:type name="auto_882f5c74-0ff2-4559-98cb-c23d21a7f591_Output-Variables-reportId" format="java">
      <types:shape format="raml" autogeneratedOrigin="3e25e05d-181d-4e3e-83ce-921537457281"><![CDATA[#%RAML 1.0 DataType
type: string]]></types:shape>
    </types:type>
    <types:type name="auto_d988ae2c-0833-41e1-a616-19215c563e78_Input-Payload" format="json">
      <types:shape format="weave" example="weave/autogenerated/d988ae2c-0833-41e1-a616-19215c563e78/Input-Payload.wev" autogeneratedOrigin="87aea14f-9fef-477d-8c64-c6ce37cdb73d"><![CDATA[%dw 2.0

type auto_d988ae2c_0833_41e1_a616_19215c563e78_Input_Payload = {|
  reportId: String, 
  contactId: String
|}

]]></types:shape>
    </types:type>
    <types:type name="auto_d988ae2c-0833-41e1-a616-19215c563e78_Input-Attributes" format="java">
      <types:shape format="weave" example="weave/autogenerated/d988ae2c-0833-41e1-a616-19215c563e78/Input-Attributes.wev" autogeneratedOrigin="87aea14f-9fef-477d-8c64-c6ce37cdb73d"><![CDATA[%dw 2.0

type auto_d988ae2c_0833_41e1_a616_19215c563e78_Input_Attributes = {|
  statusCode: Number, 
  reasonPhrase: String, 
  headers: { _?: String }
|} {"typeAlias": "HttpResponseAttributes",
"typeId": "org.mule.extension.http.api.HttpResponseAttributes"}

]]></types:shape>
    </types:type>
    <types:type name="auto_d988ae2c-0833-41e1-a616-19215c563e78_Input-Variables-attachments" format="java">
      <types:shape format="weave" example="weave/autogenerated/d988ae2c-0833-41e1-a616-19215c563e78/Input-Variables-attachments.wev" autogeneratedOrigin="87aea14f-9fef-477d-8c64-c6ce37cdb73d"><![CDATA[%dw 2.0

type auto_d988ae2c_0833_41e1_a616_19215c563e78_Input_Variables_attachments = Any

]]></types:shape>
    </types:type>
    <types:type name="auto_d988ae2c-0833-41e1-a616-19215c563e78_Input-Variables-reportId" format="json">
      <types:shape format="weave" example="weave/autogenerated/d988ae2c-0833-41e1-a616-19215c563e78/Input-Variables-reportId.wev" autogeneratedOrigin="87aea14f-9fef-477d-8c64-c6ce37cdb73d"><![CDATA[%dw 2.0

type auto_d988ae2c_0833_41e1_a616_19215c563e78_Input_Variables_reportId = Null

]]></types:shape>
    </types:type>
    <types:type name="auto_d988ae2c-0833-41e1-a616-19215c563e78_Input-Variables-contactInfo" format="java">
      <types:shape format="weave" example="weave/autogenerated/d988ae2c-0833-41e1-a616-19215c563e78/Input-Variables-contactInfo.wev" autogeneratedOrigin="87aea14f-9fef-477d-8c64-c6ce37cdb73d"><![CDATA[%dw 2.0

type auto_d988ae2c_0833_41e1_a616_19215c563e78_Input_Variables_contactInfo = Any

]]></types:shape>
    </types:type>
    <types:type name="auto_d988ae2c-0833-41e1-a616-19215c563e78_Input-Variables-contactId" format="json">
      <types:shape format="weave" example="weave/autogenerated/d988ae2c-0833-41e1-a616-19215c563e78/Input-Variables-contactId.wev" autogeneratedOrigin="87aea14f-9fef-477d-8c64-c6ce37cdb73d"><![CDATA[%dw 2.0

type auto_d988ae2c_0833_41e1_a616_19215c563e78_Input_Variables_contactId = Null

]]></types:shape>
    </types:type>
    <types:type name="auto_d988ae2c-0833-41e1-a616-19215c563e78_Input-Variables-uriParams" format="json">
      <types:shape format="weave" example="weave/autogenerated/d988ae2c-0833-41e1-a616-19215c563e78/Input-Variables-uriParams.wev" autogeneratedOrigin="87aea14f-9fef-477d-8c64-c6ce37cdb73d"><![CDATA[%dw 2.0

type auto_d988ae2c_0833_41e1_a616_19215c563e78_Input_Variables_uriParams = {| contactId: Null |}

]]></types:shape>
    </types:type>
    <types:type name="auto_d988ae2c-0833-41e1-a616-19215c563e78_Input-Variables-body" format="java">
      <types:shape format="weave" example="weave/autogenerated/d988ae2c-0833-41e1-a616-19215c563e78/Input-Variables-body.wev" autogeneratedOrigin="87aea14f-9fef-477d-8c64-c6ce37cdb73d"><![CDATA[%dw 2.0

type auto_d988ae2c_0833_41e1_a616_19215c563e78_Input_Variables_body = Any

]]></types:shape>
    </types:type>
    <types:type name="auto_d988ae2c-0833-41e1-a616-19215c563e78_Input-Variables-isNotUpdated" format="json">
      <types:shape format="weave" example="weave/autogenerated/d988ae2c-0833-41e1-a616-19215c563e78/Input-Variables-isNotUpdated.wev" autogeneratedOrigin="87aea14f-9fef-477d-8c64-c6ce37cdb73d"><![CDATA[%dw 2.0

type auto_d988ae2c_0833_41e1_a616_19215c563e78_Input_Variables_isNotUpdated = Boolean

]]></types:shape>
    </types:type>
    <types:type name="auto_d988ae2c-0833-41e1-a616-19215c563e78_Output-Payload" format="java">
      <types:shape format="weave" example="weave/autogenerated/d988ae2c-0833-41e1-a616-19215c563e78/Output-Payload.wev" autogeneratedOrigin="87aea14f-9fef-477d-8c64-c6ce37cdb73d"><![CDATA[%dw 2.0

type auto_d988ae2c_0833_41e1_a616_19215c563e78_Output_Payload = Array<ContentVersion>
type ContentVersion = {|
  ContentDocumentId?: String, 
  FileExtension?: String {"typeId": "FileExtension"}, 
  Id?: String {"typeId": "Id"}, 
  VersionData?: String {"typeId": "VersionData"}
|} {"label": "Content Version",
"typeId": "ContentVersion"}



]]></types:shape>
    </types:type>
    <types:type name="auto_d988ae2c-0833-41e1-a616-19215c563e78_Output-Attributes" format="java">
      <types:shape format="weave" example="weave/autogenerated/d988ae2c-0833-41e1-a616-19215c563e78/Output-Attributes.wev" autogeneratedOrigin="87aea14f-9fef-477d-8c64-c6ce37cdb73d"><![CDATA[%dw 2.0

type auto_d988ae2c_0833_41e1_a616_19215c563e78_Output_Attributes = Null

]]></types:shape>
    </types:type>
    <types:type name="auto_d988ae2c-0833-41e1-a616-19215c563e78_Output-Variables-attachments" format="java">
      <types:shape format="weave" example="weave/autogenerated/d988ae2c-0833-41e1-a616-19215c563e78/Output-Variables-attachments.wev" autogeneratedOrigin="87aea14f-9fef-477d-8c64-c6ce37cdb73d"><![CDATA[%dw 2.0

type auto_d988ae2c_0833_41e1_a616_19215c563e78_Output_Variables_attachments = Any

]]></types:shape>
    </types:type>
    <types:type name="auto_d988ae2c-0833-41e1-a616-19215c563e78_Output-Variables-reportId" format="json">
      <types:shape format="weave" example="weave/autogenerated/d988ae2c-0833-41e1-a616-19215c563e78/Output-Variables-reportId.wev" autogeneratedOrigin="87aea14f-9fef-477d-8c64-c6ce37cdb73d"><![CDATA[%dw 2.0

type auto_d988ae2c_0833_41e1_a616_19215c563e78_Output_Variables_reportId = Null

]]></types:shape>
    </types:type>
    <types:type name="auto_d988ae2c-0833-41e1-a616-19215c563e78_Output-Variables-contactInfo" format="java">
      <types:shape format="weave" example="weave/autogenerated/d988ae2c-0833-41e1-a616-19215c563e78/Output-Variables-contactInfo.wev" autogeneratedOrigin="87aea14f-9fef-477d-8c64-c6ce37cdb73d"><![CDATA[%dw 2.0

type auto_d988ae2c_0833_41e1_a616_19215c563e78_Output_Variables_contactInfo = Any

]]></types:shape>
    </types:type>
    <types:type name="auto_d988ae2c-0833-41e1-a616-19215c563e78_Output-Variables-contactId" format="json">
      <types:shape format="weave" example="weave/autogenerated/d988ae2c-0833-41e1-a616-19215c563e78/Output-Variables-contactId.wev" autogeneratedOrigin="87aea14f-9fef-477d-8c64-c6ce37cdb73d"><![CDATA[%dw 2.0

type auto_d988ae2c_0833_41e1_a616_19215c563e78_Output_Variables_contactId = Null

]]></types:shape>
    </types:type>
    <types:type name="auto_d988ae2c-0833-41e1-a616-19215c563e78_Output-Variables-uriParams" format="json">
      <types:shape format="weave" example="weave/autogenerated/d988ae2c-0833-41e1-a616-19215c563e78/Output-Variables-uriParams.wev" autogeneratedOrigin="87aea14f-9fef-477d-8c64-c6ce37cdb73d"><![CDATA[%dw 2.0

type auto_d988ae2c_0833_41e1_a616_19215c563e78_Output_Variables_uriParams = {| contactId: Null |}

]]></types:shape>
    </types:type>
    <types:type name="auto_d988ae2c-0833-41e1-a616-19215c563e78_Output-Variables-body" format="java">
      <types:shape format="weave" example="weave/autogenerated/d988ae2c-0833-41e1-a616-19215c563e78/Output-Variables-body.wev" autogeneratedOrigin="87aea14f-9fef-477d-8c64-c6ce37cdb73d"><![CDATA[%dw 2.0

type auto_d988ae2c_0833_41e1_a616_19215c563e78_Output_Variables_body = Any

]]></types:shape>
    </types:type>
    <types:type name="auto_d988ae2c-0833-41e1-a616-19215c563e78_Output-Variables-isNotUpdated" format="json">
      <types:shape format="weave" example="weave/autogenerated/d988ae2c-0833-41e1-a616-19215c563e78/Output-Variables-isNotUpdated.wev" autogeneratedOrigin="87aea14f-9fef-477d-8c64-c6ce37cdb73d"><![CDATA[%dw 2.0

type auto_d988ae2c_0833_41e1_a616_19215c563e78_Output_Variables_isNotUpdated = Boolean

]]></types:shape>
    </types:type>
    <types:type name="auto_12e4f6f9-988b-483c-a030-c869517e0e34_Input-Payload" format="java">
      <types:shape format="weave" example="weave/autogenerated/12e4f6f9-988b-483c-a030-c869517e0e34/Input-Payload.wev" autogeneratedOrigin="3aa864a0-cc00-469a-a791-067eae2fdc7b"><![CDATA[%dw 2.0

type auto_12e4f6f9_988b_483c_a030_c869517e0e34_Input_Payload = Array<ContentVersion>
type ContentVersion = {|
  ContentDocumentId?: String, 
  FileExtension?: String {"typeId": "FileExtension"}, 
  Id?: String {"typeId": "Id"}, 
  VersionData?: String {"typeId": "VersionData"}
|} {"label": "Content Version",
"typeId": "ContentVersion"}



]]></types:shape>
    </types:type>
    <types:type name="auto_12e4f6f9-988b-483c-a030-c869517e0e34_Input-Attributes" format="java">
      <types:shape format="weave" example="weave/autogenerated/12e4f6f9-988b-483c-a030-c869517e0e34/Input-Attributes.wev" autogeneratedOrigin="3aa864a0-cc00-469a-a791-067eae2fdc7b"><![CDATA[%dw 2.0

type auto_12e4f6f9_988b_483c_a030_c869517e0e34_Input_Attributes = Null

]]></types:shape>
    </types:type>
    <types:type name="auto_12e4f6f9-988b-483c-a030-c869517e0e34_Input-Variables-rootMessage" format="java">
      <types:shape format="weave" example="weave/autogenerated/12e4f6f9-988b-483c-a030-c869517e0e34/Input-Variables-rootMessage.wev" autogeneratedOrigin="3aa864a0-cc00-469a-a791-067eae2fdc7b"><![CDATA[%dw 2.0

type auto_12e4f6f9_988b_483c_a030_c869517e0e34_Input_Variables_rootMessage = {|
  payload: {|
    reportId: String, 
    contactId: String
  |}, 
  attributes: org_mule_extension_http_api_HttpResponseAttributes
|} {"typeId": "org.mule.runtime.api.message.Message"}
type org_mule_extension_http_api_HttpResponseAttributes = {|
  statusCode: Number, 
  reasonPhrase: String, 
  headers: { _?: String }
|} {"typeAlias": "HttpResponseAttributes",
"typeId": "org.mule.extension.http.api.HttpResponseAttributes"}



]]></types:shape>
    </types:type>
    <types:type name="auto_12e4f6f9-988b-483c-a030-c869517e0e34_Input-Variables-attachments" format="java">
      <types:shape format="weave" example="weave/autogenerated/12e4f6f9-988b-483c-a030-c869517e0e34/Input-Variables-attachments.wev" autogeneratedOrigin="3aa864a0-cc00-469a-a791-067eae2fdc7b"><![CDATA[%dw 2.0

type auto_12e4f6f9_988b_483c_a030_c869517e0e34_Input_Variables_attachments = Any

]]></types:shape>
    </types:type>
    <types:type name="auto_12e4f6f9-988b-483c-a030-c869517e0e34_Input-Variables-reportId" format="json">
      <types:shape format="weave" example="weave/autogenerated/12e4f6f9-988b-483c-a030-c869517e0e34/Input-Variables-reportId.wev" autogeneratedOrigin="3aa864a0-cc00-469a-a791-067eae2fdc7b"><![CDATA[%dw 2.0

type auto_12e4f6f9_988b_483c_a030_c869517e0e34_Input_Variables_reportId = Null

]]></types:shape>
    </types:type>
    <types:type name="auto_12e4f6f9-988b-483c-a030-c869517e0e34_Input-Variables-contactInfo" format="java">
      <types:shape format="weave" example="weave/autogenerated/12e4f6f9-988b-483c-a030-c869517e0e34/Input-Variables-contactInfo.wev" autogeneratedOrigin="3aa864a0-cc00-469a-a791-067eae2fdc7b"><![CDATA[%dw 2.0

type auto_12e4f6f9_988b_483c_a030_c869517e0e34_Input_Variables_contactInfo = Any

]]></types:shape>
    </types:type>
    <types:type name="auto_12e4f6f9-988b-483c-a030-c869517e0e34_Input-Variables-contactId" format="json">
      <types:shape format="weave" example="weave/autogenerated/12e4f6f9-988b-483c-a030-c869517e0e34/Input-Variables-contactId.wev" autogeneratedOrigin="3aa864a0-cc00-469a-a791-067eae2fdc7b"><![CDATA[%dw 2.0

type auto_12e4f6f9_988b_483c_a030_c869517e0e34_Input_Variables_contactId = Null

]]></types:shape>
    </types:type>
    <types:type name="auto_12e4f6f9-988b-483c-a030-c869517e0e34_Input-Variables-uriParams" format="json">
      <types:shape format="weave" example="weave/autogenerated/12e4f6f9-988b-483c-a030-c869517e0e34/Input-Variables-uriParams.wev" autogeneratedOrigin="3aa864a0-cc00-469a-a791-067eae2fdc7b"><![CDATA[%dw 2.0

type auto_12e4f6f9_988b_483c_a030_c869517e0e34_Input_Variables_uriParams = {| contactId: Null |}

]]></types:shape>
    </types:type>
    <types:type name="auto_12e4f6f9-988b-483c-a030-c869517e0e34_Input-Variables-counter" format="java">
      <types:shape format="raml" autogeneratedOrigin="3aa864a0-cc00-469a-a791-067eae2fdc7b"><![CDATA[#%RAML 1.0 DataType
type: number]]></types:shape>
    </types:type>
    <types:type name="auto_12e4f6f9-988b-483c-a030-c869517e0e34_Input-Variables-body" format="java">
      <types:shape format="weave" example="weave/autogenerated/12e4f6f9-988b-483c-a030-c869517e0e34/Input-Variables-body.wev" autogeneratedOrigin="3aa864a0-cc00-469a-a791-067eae2fdc7b"><![CDATA[%dw 2.0

type auto_12e4f6f9_988b_483c_a030_c869517e0e34_Input_Variables_body = Any

]]></types:shape>
    </types:type>
    <types:type name="auto_12e4f6f9-988b-483c-a030-c869517e0e34_Input-Variables-isNotUpdated" format="json">
      <types:shape format="weave" example="weave/autogenerated/12e4f6f9-988b-483c-a030-c869517e0e34/Input-Variables-isNotUpdated.wev" autogeneratedOrigin="3aa864a0-cc00-469a-a791-067eae2fdc7b"><![CDATA[%dw 2.0

type auto_12e4f6f9_988b_483c_a030_c869517e0e34_Input_Variables_isNotUpdated = Boolean

]]></types:shape>
    </types:type>
    <types:type name="auto_12e4f6f9-988b-483c-a030-c869517e0e34_Output-Attributes" format="java">
      <types:shape format="weave" example="weave/autogenerated/12e4f6f9-988b-483c-a030-c869517e0e34/Output-Attributes.wev" autogeneratedOrigin="3aa864a0-cc00-469a-a791-067eae2fdc7b"><![CDATA[%dw 2.0

type auto_12e4f6f9_988b_483c_a030_c869517e0e34_Output_Attributes = Null

]]></types:shape>
    </types:type>
    <types:type name="auto_12e4f6f9-988b-483c-a030-c869517e0e34_Output-Variables-rootMessage" format="java">
      <types:shape format="weave" example="weave/autogenerated/12e4f6f9-988b-483c-a030-c869517e0e34/Output-Variables-rootMessage.wev" autogeneratedOrigin="3aa864a0-cc00-469a-a791-067eae2fdc7b"><![CDATA[%dw 2.0

type auto_12e4f6f9_988b_483c_a030_c869517e0e34_Output_Variables_rootMessage = {|
  payload: {|
    reportId: String, 
    contactId: String
  |}, 
  attributes: org_mule_extension_http_api_HttpResponseAttributes
|} {"typeId": "org.mule.runtime.api.message.Message"}
type org_mule_extension_http_api_HttpResponseAttributes = {|
  statusCode: Number, 
  reasonPhrase: String, 
  headers: { _?: String }
|} {"typeAlias": "HttpResponseAttributes",
"typeId": "org.mule.extension.http.api.HttpResponseAttributes"}



]]></types:shape>
    </types:type>
    <types:type name="auto_12e4f6f9-988b-483c-a030-c869517e0e34_Output-Variables-attachments" format="java">
      <types:shape format="weave" example="weave/autogenerated/12e4f6f9-988b-483c-a030-c869517e0e34/Output-Variables-attachments.wev" autogeneratedOrigin="3aa864a0-cc00-469a-a791-067eae2fdc7b"><![CDATA[%dw 2.0

type auto_12e4f6f9_988b_483c_a030_c869517e0e34_Output_Variables_attachments = Any

]]></types:shape>
    </types:type>
    <types:type name="auto_12e4f6f9-988b-483c-a030-c869517e0e34_Output-Variables-reportId" format="json">
      <types:shape format="weave" example="weave/autogenerated/12e4f6f9-988b-483c-a030-c869517e0e34/Output-Variables-reportId.wev" autogeneratedOrigin="3aa864a0-cc00-469a-a791-067eae2fdc7b"><![CDATA[%dw 2.0

type auto_12e4f6f9_988b_483c_a030_c869517e0e34_Output_Variables_reportId = Null

]]></types:shape>
    </types:type>
    <types:type name="auto_12e4f6f9-988b-483c-a030-c869517e0e34_Output-Variables-contactInfo" format="java">
      <types:shape format="weave" example="weave/autogenerated/12e4f6f9-988b-483c-a030-c869517e0e34/Output-Variables-contactInfo.wev" autogeneratedOrigin="3aa864a0-cc00-469a-a791-067eae2fdc7b"><![CDATA[%dw 2.0

type auto_12e4f6f9_988b_483c_a030_c869517e0e34_Output_Variables_contactInfo = Any

]]></types:shape>
    </types:type>
    <types:type name="auto_12e4f6f9-988b-483c-a030-c869517e0e34_Output-Variables-contactId" format="json">
      <types:shape format="weave" example="weave/autogenerated/12e4f6f9-988b-483c-a030-c869517e0e34/Output-Variables-contactId.wev" autogeneratedOrigin="3aa864a0-cc00-469a-a791-067eae2fdc7b"><![CDATA[%dw 2.0

type auto_12e4f6f9_988b_483c_a030_c869517e0e34_Output_Variables_contactId = Null

]]></types:shape>
    </types:type>
    <types:type name="auto_12e4f6f9-988b-483c-a030-c869517e0e34_Output-Variables-uriParams" format="json">
      <types:shape format="weave" example="weave/autogenerated/12e4f6f9-988b-483c-a030-c869517e0e34/Output-Variables-uriParams.wev" autogeneratedOrigin="3aa864a0-cc00-469a-a791-067eae2fdc7b"><![CDATA[%dw 2.0

type auto_12e4f6f9_988b_483c_a030_c869517e0e34_Output_Variables_uriParams = {| contactId: Null |}

]]></types:shape>
    </types:type>
    <types:type name="auto_12e4f6f9-988b-483c-a030-c869517e0e34_Output-Variables-counter" format="java">
      <types:shape format="raml" autogeneratedOrigin="3aa864a0-cc00-469a-a791-067eae2fdc7b"><![CDATA[#%RAML 1.0 DataType
type: number]]></types:shape>
    </types:type>
    <types:type name="auto_12e4f6f9-988b-483c-a030-c869517e0e34_Output-Variables-body" format="java">
      <types:shape format="weave" example="weave/autogenerated/12e4f6f9-988b-483c-a030-c869517e0e34/Output-Variables-body.wev" autogeneratedOrigin="3aa864a0-cc00-469a-a791-067eae2fdc7b"><![CDATA[%dw 2.0

type auto_12e4f6f9_988b_483c_a030_c869517e0e34_Output_Variables_body = Any

]]></types:shape>
    </types:type>
    <types:type name="auto_12e4f6f9-988b-483c-a030-c869517e0e34_Output-Variables-isNotUpdated" format="json">
      <types:shape format="weave" example="weave/autogenerated/12e4f6f9-988b-483c-a030-c869517e0e34/Output-Variables-isNotUpdated.wev" autogeneratedOrigin="3aa864a0-cc00-469a-a791-067eae2fdc7b"><![CDATA[%dw 2.0

type auto_12e4f6f9_988b_483c_a030_c869517e0e34_Output_Variables_isNotUpdated = Boolean

]]></types:shape>
    </types:type>
    <types:type name="auto_10e0e4f4-95c6-42f2-8bd0-c796edbfbc34_Input-Payload" format="json">
      <types:shape format="weave" example="weave/autogenerated/10e0e4f4-95c6-42f2-8bd0-c796edbfbc34/Input-Payload.wev" autogeneratedOrigin="22cd4d6c-e404-4cc2-9ff5-002d57be3789"><![CDATA[%dw 2.0

type auto_10e0e4f4_95c6_42f2_8bd0_c796edbfbc34_Input_Payload = {|
  reportId: String, 
  contactId: String
|}

]]></types:shape>
    </types:type>
    <types:type name="auto_10e0e4f4-95c6-42f2-8bd0-c796edbfbc34_Input-Attributes" format="java">
      <types:shape format="weave" example="weave/autogenerated/10e0e4f4-95c6-42f2-8bd0-c796edbfbc34/Input-Attributes.wev" autogeneratedOrigin="22cd4d6c-e404-4cc2-9ff5-002d57be3789"><![CDATA[%dw 2.0

type auto_10e0e4f4_95c6_42f2_8bd0_c796edbfbc34_Input_Attributes = {|
  statusCode: Number, 
  reasonPhrase: String, 
  headers: { _?: String }
|} {"typeAlias": "HttpResponseAttributes",
"typeId": "org.mule.extension.http.api.HttpResponseAttributes"}

]]></types:shape>
    </types:type>
    <types:type name="auto_10e0e4f4-95c6-42f2-8bd0-c796edbfbc34_Input-Variables-attachments" format="java">
      <types:shape format="weave" example="weave/autogenerated/10e0e4f4-95c6-42f2-8bd0-c796edbfbc34/Input-Variables-attachments.wev" autogeneratedOrigin="22cd4d6c-e404-4cc2-9ff5-002d57be3789"><![CDATA[%dw 2.0

type auto_10e0e4f4_95c6_42f2_8bd0_c796edbfbc34_Input_Variables_attachments = Any

]]></types:shape>
    </types:type>
    <types:type name="auto_10e0e4f4-95c6-42f2-8bd0-c796edbfbc34_Input-Variables-reportId" format="json">
      <types:shape format="weave" example="weave/autogenerated/10e0e4f4-95c6-42f2-8bd0-c796edbfbc34/Input-Variables-reportId.wev" autogeneratedOrigin="22cd4d6c-e404-4cc2-9ff5-002d57be3789"><![CDATA[%dw 2.0

type auto_10e0e4f4_95c6_42f2_8bd0_c796edbfbc34_Input_Variables_reportId = Null

]]></types:shape>
    </types:type>
    <types:type name="auto_10e0e4f4-95c6-42f2-8bd0-c796edbfbc34_Input-Variables-contactInfo" format="java">
      <types:shape format="weave" example="weave/autogenerated/10e0e4f4-95c6-42f2-8bd0-c796edbfbc34/Input-Variables-contactInfo.wev" autogeneratedOrigin="22cd4d6c-e404-4cc2-9ff5-002d57be3789"><![CDATA[%dw 2.0

type auto_10e0e4f4_95c6_42f2_8bd0_c796edbfbc34_Input_Variables_contactInfo = Any

]]></types:shape>
    </types:type>
    <types:type name="auto_10e0e4f4-95c6-42f2-8bd0-c796edbfbc34_Input-Variables-contactId" format="json">
      <types:shape format="weave" example="weave/autogenerated/10e0e4f4-95c6-42f2-8bd0-c796edbfbc34/Input-Variables-contactId.wev" autogeneratedOrigin="22cd4d6c-e404-4cc2-9ff5-002d57be3789"><![CDATA[%dw 2.0

type auto_10e0e4f4_95c6_42f2_8bd0_c796edbfbc34_Input_Variables_contactId = Null

]]></types:shape>
    </types:type>
    <types:type name="auto_10e0e4f4-95c6-42f2-8bd0-c796edbfbc34_Input-Variables-uriParams" format="json">
      <types:shape format="weave" example="weave/autogenerated/10e0e4f4-95c6-42f2-8bd0-c796edbfbc34/Input-Variables-uriParams.wev" autogeneratedOrigin="22cd4d6c-e404-4cc2-9ff5-002d57be3789"><![CDATA[%dw 2.0

type auto_10e0e4f4_95c6_42f2_8bd0_c796edbfbc34_Input_Variables_uriParams = {| contactId: Null |}

]]></types:shape>
    </types:type>
    <types:type name="auto_10e0e4f4-95c6-42f2-8bd0-c796edbfbc34_Input-Variables-body" format="java">
      <types:shape format="weave" example="weave/autogenerated/10e0e4f4-95c6-42f2-8bd0-c796edbfbc34/Input-Variables-body.wev" autogeneratedOrigin="22cd4d6c-e404-4cc2-9ff5-002d57be3789"><![CDATA[%dw 2.0

type auto_10e0e4f4_95c6_42f2_8bd0_c796edbfbc34_Input_Variables_body = Any

]]></types:shape>
    </types:type>
    <types:type name="auto_10e0e4f4-95c6-42f2-8bd0-c796edbfbc34_Input-Variables-isNotUpdated" format="json">
      <types:shape format="weave" example="weave/autogenerated/10e0e4f4-95c6-42f2-8bd0-c796edbfbc34/Input-Variables-isNotUpdated.wev" autogeneratedOrigin="22cd4d6c-e404-4cc2-9ff5-002d57be3789"><![CDATA[%dw 2.0

type auto_10e0e4f4_95c6_42f2_8bd0_c796edbfbc34_Input_Variables_isNotUpdated = Boolean

]]></types:shape>
    </types:type>
    <types:type name="auto_10e0e4f4-95c6-42f2-8bd0-c796edbfbc34_Output-Payload" format="json">
      <types:shape format="weave" example="weave/autogenerated/10e0e4f4-95c6-42f2-8bd0-c796edbfbc34/Output-Payload.wev" autogeneratedOrigin="22cd4d6c-e404-4cc2-9ff5-002d57be3789"><![CDATA[%dw 2.0

type auto_10e0e4f4_95c6_42f2_8bd0_c796edbfbc34_Output_Payload = {|
  reportId: String, 
  contactId: String
|}

]]></types:shape>
    </types:type>
    <types:type name="auto_10e0e4f4-95c6-42f2-8bd0-c796edbfbc34_Output-Attributes" format="java">
      <types:shape format="weave" example="weave/autogenerated/10e0e4f4-95c6-42f2-8bd0-c796edbfbc34/Output-Attributes.wev" autogeneratedOrigin="22cd4d6c-e404-4cc2-9ff5-002d57be3789"><![CDATA[%dw 2.0

type auto_10e0e4f4_95c6_42f2_8bd0_c796edbfbc34_Output_Attributes = {|
  statusCode: Number, 
  reasonPhrase: String, 
  headers: { _?: String }
|} {"typeAlias": "HttpResponseAttributes",
"typeId": "org.mule.extension.http.api.HttpResponseAttributes"}

]]></types:shape>
    </types:type>
    <types:type name="auto_10e0e4f4-95c6-42f2-8bd0-c796edbfbc34_Output-Variables-attachments" format="java">
      <types:shape format="weave" example="weave/autogenerated/10e0e4f4-95c6-42f2-8bd0-c796edbfbc34/Output-Variables-attachments.wev" autogeneratedOrigin="22cd4d6c-e404-4cc2-9ff5-002d57be3789"><![CDATA[%dw 2.0

type auto_10e0e4f4_95c6_42f2_8bd0_c796edbfbc34_Output_Variables_attachments = Any

]]></types:shape>
    </types:type>
    <types:type name="auto_10e0e4f4-95c6-42f2-8bd0-c796edbfbc34_Output-Variables-reportId" format="json">
      <types:shape format="weave" example="weave/autogenerated/10e0e4f4-95c6-42f2-8bd0-c796edbfbc34/Output-Variables-reportId.wev" autogeneratedOrigin="22cd4d6c-e404-4cc2-9ff5-002d57be3789"><![CDATA[%dw 2.0

type auto_10e0e4f4_95c6_42f2_8bd0_c796edbfbc34_Output_Variables_reportId = Null

]]></types:shape>
    </types:type>
    <types:type name="auto_10e0e4f4-95c6-42f2-8bd0-c796edbfbc34_Output-Variables-contactInfo" format="java">
      <types:shape format="weave" example="weave/autogenerated/10e0e4f4-95c6-42f2-8bd0-c796edbfbc34/Output-Variables-contactInfo.wev" autogeneratedOrigin="22cd4d6c-e404-4cc2-9ff5-002d57be3789"><![CDATA[%dw 2.0

type auto_10e0e4f4_95c6_42f2_8bd0_c796edbfbc34_Output_Variables_contactInfo = Any

]]></types:shape>
    </types:type>
    <types:type name="auto_10e0e4f4-95c6-42f2-8bd0-c796edbfbc34_Output-Variables-contactId" format="json">
      <types:shape format="weave" example="weave/autogenerated/10e0e4f4-95c6-42f2-8bd0-c796edbfbc34/Output-Variables-contactId.wev" autogeneratedOrigin="22cd4d6c-e404-4cc2-9ff5-002d57be3789"><![CDATA[%dw 2.0

type auto_10e0e4f4_95c6_42f2_8bd0_c796edbfbc34_Output_Variables_contactId = Null

]]></types:shape>
    </types:type>
    <types:type name="auto_10e0e4f4-95c6-42f2-8bd0-c796edbfbc34_Output-Variables-uriParams" format="json">
      <types:shape format="weave" example="weave/autogenerated/10e0e4f4-95c6-42f2-8bd0-c796edbfbc34/Output-Variables-uriParams.wev" autogeneratedOrigin="22cd4d6c-e404-4cc2-9ff5-002d57be3789"><![CDATA[%dw 2.0

type auto_10e0e4f4_95c6_42f2_8bd0_c796edbfbc34_Output_Variables_uriParams = {| contactId: Null |}

]]></types:shape>
    </types:type>
    <types:type name="auto_10e0e4f4-95c6-42f2-8bd0-c796edbfbc34_Output-Variables-body" format="java">
      <types:shape format="weave" example="weave/autogenerated/10e0e4f4-95c6-42f2-8bd0-c796edbfbc34/Output-Variables-body.wev" autogeneratedOrigin="22cd4d6c-e404-4cc2-9ff5-002d57be3789"><![CDATA[%dw 2.0

type auto_10e0e4f4_95c6_42f2_8bd0_c796edbfbc34_Output_Variables_body = Any

]]></types:shape>
    </types:type>
    <types:type name="auto_10e0e4f4-95c6-42f2-8bd0-c796edbfbc34_Output-Variables-isNotUpdated" format="json">
      <types:shape format="weave" example="weave/autogenerated/10e0e4f4-95c6-42f2-8bd0-c796edbfbc34/Output-Variables-isNotUpdated.wev" autogeneratedOrigin="22cd4d6c-e404-4cc2-9ff5-002d57be3789"><![CDATA[%dw 2.0

type auto_10e0e4f4_95c6_42f2_8bd0_c796edbfbc34_Output_Variables_isNotUpdated = Boolean

]]></types:shape>
    </types:type>
  </types:catalog>
  <types:enrichment select="#9a5ea805-fc50-4818-8504-1d2d25b524cb">
    <types:processor-declaration>
      <types:input-event>
        <types:variables>
          <types:variable name="contactId" type="auto_9a5ea805-fc50-4818-8504-1d2d25b524cb_Input-Variables-contactId"/>
        </types:variables>
      </types:input-event>
      <types:output-event>
        <types:message>
          <types:payload type="auto_9a5ea805-fc50-4818-8504-1d2d25b524cb_Output-Payload"/>
        </types:message>
        <types:variables>
          <types:variable name="contactId" type="auto_9a5ea805-fc50-4818-8504-1d2d25b524cb_Output-Variables-contactId"/>
        </types:variables>
      </types:output-event>
    </types:processor-declaration>
  </types:enrichment>
  <types:enrichment select="#aae30c59-e5ef-4be5-ab24-03c23be8d38b">
    <types:processor-declaration>
      <types:input-event>
        <types:variables>
          <types:variable name="contactId" type="auto_aae30c59-e5ef-4be5-ab24-03c23be8d38b_Input-Variables-contactId"/>
        </types:variables>
      </types:input-event>
      <types:output-event>
        <types:message>
          <types:payload type="auto_aae30c59-e5ef-4be5-ab24-03c23be8d38b_Output-Payload"/>
        </types:message>
        <types:variables>
          <types:variable name="contactId" type="auto_aae30c59-e5ef-4be5-ab24-03c23be8d38b_Output-Variables-contactId"/>
          <types:variable name="uriParams" type="auto_aae30c59-e5ef-4be5-ab24-03c23be8d38b_Output-Variables-uriParams"/>
        </types:variables>
      </types:output-event>
    </types:processor-declaration>
  </types:enrichment>
  <types:enrichment select="#7fdda8d3-8516-44db-9962-4685db156a7e">
    <types:processor-declaration>
      <types:input-event>
        <types:message>
          <types:payload type="auto_7fdda8d3-8516-44db-9962-4685db156a7e_Input-Payload"/>
        </types:message>
      </types:input-event>
      <types:output-event>
        <types:message>
          <types:payload type="auto_7fdda8d3-8516-44db-9962-4685db156a7e_Output-Payload"/>
        </types:message>
        <types:variables>
          <types:variable name="contactId" type="auto_7fdda8d3-8516-44db-9962-4685db156a7e_Output-Variables-contactId"/>
        </types:variables>
      </types:output-event>
    </types:processor-declaration>
  </types:enrichment>
  <types:enrichment select="#42b59f97-1a3d-481d-9972-dfca3ce27b2d">
    <types:processor-declaration>
      <types:output-event>
        <types:message>
          <types:payload type="auto_42b59f97-1a3d-481d-9972-dfca3ce27b2d_Output-Payload"/>
        </types:message>
      </types:output-event>
    </types:processor-declaration>
  </types:enrichment>
  <types:enrichment select="#80f7c9dd-90a9-4c47-82d6-07d24a4c5448">
    <types:processor-declaration>
      <types:input-event>
        <types:message>
          <types:payload type="auto_80f7c9dd-90a9-4c47-82d6-07d24a4c5448_Input-Payload"/>
        </types:message>
      </types:input-event>
      <types:output-event>
        <types:message>
          <types:payload type="auto_80f7c9dd-90a9-4c47-82d6-07d24a4c5448_Output-Payload"/>
        </types:message>
        <types:variables>
          <types:variable name="contactId" type="auto_80f7c9dd-90a9-4c47-82d6-07d24a4c5448_Output-Variables-contactId"/>
        </types:variables>
      </types:output-event>
    </types:processor-declaration>
  </types:enrichment>
  <types:enrichment select="#786b06fa-4bcb-47d3-9725-6b31dffec8d3">
    <types:processor-declaration>
      <types:output-event>
        <types:message>
          <types:payload type="auto_786b06fa-4bcb-47d3-9725-6b31dffec8d3_Output-Payload"/>
        </types:message>
      </types:output-event>
    </types:processor-declaration>
  </types:enrichment>
  <types:enrichment select="#3bfdaa6d-890c-47dc-972b-3f9849799be3">
    <types:processor-declaration>
      <types:input-event>
        <types:message>
          <types:payload type="auto_3bfdaa6d-890c-47dc-972b-3f9849799be3_Input-Payload"/>
        </types:message>
      </types:input-event>
      <types:output-event>
        <types:message>
          <types:payload type="auto_3bfdaa6d-890c-47dc-972b-3f9849799be3_Output-Payload"/>
        </types:message>
      </types:output-event>
    </types:processor-declaration>
  </types:enrichment>
  <types:enrichment select="#882f5c74-0ff2-4559-98cb-c23d21a7f591">
    <types:processor-declaration>
      <types:input-event>
        <types:message>
          <types:payload type="auto_882f5c74-0ff2-4559-98cb-c23d21a7f591_Input-Payload"/>
        </types:message>
      </types:input-event>
      <types:output-event>
        <types:message>
          <types:payload type="auto_882f5c74-0ff2-4559-98cb-c23d21a7f591_Output-Payload"/>
        </types:message>
        <types:variables>
          <types:variable name="reportId" type="auto_882f5c74-0ff2-4559-98cb-c23d21a7f591_Output-Variables-reportId"/>
        </types:variables>
      </types:output-event>
    </types:processor-declaration>
  </types:enrichment>
  <types:enrichment select="#d988ae2c-0833-41e1-a616-19215c563e78">
    <types:processor-declaration>
      <types:input-event>
        <types:message>
          <types:payload type="auto_d988ae2c-0833-41e1-a616-19215c563e78_Input-Payload"/>
          <types:attributes type="auto_d988ae2c-0833-41e1-a616-19215c563e78_Input-Attributes"/>
        </types:message>
        <types:variables>
          <types:variable name="attachments" type="auto_d988ae2c-0833-41e1-a616-19215c563e78_Input-Variables-attachments"/>
          <types:variable name="reportId" type="auto_d988ae2c-0833-41e1-a616-19215c563e78_Input-Variables-reportId"/>
          <types:variable name="contactInfo" type="auto_d988ae2c-0833-41e1-a616-19215c563e78_Input-Variables-contactInfo"/>
          <types:variable name="contactId" type="auto_d988ae2c-0833-41e1-a616-19215c563e78_Input-Variables-contactId"/>
          <types:variable name="uriParams" type="auto_d988ae2c-0833-41e1-a616-19215c563e78_Input-Variables-uriParams"/>
          <types:variable name="body" type="auto_d988ae2c-0833-41e1-a616-19215c563e78_Input-Variables-body"/>
          <types:variable name="isNotUpdated" type="auto_d988ae2c-0833-41e1-a616-19215c563e78_Input-Variables-isNotUpdated"/>
        </types:variables>
      </types:input-event>
      <types:output-event>
        <types:message>
          <types:payload type="auto_d988ae2c-0833-41e1-a616-19215c563e78_Output-Payload"/>
          <types:attributes type="auto_d988ae2c-0833-41e1-a616-19215c563e78_Output-Attributes"/>
        </types:message>
        <types:variables>
          <types:variable name="attachments" type="auto_d988ae2c-0833-41e1-a616-19215c563e78_Output-Variables-attachments"/>
          <types:variable name="reportId" type="auto_d988ae2c-0833-41e1-a616-19215c563e78_Output-Variables-reportId"/>
          <types:variable name="contactInfo" type="auto_d988ae2c-0833-41e1-a616-19215c563e78_Output-Variables-contactInfo"/>
          <types:variable name="contactId" type="auto_d988ae2c-0833-41e1-a616-19215c563e78_Output-Variables-contactId"/>
          <types:variable name="uriParams" type="auto_d988ae2c-0833-41e1-a616-19215c563e78_Output-Variables-uriParams"/>
          <types:variable name="body" type="auto_d988ae2c-0833-41e1-a616-19215c563e78_Output-Variables-body"/>
          <types:variable name="isNotUpdated" type="auto_d988ae2c-0833-41e1-a616-19215c563e78_Output-Variables-isNotUpdated"/>
        </types:variables>
      </types:output-event>
    </types:processor-declaration>
  </types:enrichment>
  <types:enrichment select="#12e4f6f9-988b-483c-a030-c869517e0e34">
    <types:processor-declaration>
      <types:input-event>
        <types:message>
          <types:payload type="auto_12e4f6f9-988b-483c-a030-c869517e0e34_Input-Payload"/>
          <types:attributes type="auto_12e4f6f9-988b-483c-a030-c869517e0e34_Input-Attributes"/>
        </types:message>
        <types:variables>
          <types:variable name="rootMessage" type="auto_12e4f6f9-988b-483c-a030-c869517e0e34_Input-Variables-rootMessage"/>
          <types:variable name="attachments" type="auto_12e4f6f9-988b-483c-a030-c869517e0e34_Input-Variables-attachments"/>
          <types:variable name="reportId" type="auto_12e4f6f9-988b-483c-a030-c869517e0e34_Input-Variables-reportId"/>
          <types:variable name="contactInfo" type="auto_12e4f6f9-988b-483c-a030-c869517e0e34_Input-Variables-contactInfo"/>
          <types:variable name="contactId" type="auto_12e4f6f9-988b-483c-a030-c869517e0e34_Input-Variables-contactId"/>
          <types:variable name="uriParams" type="auto_12e4f6f9-988b-483c-a030-c869517e0e34_Input-Variables-uriParams"/>
          <types:variable name="counter" type="auto_12e4f6f9-988b-483c-a030-c869517e0e34_Input-Variables-counter"/>
          <types:variable name="body" type="auto_12e4f6f9-988b-483c-a030-c869517e0e34_Input-Variables-body"/>
          <types:variable name="isNotUpdated" type="auto_12e4f6f9-988b-483c-a030-c869517e0e34_Input-Variables-isNotUpdated"/>
        </types:variables>
      </types:input-event>
      <types:output-event>
        <types:message>
          <types:attributes type="auto_12e4f6f9-988b-483c-a030-c869517e0e34_Output-Attributes"/>
        </types:message>
        <types:variables>
          <types:variable name="rootMessage" type="auto_12e4f6f9-988b-483c-a030-c869517e0e34_Output-Variables-rootMessage"/>
          <types:variable name="attachments" type="auto_12e4f6f9-988b-483c-a030-c869517e0e34_Output-Variables-attachments"/>
          <types:variable name="reportId" type="auto_12e4f6f9-988b-483c-a030-c869517e0e34_Output-Variables-reportId"/>
          <types:variable name="contactInfo" type="auto_12e4f6f9-988b-483c-a030-c869517e0e34_Output-Variables-contactInfo"/>
          <types:variable name="contactId" type="auto_12e4f6f9-988b-483c-a030-c869517e0e34_Output-Variables-contactId"/>
          <types:variable name="uriParams" type="auto_12e4f6f9-988b-483c-a030-c869517e0e34_Output-Variables-uriParams"/>
          <types:variable name="counter" type="auto_12e4f6f9-988b-483c-a030-c869517e0e34_Output-Variables-counter"/>
          <types:variable name="body" type="auto_12e4f6f9-988b-483c-a030-c869517e0e34_Output-Variables-body"/>
          <types:variable name="isNotUpdated" type="auto_12e4f6f9-988b-483c-a030-c869517e0e34_Output-Variables-isNotUpdated"/>
        </types:variables>
      </types:output-event>
    </types:processor-declaration>
  </types:enrichment>
  <types:enrichment select="#10e0e4f4-95c6-42f2-8bd0-c796edbfbc34">
    <types:processor-declaration>
      <types:input-event>
        <types:message>
          <types:payload type="auto_10e0e4f4-95c6-42f2-8bd0-c796edbfbc34_Input-Payload"/>
          <types:attributes type="auto_10e0e4f4-95c6-42f2-8bd0-c796edbfbc34_Input-Attributes"/>
        </types:message>
        <types:variables>
          <types:variable name="attachments" type="auto_10e0e4f4-95c6-42f2-8bd0-c796edbfbc34_Input-Variables-attachments"/>
          <types:variable name="reportId" type="auto_10e0e4f4-95c6-42f2-8bd0-c796edbfbc34_Input-Variables-reportId"/>
          <types:variable name="contactInfo" type="auto_10e0e4f4-95c6-42f2-8bd0-c796edbfbc34_Input-Variables-contactInfo"/>
          <types:variable name="contactId" type="auto_10e0e4f4-95c6-42f2-8bd0-c796edbfbc34_Input-Variables-contactId"/>
          <types:variable name="uriParams" type="auto_10e0e4f4-95c6-42f2-8bd0-c796edbfbc34_Input-Variables-uriParams"/>
          <types:variable name="body" type="auto_10e0e4f4-95c6-42f2-8bd0-c796edbfbc34_Input-Variables-body"/>
          <types:variable name="isNotUpdated" type="auto_10e0e4f4-95c6-42f2-8bd0-c796edbfbc34_Input-Variables-isNotUpdated"/>
        </types:variables>
      </types:input-event>
      <types:output-event>
        <types:message>
          <types:payload type="auto_10e0e4f4-95c6-42f2-8bd0-c796edbfbc34_Output-Payload"/>
          <types:attributes type="auto_10e0e4f4-95c6-42f2-8bd0-c796edbfbc34_Output-Attributes"/>
        </types:message>
        <types:variables>
          <types:variable name="attachments" type="auto_10e0e4f4-95c6-42f2-8bd0-c796edbfbc34_Output-Variables-attachments"/>
          <types:variable name="reportId" type="auto_10e0e4f4-95c6-42f2-8bd0-c796edbfbc34_Output-Variables-reportId"/>
          <types:variable name="contactInfo" type="auto_10e0e4f4-95c6-42f2-8bd0-c796edbfbc34_Output-Variables-contactInfo"/>
          <types:variable name="contactId" type="auto_10e0e4f4-95c6-42f2-8bd0-c796edbfbc34_Output-Variables-contactId"/>
          <types:variable name="uriParams" type="auto_10e0e4f4-95c6-42f2-8bd0-c796edbfbc34_Output-Variables-uriParams"/>
          <types:variable name="body" type="auto_10e0e4f4-95c6-42f2-8bd0-c796edbfbc34_Output-Variables-body"/>
          <types:variable name="isNotUpdated" type="auto_10e0e4f4-95c6-42f2-8bd0-c796edbfbc34_Output-Variables-isNotUpdated"/>
        </types:variables>
      </types:output-event>
    </types:processor-declaration>
  </types:enrichment>
</types:mule>