<?xml version='1.0' encoding='UTF-8'?>
<types:mule xmlns:types="http://www.mulesoft.org/schema/mule/types">
  <types:catalog>
    <types:type name="bookJSON" format="json">
      <types:shape format="weave" example="examples/book.json"><![CDATA[%dw 2.0

type bookJSON = {|
  item: {|
    "type": String, 
    price: Number {"typeId": "int"}, 
    properties: {|
      title: String, 
      author: Array<String>, 
      year: Number {"typeId": "int"}, 
      lungage: String
    |}
  |}
|} {"example": "{\\\"item\\\":{\\\"type\\\":\\\"book\\\",\\\"price\\\":30,\\\"properties\\\":{\\\"title\\\":\\\"Everyday Italian\\\",\\\"author\\\":[\\\"Giada De Laurentiis\\\"],\\\"year\\\":2005,\\\"lungage\\\":\\\"en\\\"}}}"}

]]></types:shape>
    </types:type>
    <types:type name="bookXML" format="xml">
      <types:example format="xml" element="book" location="examples/book.xml"/>
    </types:type>
    <types:type name="auto_eb7c453f-fc5d-4b26-81d4-bd7c10237509_Input-Payload" format="java">
      <types:shape format="weave" example="weave/autogenerated/eb7c453f-fc5d-4b26-81d4-bd7c10237509/Input-Payload.wev" autogeneratedOrigin="22660c60-2ef0-445e-823f-998b097b8efa"><![CDATA[%dw 2.0

type auto_eb7c453f_fc5d_4b26_81d4_bd7c10237509_Input_Payload = Any

]]></types:shape>
    </types:type>
    <types:type name="auto_eb7c453f-fc5d-4b26-81d4-bd7c10237509_Input-Attributes" format="java">
      <types:shape format="weave" example="weave/autogenerated/eb7c453f-fc5d-4b26-81d4-bd7c10237509/Input-Attributes.wev" autogeneratedOrigin="22660c60-2ef0-445e-823f-998b097b8efa"><![CDATA[%dw 2.0

type auto_eb7c453f_fc5d_4b26_81d4_bd7c10237509_Input_Attributes = {|
  listenerPath: String, 
  rawRequestPath: String, 
  relativePath: String, 
  maskedRequestPath: String, 
  version: String, 
  scheme: String, 
  method: String, 
  requestUri: String, 
  rawRequestUri: String, 
  queryString: String, 
  localAddress: String, 
  remoteAddress: String, 
  clientCertificate?: java_security_cert_Certificate, 
  queryParams: { _?: String }, 
  uriParams: { _?: String }, 
  requestPath: String, 
  headers: { _?: String }
|} {"typeAlias": "HttpRequestAttributes",
"typeId": "org.mule.extension.http.api.HttpRequestAttributes"}
type java_security_cert_Certificate = {|
  encoded?: Binary, 
  publicKey?: java_security_PublicKey, 
  "type"?: String
|} {"typeAlias": "Certificate",
"typeId": "java.security.cert.Certificate"}
type java_security_PublicKey = {|  |} {"typeAlias": "PublicKey",
"typeId": "java.security.PublicKey"}





]]></types:shape>
    </types:type>
    <types:type name="auto_eb7c453f-fc5d-4b26-81d4-bd7c10237509_Output-Payload" format="java">
      <types:shape format="weave" example="weave/autogenerated/eb7c453f-fc5d-4b26-81d4-bd7c10237509/Output-Payload.wev" autogeneratedOrigin="22660c60-2ef0-445e-823f-998b097b8efa"><![CDATA[%dw 2.0

type auto_eb7c453f_fc5d_4b26_81d4_bd7c10237509_Output_Payload = Any

]]></types:shape>
    </types:type>
    <types:type name="auto_eb7c453f-fc5d-4b26-81d4-bd7c10237509_Output-Attributes" format="java">
      <types:shape format="weave" example="weave/autogenerated/eb7c453f-fc5d-4b26-81d4-bd7c10237509/Output-Attributes.wev" autogeneratedOrigin="22660c60-2ef0-445e-823f-998b097b8efa"><![CDATA[%dw 2.0

type auto_eb7c453f_fc5d_4b26_81d4_bd7c10237509_Output_Attributes = {|
  listenerPath: String, 
  rawRequestPath: String, 
  relativePath: String, 
  maskedRequestPath: String, 
  version: String, 
  scheme: String, 
  method: String, 
  requestUri: String, 
  rawRequestUri: String, 
  queryString: String, 
  localAddress: String, 
  remoteAddress: String, 
  clientCertificate?: java_security_cert_Certificate, 
  queryParams: { _?: String }, 
  uriParams: { _?: String }, 
  requestPath: String, 
  headers: { _?: String }
|} {"typeAlias": "HttpRequestAttributes",
"typeId": "org.mule.extension.http.api.HttpRequestAttributes"}
type java_security_cert_Certificate = {|
  encoded?: Binary, 
  publicKey?: java_security_PublicKey, 
  "type"?: String
|} {"typeAlias": "Certificate",
"typeId": "java.security.cert.Certificate"}
type java_security_PublicKey = {|  |} {"typeAlias": "PublicKey",
"typeId": "java.security.PublicKey"}





]]></types:shape>
    </types:type>
  </types:catalog>
  <types:enrichment select="#25335ea6-fde7-4d09-8842-2f3880f9d708">
    <types:processor-declaration>
      <types:input-event>
        <types:message>
          <types:payload type="bookJSON"/>
        </types:message>
      </types:input-event>
      <types:output-event>
        <types:message>
          <types:payload type="bookXML"/>
        </types:message>
      </types:output-event>
    </types:processor-declaration>
  </types:enrichment>
  <types:enrichment select="#eb7c453f-fc5d-4b26-81d4-bd7c10237509">
    <types:processor-declaration>
      <types:input-event>
        <types:message>
          <types:payload type="auto_eb7c453f-fc5d-4b26-81d4-bd7c10237509_Input-Payload"/>
          <types:attributes type="auto_eb7c453f-fc5d-4b26-81d4-bd7c10237509_Input-Attributes"/>
        </types:message>
      </types:input-event>
      <types:output-event>
        <types:message>
          <types:payload type="auto_eb7c453f-fc5d-4b26-81d4-bd7c10237509_Output-Payload"/>
          <types:attributes type="auto_eb7c453f-fc5d-4b26-81d4-bd7c10237509_Output-Attributes"/>
        </types:message>
      </types:output-event>
    </types:processor-declaration>
  </types:enrichment>
</types:mule>