<?xml version='1.0' encoding='UTF-8'?>
<types:mule xmlns:types="http://www.mulesoft.org/schema/mule/types">
  <types:catalog>
    <types:type name="auto_43772031-5c67-4628-8876-f71adba4e4c4_Input-Payload" format="java">
      <types:shape format="weave" example="weave/autogenerated/43772031-5c67-4628-8876-f71adba4e4c4/Input-Payload.wev" autogeneratedOrigin="b1092d39-3efe-4457-aa34-e81bcf3d7272"><![CDATA[%dw 2.0

type auto_43772031_5c67_4628_8876_f71adba4e4c4_Input_Payload = Any

]]></types:shape>
    </types:type>
    <types:type name="auto_43772031-5c67-4628-8876-f71adba4e4c4_Input-Attributes" format="java">
      <types:shape format="weave" example="weave/autogenerated/43772031-5c67-4628-8876-f71adba4e4c4/Input-Attributes.wev" autogeneratedOrigin="b1092d39-3efe-4457-aa34-e81bcf3d7272"><![CDATA[%dw 2.0

type auto_43772031_5c67_4628_8876_f71adba4e4c4_Input_Attributes = {|
  clientCertificate?: {|
    publicKey?: {|  |}, 
    "type"?: String, 
    encoded?: Binary
  |}, 
  headers: {|  |}, 
  listenerPath: String, 
  method: String, 
  queryParams: {|  |}, 
  queryString: String, 
  relativePath: String, 
  remoteAddress: String, 
  requestPath: String, 
  requestUri: String, 
  scheme: String, 
  uriParams: {| contactId: String |}, 
  version: String, 
  localAddress: String
|}

]]></types:shape>
    </types:type>
    <types:type name="auto_43772031-5c67-4628-8876-f71adba4e4c4_Input-Variables-outboundHeaders" format="java">
      <types:shape format="weave" example="weave/autogenerated/43772031-5c67-4628-8876-f71adba4e4c4/Input-Variables-outboundHeaders.wev" autogeneratedOrigin="b1092d39-3efe-4457-aa34-e81bcf3d7272"><![CDATA[%dw 2.0

type auto_43772031_5c67_4628_8876_f71adba4e4c4_Input_Variables_outboundHeaders = {|  |}

]]></types:shape>
    </types:type>
    <types:type name="auto_43772031-5c67-4628-8876-f71adba4e4c4_Input-Variables-httpStatus" format="java">
      <types:shape format="raml" autogeneratedOrigin="b1092d39-3efe-4457-aa34-e81bcf3d7272"><![CDATA[#%RAML 1.0 DataType
type: string]]></types:shape>
    </types:type>
    <types:type name="auto_43772031-5c67-4628-8876-f71adba4e4c4_Output-Payload" format="java">
      <types:shape format="weave" example="weave/autogenerated/43772031-5c67-4628-8876-f71adba4e4c4/Output-Payload.wev" autogeneratedOrigin="b1092d39-3efe-4457-aa34-e81bcf3d7272"><![CDATA[%dw 2.0

type auto_43772031_5c67_4628_8876_f71adba4e4c4_Output_Payload = Any

]]></types:shape>
    </types:type>
    <types:type name="auto_43772031-5c67-4628-8876-f71adba4e4c4_Output-Attributes" format="java">
      <types:shape format="weave" example="weave/autogenerated/43772031-5c67-4628-8876-f71adba4e4c4/Output-Attributes.wev" autogeneratedOrigin="b1092d39-3efe-4457-aa34-e81bcf3d7272"><![CDATA[%dw 2.0

type auto_43772031_5c67_4628_8876_f71adba4e4c4_Output_Attributes = {|
  clientCertificate?: {|
    publicKey?: {|  |}, 
    "type"?: String, 
    encoded?: Binary
  |}, 
  headers: {|  |}, 
  listenerPath: String, 
  method: String, 
  queryParams: {|  |}, 
  queryString: String, 
  relativePath: String, 
  remoteAddress: String, 
  requestPath: String, 
  requestUri: String, 
  scheme: String, 
  uriParams: {| contactId: String |}, 
  version: String, 
  localAddress: String
|}

]]></types:shape>
    </types:type>
    <types:type name="auto_43772031-5c67-4628-8876-f71adba4e4c4_Output-Variables-outboundHeaders" format="java">
      <types:shape format="weave" example="weave/autogenerated/43772031-5c67-4628-8876-f71adba4e4c4/Output-Variables-outboundHeaders.wev" autogeneratedOrigin="b1092d39-3efe-4457-aa34-e81bcf3d7272"><![CDATA[%dw 2.0

type auto_43772031_5c67_4628_8876_f71adba4e4c4_Output_Variables_outboundHeaders = {|  |}

]]></types:shape>
    </types:type>
    <types:type name="auto_43772031-5c67-4628-8876-f71adba4e4c4_Output-Variables-httpStatus" format="java">
      <types:shape format="raml" autogeneratedOrigin="b1092d39-3efe-4457-aa34-e81bcf3d7272"><![CDATA[#%RAML 1.0 DataType
type: string]]></types:shape>
    </types:type>
    <types:type name="auto_aa69ccd9-7e0c-4989-9d8a-e8d2ae657179_Input-Payload" format="java">
      <types:shape format="weave" example="weave/autogenerated/aa69ccd9-7e0c-4989-9d8a-e8d2ae657179/Input-Payload.wev" autogeneratedOrigin="56dd7977-744e-456b-a862-0497f9ed3e98"><![CDATA[%dw 2.0

type auto_aa69ccd9_7e0c_4989_9d8a_e8d2ae657179_Input_Payload = Any

]]></types:shape>
    </types:type>
    <types:type name="auto_aa69ccd9-7e0c-4989-9d8a-e8d2ae657179_Input-Attributes" format="java">
      <types:shape format="weave" example="weave/autogenerated/aa69ccd9-7e0c-4989-9d8a-e8d2ae657179/Input-Attributes.wev" autogeneratedOrigin="56dd7977-744e-456b-a862-0497f9ed3e98"><![CDATA[%dw 2.0

type auto_aa69ccd9_7e0c_4989_9d8a_e8d2ae657179_Input_Attributes = {|
  clientCertificate?: {|
    publicKey?: {|  |}, 
    "type"?: String, 
    encoded?: Binary
  |}, 
  headers: {|  |}, 
  listenerPath: String, 
  method: String, 
  queryParams: {|  |}, 
  queryString: String, 
  relativePath: String, 
  remoteAddress: String, 
  requestPath: String, 
  requestUri: String, 
  scheme: String, 
  uriParams: {| contactId: String |}, 
  version: String, 
  localAddress: String
|}

]]></types:shape>
    </types:type>
    <types:type name="auto_aa69ccd9-7e0c-4989-9d8a-e8d2ae657179_Input-Variables-outboundHeaders" format="java">
      <types:shape format="weave" example="weave/autogenerated/aa69ccd9-7e0c-4989-9d8a-e8d2ae657179/Input-Variables-outboundHeaders.wev" autogeneratedOrigin="56dd7977-744e-456b-a862-0497f9ed3e98"><![CDATA[%dw 2.0

type auto_aa69ccd9_7e0c_4989_9d8a_e8d2ae657179_Input_Variables_outboundHeaders = {|  |}

]]></types:shape>
    </types:type>
    <types:type name="auto_aa69ccd9-7e0c-4989-9d8a-e8d2ae657179_Input-Variables-httpStatus" format="java">
      <types:shape format="raml" autogeneratedOrigin="56dd7977-744e-456b-a862-0497f9ed3e98"><![CDATA[#%RAML 1.0 DataType
type: string]]></types:shape>
    </types:type>
    <types:type name="auto_aa69ccd9-7e0c-4989-9d8a-e8d2ae657179_Output-Payload" format="json">
      <types:shape format="weave" example="weave/autogenerated/aa69ccd9-7e0c-4989-9d8a-e8d2ae657179/Output-Payload.wev" autogeneratedOrigin="56dd7977-744e-456b-a862-0497f9ed3e98"><![CDATA[%dw 2.0

type auto_aa69ccd9_7e0c_4989_9d8a_e8d2ae657179_Output_Payload = Any

]]></types:shape>
    </types:type>
    <types:type name="auto_aa69ccd9-7e0c-4989-9d8a-e8d2ae657179_Output-Attributes" format="java">
      <types:shape format="weave" example="weave/autogenerated/aa69ccd9-7e0c-4989-9d8a-e8d2ae657179/Output-Attributes.wev" autogeneratedOrigin="56dd7977-744e-456b-a862-0497f9ed3e98"><![CDATA[%dw 2.0

type auto_aa69ccd9_7e0c_4989_9d8a_e8d2ae657179_Output_Attributes = {|
  clientCertificate?: {|
    publicKey?: {|  |}, 
    "type"?: String, 
    encoded?: Binary
  |}, 
  headers: {|  |}, 
  listenerPath: String, 
  method: String, 
  queryParams: {|  |}, 
  queryString: String, 
  relativePath: String, 
  remoteAddress: String, 
  requestPath: String, 
  requestUri: String, 
  scheme: String, 
  uriParams: {| contactId: String |}, 
  version: String, 
  localAddress: String
|}

]]></types:shape>
    </types:type>
    <types:type name="auto_aa69ccd9-7e0c-4989-9d8a-e8d2ae657179_Output-Variables-outboundHeaders" format="java">
      <types:shape format="weave" example="weave/autogenerated/aa69ccd9-7e0c-4989-9d8a-e8d2ae657179/Output-Variables-outboundHeaders.wev" autogeneratedOrigin="56dd7977-744e-456b-a862-0497f9ed3e98"><![CDATA[%dw 2.0

type auto_aa69ccd9_7e0c_4989_9d8a_e8d2ae657179_Output_Variables_outboundHeaders = {|  |}

]]></types:shape>
    </types:type>
    <types:type name="auto_aa69ccd9-7e0c-4989-9d8a-e8d2ae657179_Output-Variables-httpStatus" format="java">
      <types:shape format="raml" autogeneratedOrigin="56dd7977-744e-456b-a862-0497f9ed3e98"><![CDATA[#%RAML 1.0 DataType
type: string]]></types:shape>
    </types:type>
  </types:catalog>
  <types:enrichment select="#43772031-5c67-4628-8876-f71adba4e4c4">
    <types:processor-declaration>
      <types:input-event>
        <types:message>
          <types:payload type="auto_43772031-5c67-4628-8876-f71adba4e4c4_Input-Payload"/>
          <types:attributes type="auto_43772031-5c67-4628-8876-f71adba4e4c4_Input-Attributes"/>
        </types:message>
        <types:variables>
          <types:variable name="outboundHeaders" type="auto_43772031-5c67-4628-8876-f71adba4e4c4_Input-Variables-outboundHeaders"/>
          <types:variable name="httpStatus" type="auto_43772031-5c67-4628-8876-f71adba4e4c4_Input-Variables-httpStatus"/>
        </types:variables>
      </types:input-event>
      <types:output-event>
        <types:message>
          <types:payload type="auto_43772031-5c67-4628-8876-f71adba4e4c4_Output-Payload"/>
          <types:attributes type="auto_43772031-5c67-4628-8876-f71adba4e4c4_Output-Attributes"/>
        </types:message>
        <types:variables>
          <types:variable name="outboundHeaders" type="auto_43772031-5c67-4628-8876-f71adba4e4c4_Output-Variables-outboundHeaders"/>
          <types:variable name="httpStatus" type="auto_43772031-5c67-4628-8876-f71adba4e4c4_Output-Variables-httpStatus"/>
        </types:variables>
      </types:output-event>
    </types:processor-declaration>
  </types:enrichment>
  <types:enrichment select="#aa69ccd9-7e0c-4989-9d8a-e8d2ae657179">
    <types:processor-declaration>
      <types:input-event>
        <types:message>
          <types:payload type="auto_aa69ccd9-7e0c-4989-9d8a-e8d2ae657179_Input-Payload"/>
          <types:attributes type="auto_aa69ccd9-7e0c-4989-9d8a-e8d2ae657179_Input-Attributes"/>
        </types:message>
        <types:variables>
          <types:variable name="outboundHeaders" type="auto_aa69ccd9-7e0c-4989-9d8a-e8d2ae657179_Input-Variables-outboundHeaders"/>
          <types:variable name="httpStatus" type="auto_aa69ccd9-7e0c-4989-9d8a-e8d2ae657179_Input-Variables-httpStatus"/>
        </types:variables>
      </types:input-event>
      <types:output-event>
        <types:message>
          <types:payload type="auto_aa69ccd9-7e0c-4989-9d8a-e8d2ae657179_Output-Payload"/>
          <types:attributes type="auto_aa69ccd9-7e0c-4989-9d8a-e8d2ae657179_Output-Attributes"/>
        </types:message>
        <types:variables>
          <types:variable name="outboundHeaders" type="auto_aa69ccd9-7e0c-4989-9d8a-e8d2ae657179_Output-Variables-outboundHeaders"/>
          <types:variable name="httpStatus" type="auto_aa69ccd9-7e0c-4989-9d8a-e8d2ae657179_Output-Variables-httpStatus"/>
        </types:variables>
      </types:output-event>
    </types:processor-declaration>
  </types:enrichment>
</types:mule>