{
  "dependencies": [
    {
      "version": "1.0.0",
      "assetId": "common-lib",
      "groupId": "c2afe3b0-c33a-4bd6-8d97-75a38c065fdc",
      "provided": false
    }
  ],
  "version": "1.0.1",
  "descriptorVersion": "1.0.0",
  "classifier": "raml",
  "main": "common-prc-api.raml",
  "assetId": "common-prc-api",
  "groupId": "c2afe3b0-c33a-4bd6-8d97-75a38c065fdc",
  "name": "common-prc-api",
  "organizationId": "c2afe3b0-c33a-4bd6-8d97-75a38c065fdc",
  "apiVersion": "v1",
  "tags": [],
  "originalFormatVersion": "1.0"
}