<?xml version="1.0" encoding="UTF-8"?>

<mule xmlns:http="http://www.mulesoft.org/schema/mule/http" xmlns:os="http://www.mulesoft.org/schema/mule/os"
	xmlns:ee="http://www.mulesoft.org/schema/mule/ee/core"
	xmlns="http://www.mulesoft.org/schema/mule/core" xmlns:doc="http://www.mulesoft.org/schema/mule/documentation" xmlns:xsi="http://www.w3.org/2001/XMLSchema-instance" xsi:schemaLocation="http://www.mulesoft.org/schema/mule/core http://www.mulesoft.org/schema/mule/core/current/mule.xsd
http://www.mulesoft.org/schema/mule/ee/core http://www.mulesoft.org/schema/mule/ee/core/current/mule-ee.xsd
http://www.mulesoft.org/schema/mule/os http://www.mulesoft.org/schema/mule/os/current/mule-os.xsd
http://www.mulesoft.org/schema/mule/http http://www.mulesoft.org/schema/mule/http/current/mule-http.xsd">
	<sub-flow name="retrieve-doc-subflow" doc:id="807a547e-535b-4b4f-a384-a7d82fda9ca3" >
		<logger level="INFO" doc:name="Flow Start" doc:id="298c896f-eb3c-4778-b556-1e728da35851" message='#[%dw 2.0&#10;output application/json&#10;---&#10;"CorrelationId : " ++ vars.correlationId ++ " Flow started to retrieve document: " ++ vars.fileName]' />
		<until-successful maxRetries="${until-successful.maxRetries}" doc:name="Until Successful" doc:id="5fce1643-972c-4baf-9aa4-547a484a784a" millisBetweenRetries="${until-successful.millisBetweenRetries}" >
			<try doc:name="Try" doc:id="c2712537-a62b-4dac-a080-db4128353043" >
				<http:request method="GET" doc:name="HTTP GET Doc to sharepoint-sys-api" doc:id="6f83d3b4-fb60-4b06-940a-d5ab35c7970f" config-ref="sharepoint-sys-api-request" path="${sharepoint.sys.filesPath}" sendCorrelationId="ALWAYS" correlationId="#[vars.correlationId]" >
					<http:headers ><![CDATA[#[vars.settingRequiredHeaders]]]></http:headers>
					<http:query-params ><![CDATA[#[output application/json
---
{
	filePath : vars.folderName ++ "/" ++ vars.fileName
}]]]></http:query-params>
				</http:request>
				<error-handler >
					<on-error-propagate enableNotifications="true" logException="true" doc:name="On Error Propagate" doc:id="5411a1f2-1a58-4f6c-b6d9-ef7f853f662b" type="ANY" >
						<logger level="ERROR" doc:name="Error Message" doc:id="e0675c3d-a282-4ce7-8087-026b69c02b9b" message='#[error.errorType.asString ++ " Error occured while connecting"]' />
					</on-error-propagate>
				</error-handler>
			</try>
		</until-successful>
		<ee:transform doc:name="Response From GET Call" doc:id="652b63dd-3ab0-4663-b3e9-4dea7b52ca31" >
			<ee:message >
				<ee:set-payload ><![CDATA[%dw 2.0
output application/json
---
payload]]></ee:set-payload>
			</ee:message>
		</ee:transform>
		<logger level="INFO" doc:name="Flow End" doc:id="0ee372a7-7007-40b0-bbac-d533345641f1" message='#[%dw 2.0&#10;output application/json&#10;---&#10;"CorrelationId : " ++ vars.correlationId ++ " Flow ended to retrieve document: " ++ vars.fileName]' />
	</sub-flow>
</mule>
