<?xml version="1.0" encoding="UTF-8"?>

<mule
	xmlns:sharepoint="http://www.mulesoft.org/schema/mule/sharepoint"
	xmlns:ee="http://www.mulesoft.org/schema/mule/ee/core"
	xmlns:box="http://www.mulesoft.org/schema/mule/box"
	xmlns:http="http://www.mulesoft.org/schema/mule/http"
	xmlns="http://www.mulesoft.org/schema/mule/core"
	xmlns:doc="http://www.mulesoft.org/schema/mule/documentation"
	xmlns:xsi="http://www.w3.org/2001/XMLSchema-instance"
	xsi:schemaLocation="http://www.mulesoft.org/schema/mule/core http://www.mulesoft.org/schema/mule/core/current/mule.xsd
http://www.mulesoft.org/schema/mule/http http://www.mulesoft.org/schema/mule/http/current/mule-http.xsd
http://www.mulesoft.org/schema/mule/box http://www.mulesoft.org/schema/mule/box/current/mule-box.xsd
http://www.mulesoft.org/schema/mule/ee/core http://www.mulesoft.org/schema/mule/ee/core/current/mule-ee.xsd
http://www.mulesoft.org/schema/mule/sharepoint http://www.mulesoft.org/schema/mule/sharepoint/current/mule-sharepoint.xsd">
	<http:listener-config name="HTTP_Listener_config1"
		doc:name="HTTP Listener config"
		doc:id="90456180-9b63-4669-8512-461c665f2391">
		<http:listener-connection host="0.0.0.0"
			port="8083" />
	</http:listener-config>
	<sub-flow name="copyFileSubFlow"
		doc:id="024fca0e-d6e0-4afa-8a7c-f7d49c7734d9">
		<logger level="INFO" doc:name="Start Log"
			doc:id="3b8d34f9-5c5e-4669-a3a8-b09256d4f5aa"
			message='flow started to copy file from source: #[vars.sourcePath] to destination #[vars.destinationPath]' />
		<try doc:name="Try" doc:id="403869ae-7593-4dac-af68-58367ccf026f">
			<sharepoint:file-copy-to
				doc:name="File copy to"
				doc:id="34a8af0b-e78c-4071-83a4-5db72b94d3d9"
				config-ref="Sharepoint_Sharepoint_online"
				fileServerRelativeUrl="#['${sharepoint.folderPath}' ++ vars.sourcePath]"
				newFileServerRelativeUrl="#['${sharepoint.folderPath}' ++ vars.destinationPath]" />
			<error-handler>
				<on-error-continue enableNotifications="true"
					logException="true" doc:name="On Error Continue"
					doc:id="8cd8739c-a3e3-4795-a31f-64f9c4a81fac"
					type="SHAREPOINT:CONNECTIVITY">
					<until-successful
						maxRetries="${until-successful.maxRetries}"
						doc:name="Until Successful"
						doc:id="d86f0caa-65e5-471d-b070-b188edf34580"
						millisBetweenRetries="${until-successful.millisBetweenRetries}">
						<logger level="INFO" doc:name="Start Log"
							doc:id="0430a1e7-84fd-4e46-8729-04f5f3027aac"
							message='#["until successful started to copy file from source: " ++ vars.sourcePath ++ " to destination " ++ vars.destinationPath]' />
						<sharepoint:file-copy-to doc:name="File copy to" doc:id="e324e306-bf63-4e74-99b9-3f84f64815a6" config-ref="Sharepoint_Sharepoint_online" fileServerRelativeUrl="#['${sharepoint.folderPath}' ++ vars.sourcePath]" newFileServerRelativeUrl="#['${sharepoint.folderPath}' ++ vars.destinationPath]" />
						<logger level="INFO" doc:name="End Log"
							doc:id="749de672-9012-438a-ba4a-7a2053ff8413"
							message='#["until successful ended to copy file from source: " ++ vars.sourcePath ++ " to destination " ++ vars.destinationPath]' />
					</until-successful>
				</on-error-continue>
			</error-handler>
		</try>
		<ee:transform doc:name="Response"
			doc:id="f0b7d9d8-abfd-4db2-b8b4-f100d265443b">
			<ee:message>
				<ee:set-payload><![CDATA[%dw 2.0
output application/json
---
payload]]></ee:set-payload>
			</ee:message>
		</ee:transform>
		<logger level="INFO" doc:name="End Log"
			doc:id="8bec334d-6d1d-4b28-87d9-25bd210c1cf4"
			message='flow ended to copy file from source: #[vars.sourcePath] to destination #[vars.destinationPath]' />
	</sub-flow>
</mule>
