<?xml version="1.0" encoding="UTF-8"?>

<mule xmlns:sharepoint="http://www.mulesoft.org/schema/mule/sharepoint" xmlns:ee="http://www.mulesoft.org/schema/mule/ee/core"
	xmlns:box="http://www.mulesoft.org/schema/mule/box"
	xmlns="http://www.mulesoft.org/schema/mule/core" xmlns:doc="http://www.mulesoft.org/schema/mule/documentation" xmlns:xsi="http://www.w3.org/2001/XMLSchema-instance" xsi:schemaLocation="http://www.mulesoft.org/schema/mule/core http://www.mulesoft.org/schema/mule/core/current/mule.xsd
http://www.mulesoft.org/schema/mule/box http://www.mulesoft.org/schema/mule/box/current/mule-box.xsd
http://www.mulesoft.org/schema/mule/ee/core http://www.mulesoft.org/schema/mule/ee/core/current/mule-ee.xsd
http://www.mulesoft.org/schema/mule/sharepoint http://www.mulesoft.org/schema/mule/sharepoint/current/mule-sharepoint.xsd">
	<sub-flow name="deleteFileSubFlow" doc:id="1ce7f13d-37a3-4e36-ba5f-5ae4103fe543">
		<logger level="INFO" doc:name="Start Log" doc:id="85c0684c-9826-4c0c-8720-7f13dc04648d" message="flow started to delete file by filepath: #[vars.filePath]" />
		<try doc:name="Try" doc:id="2ef581e1-f6a8-4eeb-b4fe-680c471e59da">
			<flow-ref doc:name="deleteFileConnectorSubflow" doc:id="45e9516f-ca99-4394-b9d5-25737838f0df" name="deleteFileConnectorSubflow" />
			<error-handler>
				<on-error-continue enableNotifications="true" logException="true" doc:name="On Error Continue" doc:id="27bb9d46-8ed9-4064-9e41-64d7d3ffdef8" type="SHAREPOINT:CONNECTIVITY">
					<until-successful maxRetries="${until-successful.maxRetries}" doc:name="Until Successful" doc:id="72e7ed9d-fc2a-4a37-a6fe-24c3a16b3547" millisBetweenRetries="${until-successful.millisBetweenRetries}">
						<logger level="INFO" doc:name="Start Log" doc:id="55e5e36d-ee61-4636-8b8d-ac7fb5e855e8" message='#["until successful started to delete file by filepath: " ++ vars.filePath]' />
						<flow-ref doc:name="deleteFileConnectorSubflow" doc:id="a15b602a-9474-4384-9690-f1ed35c9314d" name="deleteFileConnectorSubflow" />
						<logger level="INFO" doc:name="End Log" doc:id="26e99794-1cd8-4d0a-9777-8670fb6063e3" message='#["until successful ended to delete file by filepath: " ++ vars.filePath]' />
					</until-successful>
				</on-error-continue>
			</error-handler>
		</try>
		<ee:transform doc:name="Response" doc:id="41bd4c39-5df9-4957-87b2-70b2db5d7e6b">
			<ee:message>
				<ee:set-payload><![CDATA[%dw 2.0
output application/json
---
{
	"message": "Document Deleted Successfully"
}]]></ee:set-payload>
			</ee:message>
		</ee:transform>
		<logger level="INFO" doc:name="End Log" doc:id="60897fb3-2fcb-45b9-a528-43e2579207b0" message="flow ended to delete file by filepath: #[vars.filePath]" />
	</sub-flow>
	<sub-flow name="deleteFileConnectorSubflow" doc:id="b10f1cdf-7592-4fe9-af80-e01b66c148bc" >
		<sharepoint:file-delete doc:name="File delete" doc:id="c0ba78c5-aed4-430e-86a1-e713f1d81353" config-ref="Sharepoint_Sharepoint_online" fileServerRelativeUrl="#['${sharepoint.folderPath}' ++ vars.filePath]" />
	</sub-flow>
</mule>
