<?xml version="1.0" encoding="UTF-8"?>

<mule xmlns:sharepoint="http://www.mulesoft.org/schema/mule/sharepoint"
	xmlns:ee="http://www.mulesoft.org/schema/mule/ee/core"
	xmlns:http="http://www.mulesoft.org/schema/mule/http" xmlns:file="http://www.mulesoft.org/schema/mule/file"
	xmlns:box="http://www.mulesoft.org/schema/mule/box"
	xmlns="http://www.mulesoft.org/schema/mule/core" xmlns:doc="http://www.mulesoft.org/schema/mule/documentation" xmlns:xsi="http://www.w3.org/2001/XMLSchema-instance" xsi:schemaLocation="
http://www.mulesoft.org/schema/mule/http http://www.mulesoft.org/schema/mule/http/current/mule-http.xsd 
http://www.mulesoft.org/schema/mule/file http://www.mulesoft.org/schema/mule/file/current/mule-file.xsd http://www.mulesoft.org/schema/mule/core http://www.mulesoft.org/schema/mule/core/current/mule.xsd
http://www.mulesoft.org/schema/mule/box http://www.mulesoft.org/schema/mule/box/current/mule-box.xsd
http://www.mulesoft.org/schema/mule/ee/core http://www.mulesoft.org/schema/mule/ee/core/current/mule-ee.xsd
http://www.mulesoft.org/schema/mule/sharepoint http://www.mulesoft.org/schema/mule/sharepoint/current/mule-sharepoint.xsd">
	<sub-flow name="getFileSubFlow" doc:id="11830e27-5d86-4557-9c3e-7c89bcd76645" >
<logger level="INFO" doc:name="Start Log" doc:id="b90cf382-529f-4bd6-92db-5d134de9774b" message="flow started to get file by filepath: #[vars.filePath]" />
				<try doc:name="Try" doc:id="0ef09f70-bc28-4b3f-a66a-4c099dfa4c05">
			<flow-ref doc:name="getFileConnectorSubflow" doc:id="fc137150-54ac-4262-a92f-f254761950b7" name="getFileConnectorSubflow" />
			<error-handler>
				<on-error-continue enableNotifications="true" logException="true" doc:name="On Error Continue" doc:id="93b728af-09ed-4db4-9e9b-96fa80f73781" type="SHAREPOINT:CONNECTIVITY">
					<until-successful maxRetries="${until-successful.maxRetries}" doc:name="Until Successful" doc:id="7e9d7082-3b49-42b1-8c01-3f48b36137c9" millisBetweenRetries="${until-successful.millisBetweenRetries}">
						<logger level="INFO" doc:name="Start Log" doc:id="7cfb9cb1-ae52-4fb3-a064-457cef5e3031" message='#["until successful started to get file by filepath: " ++ vars.filePath]' />
						<flow-ref doc:name="getFileConnectorSubflow" doc:id="6b106a7c-5f59-450f-b69f-f6e835282d9b" name="getFileConnectorSubflow" />
						<logger level="INFO" doc:name="End Log" doc:id="d39f65ab-0462-4484-a932-9ca8eae84956" message='#["until successful ended to get file by filepath: " ++ vars.filePath]' />
					</until-successful>
				</on-error-continue>
			</error-handler>
		</try>
		<ee:transform doc:name="convert payload to base64" doc:id="ff97fcb9-9465-46da-bdca-75f49ed57e42" >
			<ee:message >
				<ee:set-payload ><![CDATA[%dw 2.0
import * from dw::core::Binaries
var myfile = vars.downloadPay
output text/plain
---
toBase64(myfile as Binary)]]></ee:set-payload>
			</ee:message>
		</ee:transform>
		<logger level="INFO" doc:name="End Log" doc:id="d420c748-efd5-4662-ad79-bffb0121fa04" message="flow ended to get file by filepath: #[vars.filePath]" />
	</sub-flow>
	<sub-flow name="getFileConnectorSubflow" doc:id="2dd7ed9e-9c70-4152-baca-54cae0fdfec5">
		<sharepoint:file-get-content doc:name="File get content" doc:id="78fac825-d952-43f6-86e9-4e09a495c0d9" config-ref="Sharepoint_Sharepoint_online" fileServerRelativeUrl="#['${sharepoint.folderPath}' ++ vars.filePath]" target="downloadPay"/>
	</sub-flow>
	
</mule>
