<?xml version="1.0" encoding="UTF-8"?>

<mule xmlns:sharepoint="http://www.mulesoft.org/schema/mule/sharepoint" xmlns:ee="http://www.mulesoft.org/schema/mule/ee/core"
	xmlns:box="http://www.mulesoft.org/schema/mule/box"
	xmlns="http://www.mulesoft.org/schema/mule/core" xmlns:doc="http://www.mulesoft.org/schema/mule/documentation" xmlns:xsi="http://www.w3.org/2001/XMLSchema-instance" xsi:schemaLocation="http://www.mulesoft.org/schema/mule/core http://www.mulesoft.org/schema/mule/core/current/mule.xsd
http://www.mulesoft.org/schema/mule/box http://www.mulesoft.org/schema/mule/box/current/mule-box.xsd
http://www.mulesoft.org/schema/mule/ee/core http://www.mulesoft.org/schema/mule/ee/core/current/mule-ee.xsd
http://www.mulesoft.org/schema/mule/sharepoint http://www.mulesoft.org/schema/mule/sharepoint/current/mule-sharepoint.xsd">
	<sub-flow name="getFilesInfoSubFlow" doc:id="ac420e51-772d-43c1-b393-359db2d76a8d" >
		<logger level="INFO" doc:name="Start Log" doc:id="79e89398-d46b-4118-9071-a93672a8d31d" message="flow started to get files Info by folderPath: #[vars.folderPath]" />
		<try doc:name="Try" doc:id="8781950d-6612-450d-a296-c195a6765ddf">
			<flow-ref doc:name="getFilesInfoConnectorSubflow" doc:id="188cdb8c-2dcc-417f-b0df-33d52d323b4e" name="getFilesInfoConnectorSubflow" />
			<error-handler>
				<on-error-continue enableNotifications="true" logException="true" doc:name="On Error Continue" doc:id="936ec3ba-f5c1-451c-8093-907da5650d0b" type="SHAREPOINT:CONNECTIVITY">
					<until-successful maxRetries="${until-successful.maxRetries}" doc:name="Until Successful" doc:id="874713bf-2237-424f-8637-9d860d3c8299" millisBetweenRetries="${until-successful.millisBetweenRetries}">
						<logger level="INFO" doc:name="Start Log" doc:id="c67af237-10d9-4a95-a7c0-d686132978d5" message='#["until successful started to get files Info with folderpath: " ++ vars.folderPath]' />
						<flow-ref doc:name="getFilesInfoConnectorSubflow" doc:id="15f6325c-3c9c-4cee-8c94-098af6bb2ff6" name="getFilesInfoConnectorSubflow" />
						<logger level="INFO" doc:name="End Log" doc:id="f481f4ef-cd4e-4e74-b950-13a071234b38" message='#["until successful ended to get files Info with folderpath: " ++ vars.folderPath]' />
					</until-successful>
				</on-error-continue>
			</error-handler>
		</try>
		<ee:transform doc:name="Response" doc:id="6e47369c-e099-407c-94ef-5d511e4a4ca8" >
			<ee:message >
				<ee:set-payload ><![CDATA[%dw 2.0
output application/json
---
payload map {
    "name": $.Name,
    "title": ($.Name splitBy  ".")[0],
    "extension": ($.Name splitBy  ".")[1],
    "length": $.Length,
    "serverRelativeUrl": $.ServerRelativeUrl,
    "timeCreated": $.TimeCreated,
    "timeLastModified": $.TimeLastModified
}]]></ee:set-payload>
			</ee:message>
		</ee:transform>
		<logger level="INFO" doc:name="End Log" doc:id="ecafd7d1-bc32-4d7c-9aaa-3a58e69dc9a5" message="flow ended to get files Info by folderPath: #[vars.folderPath]" />
	</sub-flow>
	<sub-flow name="getFilesInfoConnectorSubflow" doc:id="ad950772-5507-49c4-a43c-f90da282047b">
		<sharepoint:file-query doc:name="File query" doc:id="c897e404-763d-41ba-ad13-08ade1b80e70" config-ref="Sharepoint_Sharepoint_online" startingFolderPath="#['${sharepoint.folderPath}' ++ vars.folderPath]">
				<sharepoint:query><![CDATA[?$select=Name,Length,ServerRelativeUrl,TimeCreated,TimeLastModified]]></sharepoint:query>
			</sharepoint:file-query>
	</sub-flow>
</mule>
