<?xml version="1.0" encoding="UTF-8"?>

<mule xmlns:sharepoint="http://www.mulesoft.org/schema/mule/sharepoint" xmlns:ee="http://www.mulesoft.org/schema/mule/ee/core"
	xmlns:box="http://www.mulesoft.org/schema/mule/box"
	xmlns="http://www.mulesoft.org/schema/mule/core" xmlns:doc="http://www.mulesoft.org/schema/mule/documentation" xmlns:xsi="http://www.w3.org/2001/XMLSchema-instance" xsi:schemaLocation="http://www.mulesoft.org/schema/mule/core http://www.mulesoft.org/schema/mule/core/current/mule.xsd
http://www.mulesoft.org/schema/mule/box http://www.mulesoft.org/schema/mule/box/current/mule-box.xsd
http://www.mulesoft.org/schema/mule/ee/core http://www.mulesoft.org/schema/mule/ee/core/current/mule-ee.xsd
http://www.mulesoft.org/schema/mule/sharepoint http://www.mulesoft.org/schema/mule/sharepoint/current/mule-sharepoint.xsd">
	<sub-flow name="getFileMetadataSubFlow" doc:id="ac420e51-772d-43c1-b393-359db2d76a8d" >
		<logger level="INFO" doc:name="Start Log" doc:id="79e89398-d46b-4118-9071-a93672a8d31d" message="flow started to get file metadata by filepath: #[vars.filePath]" />
		<try doc:name="Try" doc:id="8781950d-6612-450d-a296-c195a6765ddf">
			<sharepoint:get-metadata doc:name="Get metadata" doc:id="d2c102ec-b48b-4126-abb1-caea10199e95" config-ref="Sharepoint_Sharepoint_online" fileServerRelativeUrl="#['${sharepoint.folderPath}' ++ vars.filePath]"/>
			<error-handler>
				<on-error-continue enableNotifications="true" logException="true" doc:name="On Error Continue" doc:id="936ec3ba-f5c1-451c-8093-907da5650d0b" type="SHAREPOINT:CONNECTIVITY">
					<until-successful maxRetries="${until-successful.maxRetries}" doc:name="Until Successful" doc:id="874713bf-2237-424f-8637-9d860d3c8299" millisBetweenRetries="${until-successful.millisBetweenRetries}">
						<logger level="INFO" doc:name="Start Log" doc:id="c67af237-10d9-4a95-a7c0-d686132978d5" message='#["until successful started to get file metadata by filepath: " ++ vars.filePath]' />
						<sharepoint:get-metadata doc:name="Get metadata" doc:id="ecceb597-cf58-4b3b-9165-d8aee7e4115e" config-ref="Sharepoint_Sharepoint_online" fileServerRelativeUrl="#['${sharepoint.folderPath}' ++ vars.filePath]" />
						<logger level="INFO" doc:name="End Log" doc:id="f481f4ef-cd4e-4e74-b950-13a071234b38" message='#["until successful ended to get file metadata by filepath: " ++ vars.filePath]' />
					</until-successful>
				</on-error-continue>
			</error-handler>
		</try>
		<ee:transform doc:name="Response" doc:id="a0862ff3-4a90-4f35-82e4-fa59e428f4b0" >
			<ee:message >
				<ee:set-payload ><![CDATA[%dw 2.0
output application/json
---
payload]]></ee:set-payload>
			</ee:message>
		</ee:transform>
		<logger level="INFO" doc:name="End Log" doc:id="ecafd7d1-bc32-4d7c-9aaa-3a58e69dc9a5" message="flow ended to get file metadata by filepath: #[vars.filePath]" />
	</sub-flow>
</mule>
