<?xml version="1.0" encoding="UTF-8"?>

<mule xmlns:ee="http://www.mulesoft.org/schema/mule/ee/core"
	xmlns:sharepoint="http://www.mulesoft.org/schema/mule/sharepoint"
	xmlns:box="http://www.mulesoft.org/schema/mule/box"
	xmlns:http="http://www.mulesoft.org/schema/mule/http"
	xmlns="http://www.mulesoft.org/schema/mule/core"
	xmlns:doc="http://www.mulesoft.org/schema/mule/documentation"
	xmlns:xsi="http://www.w3.org/2001/XMLSchema-instance"
	xsi:schemaLocation="http://www.mulesoft.org/schema/mule/core http://www.mulesoft.org/schema/mule/core/current/mule.xsd
http://www.mulesoft.org/schema/mule/http http://www.mulesoft.org/schema/mule/http/current/mule-http.xsd
http://www.mulesoft.org/schema/mule/box http://www.mulesoft.org/schema/mule/box/current/mule-box.xsd
http://www.mulesoft.org/schema/mule/sharepoint http://www.mulesoft.org/schema/mule/sharepoint/current/mule-sharepoint.xsd
http://www.mulesoft.org/schema/mule/ee/core http://www.mulesoft.org/schema/mule/ee/core/current/mule-ee.xsd">
	<sub-flow name="moveFileSubFlow"
		doc:id="024fca0e-d6e0-4afa-8a7c-f7d49c7734d9">
		<logger level="INFO" doc:name="Start Log"
			doc:id="033c3ad3-18bb-4fbf-8711-3e092599b3bd"
			message="flow started to move file from source: #[vars.sourcePath] to destination #[vars.destinationPath]" />
		<try doc:name="Try" doc:id="79864ce9-ad91-4e77-84a1-9c93ff2a52d0">
			<sharepoint:file-move doc:name="File move"
				doc:id="a7c7bb97-6d28-41a9-b5dd-9aa53d805d8c"
				config-ref="Sharepoint_Sharepoint_online"
				fileServerRelativeUrl="#['${sharepoint.folderPath}' ++ vars.sourcePath]"
				newFileServerRelativeUrl="#['${sharepoint.folderPath}' ++ vars.destinationPath]" />
			<error-handler>
				<on-error-continue enableNotifications="true"
					logException="true" doc:name="On Error Continue"
					doc:id="3847c27e-1aa9-4573-9573-fbecdb3c277e"
					type="SHAREPOINT:CONNECTIVITY">
					<until-successful
						maxRetries="${until-successful.maxRetries}"
						doc:name="Until Successful"
						doc:id="5816d0c9-2fa5-4b88-94cb-f2cb8d836869"
						millisBetweenRetries="${until-successful.millisBetweenRetries}">
						<logger level="INFO" doc:name="Start Log"
							doc:id="1deb79f7-df16-4d7f-b525-1293a1886344"
							message='#["until successful started to move file from source: " ++ vars.sourcePath ++ " to destination " ++ vars.destinationPath]' />
						<sharepoint:file-move doc:name="File move" doc:id="bfc79ab7-4b89-4395-afd9-279cfe7e5fc9" config-ref="Sharepoint_Sharepoint_online" fileServerRelativeUrl="#['${sharepoint.folderPath}' ++ vars.sourcePath]" newFileServerRelativeUrl="#['${sharepoint.folderPath}' ++ vars.destinationPath]" />
						<logger level="INFO" doc:name="End Log"
							doc:id="71852b94-0bfd-480e-84f5-70b5d478e617"
							message='#["until successful ended to move file from source: " ++ vars.sourcePath ++ " to destination " ++ vars.destinationPath]' />
					</until-successful>
				</on-error-continue>
			</error-handler>
		</try>
		<ee:transform doc:name="Response"
			doc:id="12e43d09-24b1-46d2-a65b-10399d25160e">
			<ee:message>
				<ee:set-payload><![CDATA[%dw 2.0
output application/json
---
payload]]></ee:set-payload>
			</ee:message>
		</ee:transform>
		<logger level="INFO" doc:name="End Log"
			doc:id="6ef93044-2860-4817-a47e-2dc45feaeed5"
			message="flow ended to move file from source: #[vars.sourcePath] to destination #[vars.destinationPath]" />
	</sub-flow>
</mule>
