<?xml version="1.0" encoding="UTF-8"?>

<mule xmlns:sharepoint="http://www.mulesoft.org/schema/mule/sharepoint"
	xmlns:file="http://www.mulesoft.org/schema/mule/file"
	xmlns:box="http://www.mulesoft.org/schema/mule/box"
	xmlns:http="http://www.mulesoft.org/schema/mule/http"
	xmlns:ee="http://www.mulesoft.org/schema/mule/ee/core"
	xmlns="http://www.mulesoft.org/schema/mule/core"
	xmlns:doc="http://www.mulesoft.org/schema/mule/documentation"
	xmlns:xsi="http://www.w3.org/2001/XMLSchema-instance" xsi:schemaLocation="
http://www.mulesoft.org/schema/mule/file http://www.mulesoft.org/schema/mule/file/current/mule-file.xsd 
http://www.mulesoft.org/schema/mule/http http://www.mulesoft.org/schema/mule/http/current/mule-http.xsd 
http://www.mulesoft.org/schema/mule/ee/core http://www.mulesoft.org/schema/mule/ee/core/current/mule-ee.xsd http://www.mulesoft.org/schema/mule/core http://www.mulesoft.org/schema/mule/core/current/mule.xsd
http://www.mulesoft.org/schema/mule/box http://www.mulesoft.org/schema/mule/box/current/mule-box.xsd
http://www.mulesoft.org/schema/mule/sharepoint http://www.mulesoft.org/schema/mule/sharepoint/current/mule-sharepoint.xsd">
	<sub-flow name="uploadFileSubFlow" doc:id="7faa0758-2d52-447a-8cd5-643b72ac3167">
		<logger level="INFO" doc:name="Start Log" doc:id="c3984e52-82c8-4342-ae5c-e6ef750eda44" message="flow started to upload file by filepath: #[vars.filePath]" />
		<flow-ref doc:name="uploadFileSettingRequestSubflow" doc:id="7119ce0b-2e3d-4d89-96ee-fbc865ef22ab" name="uploadFileSettingRequestSubflow" />
		<ee:transform doc:name="Response" doc:id="6271b725-14b3-4700-b04f-3169306df33e">
					<ee:message>
						<ee:set-payload><![CDATA[%dw 2.0
output application/json
---
payload]]></ee:set-payload>
					</ee:message>
				</ee:transform>
		<logger level="INFO" doc:name="End Log" doc:id="2bc4ed8a-72b8-411e-aff9-32dc3ab7412b" message="flow ended to upload file by filepath: #[vars.filePath]" />
	</sub-flow>
	<sub-flow name="uploadFileSettingRequestSubflow" doc:id="f1b7cce6-9682-4a52-a454-265328c00048">
		<choice doc:name="Choice" doc:id="46a9e8a0-fb44-4939-b84b-aac661f582da">
			<when expression='#[lower(vars.filePath) contains "pdf"]'>
				<ee:transform doc:name="Set Request" doc:id="9093ddb0-ca91-42f8-a9f4-cc73f4c3b1d5">
					<ee:message>
						<ee:set-payload><![CDATA[%dw 2.0
import * from dw::core::Binaries
var myPDFasBinary = payload.data
output application/PDF with binary
---
fromBase64(myPDFasBinary as String)]]></ee:set-payload>
					</ee:message>
					<ee:variables />
				</ee:transform>
				<flow-ref doc:name="uploadSPFileOperationSubFlow" doc:id="aed7da5d-9f6e-4293-8b75-75e4a2ea0ff0" name="uploadSPFileOperationSubFlow" />
			</when>
			<when expression='#[lower(vars.filePath) contains "csv"]'>
				<ee:transform doc:name="Set Request" doc:id="cd1d4564-56ac-4b88-9203-8a4b9a2d9ae4">
					<ee:message>
						<ee:set-payload><![CDATA[%dw 2.0
import * from dw::core::Binaries
var myCSVasBinary = payload.data
output application/csv with binary
---
fromBase64(myCSVasBinary as String)]]></ee:set-payload>
					</ee:message>
					<ee:variables />
				</ee:transform>
				<flow-ref doc:name="uploadSPFileOperationSubFlow" doc:id="1362f924-e37a-4720-8ea9-bf8cc50076c6" name="uploadSPFileOperationSubFlow" />
			</when>
			<when expression='#[lower(vars.filePath) contains "json"]'>
				<ee:transform doc:name="Set Request" doc:id="1dd0646f-341d-46ed-94f8-0655e2d88d97">
					<ee:message>
						<ee:set-payload><![CDATA[%dw 2.0
import * from dw::core::Binaries
var myJSONasBinary = payload.data
output application/json with binary
---
fromBase64(myJSONasBinary as String)]]></ee:set-payload>
					</ee:message>
					<ee:variables />
				</ee:transform>
				<flow-ref doc:name="uploadSPFileOperationSubFlow" doc:id="0d1012f9-bcb4-401b-a794-ae1e96e4c68c" name="uploadSPFileOperationSubFlow" />
			</when>
			<otherwise>
				<ee:transform doc:name="Set Request" doc:id="82e46b30-f0d1-45d2-a197-7112404605e5">
					<ee:message>
						<ee:set-payload><![CDATA[%dw 2.0
import * from dw::core::Binaries
output application/octet-stream
var myIMAGEasBinary = payload.data
---
fromBase64(myIMAGEasBinary as String)]]></ee:set-payload>
					</ee:message>
					<ee:variables />
				</ee:transform>
				<flow-ref doc:name="uploadSPFileOperationSubFlow" doc:id="5aed5fd0-1782-4172-a0cd-bcb62cb35251" name="uploadSPFileOperationSubFlow" />
			</otherwise>
		</choice>
	</sub-flow>
	<sub-flow name="uploadSPFileOperationSubFlow" doc:id="8e8c65a7-2173-416e-a0c2-5a574e222959" >
		<try doc:name="Try" doc:id="fc5c45c9-5747-458f-b9f6-29f8bb10ba8c">
			<flow-ref doc:name="uploadFileConnectorSubFlow" doc:id="cb3e009e-97f0-4565-959c-a11f9617197a" name="uploadFileConnectorSubFlow" />
			<error-handler>
				<on-error-continue enableNotifications="true" logException="true" doc:name="On Error Continue" doc:id="8467e6e6-b44b-4826-827f-828e3ffa7ff6" when='error.description contains("already exists")'>
					<until-successful maxRetries="${until-successful.maxRetries}" doc:name="Until Successful" doc:id="50b01334-0b29-4a23-a2c3-c8fa93658098" millisBetweenRetries="${until-successful.millisBetweenRetries}">
						<logger level="INFO" doc:name="Start Log" doc:id="71a4cd60-3a97-443f-a34d-6efa2a875282" message='#["until successful started to upload file to filepath: " ++ vars.filePath]' />
						<set-variable value="#[%dw 2.0&#10;output application/json&#10;var fp = vars.'filePath'&#10;---&#10;(fp splitBy  &quot;.&quot;)[0] ++ &quot;_&quot; ++ now() as String {format: &quot;yyyyMMddHHmmss&quot;} ++ &quot;.&quot; ++  (fp splitBy  &quot;.&quot;)[1]]" doc:name="Set filePath Variable" doc:id="63729650-a4d7-465f-8d6f-3422a5723489" variableName="filePath" />
						<flow-ref doc:name="uploadFileConnectorSubFlow" doc:id="eab1916c-598d-4f57-a24e-737fa014f2b5" name="uploadFileConnectorSubFlow" />
						<logger level="INFO" doc:name="End Log" doc:id="6ab0b54c-ee38-4955-b1df-1f6da90fa078" message='#["until successful ended to upload file to filepath: " ++ vars.filePath]' />
					</until-successful>
				</on-error-continue>
				<on-error-continue enableNotifications="true" logException="true" doc:name="On Error Continue" doc:id="3a709948-4dbc-4fca-835b-d9da3003f891" type="SHAREPOINT:CONNECTIVITY">
							<until-successful maxRetries="${until-successful.maxRetries}" doc:name="Until Successful" doc:id="0014127a-ba9f-4f14-9269-e7630a3fff4c" millisBetweenRetries="${until-successful.millisBetweenRetries}">
							<logger level="INFO" doc:name="Start Log" doc:id="12fbedb4-be7c-4e4d-b130-df61a68bc600" message='#["until successful started to upload file to filepath: " ++ vars.filePath]' />
						<flow-ref doc:name="uploadFileConnectorSubFlow" doc:id="ff5ebc9f-4ef9-4a7f-b961-5319323a7c3d" name="uploadFileConnectorSubFlow" />
						<logger level="INFO" doc:name="End Log" doc:id="586fbdec-7ddc-4037-9b27-6d35ffb11b56" message='#["until successful ended to upload file to filepath: " ++ vars.filePath]' />
							
							
</until-successful>
						</on-error-continue>
					</error-handler>
			</try>
	</sub-flow>
	<sub-flow name="uploadFileConnectorSubFlow" doc:id="58c3cd3b-6eea-4065-87f9-872b5b3573cf">
		<sharepoint:file-add doc:name="File add" doc:id="8c07b028-60d6-477e-b063-682ffb200a2f" config-ref="Sharepoint_Sharepoint_online" fileServerRelativeUrl="#['${sharepoint.folderPath}' ++ vars.filePath]">
				<sharepoint:file-content-stream><![CDATA[#[payload]]]></sharepoint:file-content-stream>
			</sharepoint:file-add>
	</sub-flow>
</mule>