<?xml version="1.0" encoding="UTF-8"?>

<mule xmlns:crypto="http://www.mulesoft.org/schema/mule/crypto" xmlns:ee="http://www.mulesoft.org/schema/mule/ee/core"
	xmlns="http://www.mulesoft.org/schema/mule/core"
	xmlns:doc="http://www.mulesoft.org/schema/mule/documentation" xmlns:xsi="http://www.w3.org/2001/XMLSchema-instance" xsi:schemaLocation="http://www.mulesoft.org/schema/mule/core http://www.mulesoft.org/schema/mule/core/current/mule.xsd
http://www.mulesoft.org/schema/mule/ee/core http://www.mulesoft.org/schema/mule/ee/core/current/mule-ee.xsd
http://www.mulesoft.org/schema/mule/crypto http://www.mulesoft.org/schema/mule/crypto/current/mule-crypto.xsd">
	<flow name="generateQrCodeFlow" doc:id="9a5ea805-fc50-4818-8504-1d2d25b524cb" >
		<logger level="INFO" doc:name="Flow Start" doc:id="98f21303-3ea1-4396-bab6-6fbdb38abeba" message='#[%dw 2.0&#10;output application/json&#10;---&#10;"CorrelationId : " ++ vars.correlationId ++ " Get License QRCode Started for : " ++ vars.contactId default null]' />
		<ee:transform doc:name="Update contactId" doc:id="260615d3-f48a-4dd1-b57c-62f96e33ff46" >
			<ee:message >
			</ee:message>
			<ee:variables >
				<ee:set-variable variableName="contactId" ><![CDATA[%dw 2.0
output text/plain
---
vars.contactId as String default "Please provide queryParam data"]]></ee:set-variable>
			</ee:variables>
		</ee:transform>
		<crypto:jce-encrypt-pbe doc:id="1a42bd90-c0f8-4dd2-bcaa-c46b152e54da" algorithm="PBEWithMD5AndTripleDES" password="${jce.pwd}">
			<crypto:content ><![CDATA[#[vars.contactId]]]></crypto:content>
		</crypto:jce-encrypt-pbe>
		<ee:transform doc:name="Convert Stream to Base64" doc:id="44eaa90b-e55c-445a-9826-9c0a815a4e4c" >
			<ee:message >
				<ee:set-payload ><![CDATA[%dw 2.0
import dw::Crypto
import toBase64 from dw::core::Binaries
output application/java
---
Mule::p('exp.host') ++ Mule::p('exp.license') ++ "?contactId=" ++ toBase64(payload)]]></ee:set-payload>
			</ee:message>
		</ee:transform>
		<ee:transform doc:name="generate base64 qrcode image" doc:id="d22b629a-1c0b-47eb-bfe7-afab55212cd4" >
			<ee:message >
				<ee:set-payload ><![CDATA[%dw 2.0
import java!com::utils::GenerateQrCode
import * from dw::core::Binaries
//output image/png with binary
output application/json
var data = payload
//Set Height and Width of QR Code in px
var heightOfQR = 300
var widthOfQR = 300
---
//Calling Java Code to get Respective QR Code for String
//fromBase64(GenerateQrCode::generateQRcode(data,heightOfQR,widthOfQR)) as Binary
GenerateQrCode::generateQRcode(data,heightOfQR,widthOfQR)]]></ee:set-payload>
			</ee:message>
		</ee:transform>
		<logger level="INFO" doc:name="Flow End" doc:id="fd82def4-5049-4604-bb2f-6d17c4d55d1f" message='#[%dw 2.0&#10;output application/json&#10;---&#10;"CorrelationId : " ++ vars.correlationId ++ " Get License QRCode Ended"]' />
	</flow>
</mule>
