<?xml version="1.0" encoding="UTF-8"?>

<mule xmlns:crypto="http://www.mulesoft.org/schema/mule/crypto" xmlns:ee="http://www.mulesoft.org/schema/mule/ee/core"
	xmlns="http://www.mulesoft.org/schema/mule/core"
	xmlns:doc="http://www.mulesoft.org/schema/mule/documentation" xmlns:xsi="http://www.w3.org/2001/XMLSchema-instance" xsi:schemaLocation="http://www.mulesoft.org/schema/mule/core http://www.mulesoft.org/schema/mule/core/current/mule.xsd
http://www.mulesoft.org/schema/mule/ee/core http://www.mulesoft.org/schema/mule/ee/core/current/mule-ee.xsd
http://www.mulesoft.org/schema/mule/crypto http://www.mulesoft.org/schema/mule/crypto/current/mule-crypto.xsd">
	<flow name="getLicenseFlow" doc:id="aae30c59-e5ef-4be5-ab24-03c23be8d38b" >
		<logger level="INFO" doc:name="Log Encrypted Base64 contactId" doc:id="7fee6fdd-d4f8-47ca-9096-3fdd240566b7" message='#[%dw 2.0&#10;output application/json&#10;---&#10;"CorrelationId : " ++ vars.correlationId ++ " Get License started for Encrypted and encoded ContactId is : " ++ vars.contactId]' />
		<ee:transform doc:name="convert base64 to stream" doc:id="d02a43c3-4999-411a-8115-6c3c841cad23" >
			<ee:message >
				<ee:set-payload ><![CDATA[%dw 2.0
import fromBase64 from dw::core::Binaries
output application/octet-stream
---
fromBase64(vars.contactId)]]></ee:set-payload>
			</ee:message>
		</ee:transform>
		<crypto:jce-decrypt-pbe doc:name="Jce decrypt pbe" doc:id="afecac17-f575-433e-aa8a-b5f3f89c0db3" algorithm="PBEWithMD5AndTripleDES" password="${jce.pwd}" target="contactId"/>
		<flow-ref doc:name="getContactByContactId" doc:id="61ded970-f7f1-44de-858c-e4c683551a47" name="getContactByContactId" />
<!-- [STUDIO:"Response Mapping"]		<ee:transform doc:name="Response Mapping" doc:id="0785e9c6-cbd6-408a-9c4f-201a6c56a0e1" >
			<ee:message >
				<ee:set-payload ><![CDATA[%dw 2.0
output text/plain
&#45;&#45;-
"<tr><td> <h2>
<br>
</h2></td><td aligh=\"right\"><h3>
License Number: " ++ (payload.licenseNumber default "") ++ "​​<br>
License Status: " ++ (payload.licenseStatus default "") ++"​​<br> 
First Name: " ++ (payload.firstName default "") ++"​​​<br>
Last Name: " ++ (payload.lastName default "") ++ " <br>
</h3></td>"]]></ee:set-payload>
			</ee:message>
		</ee:transform> [STUDIO] -->
		<ee:transform doc:name="Transform Message" doc:id="315da8f0-d16e-479f-b8f1-b31de4ab583d" >
			<ee:message >
				<ee:set-payload ><![CDATA[%dw 2.0
output application/json
---
payload]]></ee:set-payload>
			</ee:message>
		</ee:transform>
		<logger level="INFO" doc:name="Flow End" doc:id="a67d7b4a-8085-4b63-bcbe-646118db75a0" message='#[%dw 2.0&#10;output application/json&#10;---&#10;"CorrelationId : " ++ vars.correlationId ++ " Get License Ended for Encrypted and encoded ContactId is : " ++ vars.contactId]' />
		<error-handler >
			<on-error-propagate enableNotifications="true" logException="true" doc:name="On Error Propagate" doc:id="8980886f-7f8d-4e72-ae39-5ffbf237d2e4" type="EXPRESSION">
				<set-variable value="#[400]" doc:name="Set HTTP Status - 40" doc:id="e89dfb9f-d069-4350-a7a1-8890655f7f41" variableName="httpStatus" />
				<set-variable value="Bad request" doc:name="set Error Message" doc:id="a0116cb3-f263-4040-ab0a-2108f3d00ae7" variableName="errorMessage" />
				<set-variable value='#[(((error.description default "" replace "[" with "") replace "]" with "") splitBy "\n")]' doc:name="Set Error Description" doc:id="f230894c-6d6d-4b9c-8d11-0ee403b5bc8f" variableName="errorDescription" />
			</on-error-propagate>
		</error-handler>
	</flow>
</mule>
