<?xml version="1.0" encoding="UTF-8"?>
<mule xmlns="http://www.mulesoft.org/schema/mule/core" xmlns:apikit="http://www.mulesoft.org/schema/mule/mule-apikit" xmlns:box="http://www.mulesoft.org/schema/mule/box" xmlns:doc="http://www.mulesoft.org/schema/mule/documentation" xmlns:ee="http://www.mulesoft.org/schema/mule/ee/core" xmlns:http="http://www.mulesoft.org/schema/mule/http" xmlns:sharepoint="http://www.mulesoft.org/schema/mule/sharepoint" xmlns:xsi="http://www.w3.org/2001/XMLSchema-instance" xsi:schemaLocation="http://www.mulesoft.org/schema/mule/core http://www.mulesoft.org/schema/mule/core/current/mule.xsd http://www.mulesoft.org/schema/mule/http http://www.mulesoft.org/schema/mule/http/current/mule-http.xsd http://www.mulesoft.org/schema/mule/mule-apikit http://www.mulesoft.org/schema/mule/mule-apikit/current/mule-apikit.xsd http://www.mulesoft.org/schema/mule/ee/core http://www.mulesoft.org/schema/mule/ee/core/current/mule-ee.xsd  http://www.mulesoft.org/schema/mule/box http://www.mulesoft.org/schema/mule/box/current/mule-box.xsd http://www.mulesoft.org/schema/mule/sharepoint http://www.mulesoft.org/schema/mule/sharepoint/current/mule-sharepoint.xsd">
    <apikit:config name="sharepoint-accelerator-sys-api-config" api="sharepoint-accelerator-sys-api.raml" outboundHeadersMapName="outboundHeaders" httpStatusVarName="httpStatus" />
    <flow name="sharepoint-accelerator-sys-api-main">
        <http:listener config-ref="HTTP_Listener_config" path="${http.path}">
            <http:response statusCode="#[vars.httpStatus default 200]">
                <http:headers><![CDATA[#[vars.outboundHeaders default {}]]]></http:headers>
            </http:response>
            <http:error-response statusCode="#[vars.httpStatus default 500]">
                <http:body><![CDATA[#[payload]]]></http:body>
                <http:headers><![CDATA[#[vars.outboundHeaders default {}]]]></http:headers>
            </http:error-response>
        </http:listener>
        <set-variable value="#[%dw 2.0&#xA;output application/json&#xA;---&#xA;attributes.headers.&quot;x-correlation-id&quot; default correlationId]" doc:name="set var correlationId" doc:id="36a52864-c596-4167-aa2c-deb00008864f" variableName="correlationId" />
        <logger level="INFO" doc:name="sharepoint-api started" doc:id="ca5d788f-688e-46f1-8024-7e3bba142e45" message="sharepoint-api started" />
        <apikit:router config-ref="sharepoint-accelerator-sys-api-config" />
        <logger level="INFO" doc:name="sharepoint-api ended" doc:id="6e76c2fc-bb53-42d7-b8a5-e09d86375ae9" message="sharepoint--api ended" />
    </flow>
    <flow name="sharepoint-accelerator-sys-api-console">
        <http:listener config-ref="HTTP_Listener_config" path="/console/*">
            <http:response statusCode="#[vars.httpStatus default 200]">
                <http:headers>#[vars.outboundHeaders default {}]</http:headers>
            </http:response>
            <http:error-response statusCode="#[vars.httpStatus default 500]">
                <http:body>#[payload]</http:body>
                <http:headers>#[vars.outboundHeaders default {}]</http:headers>
            </http:error-response>
        </http:listener>
        <choice doc:name="Enable/Disable Console" doc:id="fb4cb18d-1deb-436a-96b6-21f6c361e70f">
            <when expression="${api.viewConsole} ">
                <apikit:console config-ref="sharepoint-accelerator-sys-api-config" />
            </when>
            <otherwise>
                <ee:transform doc:name="The Console is disabled." doc:id="9c60974d-bd25-4d29-b742-72eb412a93f6">
                    <ee:message>
                        <ee:set-payload><![CDATA[%dw 2.0
output application/json
---
"The Console is disabled."]]></ee:set-payload>
                    </ee:message>
                </ee:transform>
            </otherwise>
        </choice>
        <error-handler ref="global-error-handler" />
    </flow>
    <flow name="get:\api\v1\ping:sharepoint-accelerator-sys-api-config">
        <ee:transform doc:name="response">
            <ee:message>
                <ee:set-payload><![CDATA[%dw 2.0
output application/json
---
{
  status: "UP",
  api: "${api.name}",
  env: "${api.env}",
  timestamp: now() as String {format: "dd/MM/yyyy HH:mm:SS"}
}]]></ee:set-payload>
            </ee:message>
        </ee:transform>
    </flow>
    <flow name="get:\api\v1\health-check:sharepoint-accelerator-sys-api-config">
        <ee:transform doc:name="response" doc:id="5ef1fbe0-6dba-4125-a9d5-6768d8be3a72">
            <ee:message>
                <ee:set-payload><![CDATA[%dw 2.0
output application/json
---
{
  response: {
    application: "${api.name}",
    buildversion: "${api.buildversion}",
    buildTimestamp: now() as String {format: "dd/MM/yyyy HH:mm:SS"},
    status: "UP",
    env: "${api.env}",
    systems: [
      {
        name: "Sharepoint",
        status: "UP" // need to add this.
      }
    ]
  }
}]]></ee:set-payload>
            </ee:message>
        </ee:transform>
    </flow>
    <flow name="post:\api\v1\folders:sharepoint-accelerator-sys-api-config">
        <ee:transform doc:name="set var folderPath" doc:id="f585dd85-11d1-4869-8db8-c89db18fb5db">
            <ee:message />
            <ee:variables>
                <ee:set-variable variableName="folderPath"><![CDATA[%dw 2.0
output application/json
---
attributes.queryParams.'folderPath' default ""]]></ee:set-variable>
            </ee:variables>
        </ee:transform>
        <flow-ref doc:name="createFolderSubFlow" doc:id="6732d6ac-8228-45c1-8131-769bbb397355" name="createFolderSubFlow" />
    </flow>
    <flow name="delete:\api\v1\folders:sharepoint-accelerator-sys-api-config">
        <ee:transform doc:name="set var folderPath" doc:id="31048f81-6d62-4dcc-a4af-736f4c45eb03">
            <ee:message />
            <ee:variables>
                <ee:set-variable variableName="folderPath"><![CDATA[%dw 2.0
output application/json
---
attributes.queryParams.'folderPath' default ""]]></ee:set-variable>
            </ee:variables>
        </ee:transform>
        <flow-ref doc:name="deleteFolderSubFlow" doc:id="9cd715cf-25e7-4d65-96f6-b15886cacaeb" name="deleteFolderSubFlow" />
    </flow>
    <flow name="get:\api\v1\folders\info:sharepoint-accelerator-sys-api-config">
        <ee:transform doc:name="set var folderPath" doc:id="c76d83d2-b940-4b6e-b917-d01505152f12">
            <ee:message />
            <ee:variables>
                <ee:set-variable variableName="folderPath"><![CDATA[%dw 2.0
output application/json
---
attributes.queryParams.'folderPath' default ""]]></ee:set-variable>
            </ee:variables>
        </ee:transform>
        <flow-ref doc:name="getFoldersInfoSubFlow" doc:id="2662cebd-ef24-4337-ab79-a654484b61e6" name="getFoldersInfoSubFlow" />
    </flow>
    <flow name="post:\api\v1\files:sharepoint-accelerator-sys-api-config">
        <ee:transform doc:name="set var filePath" doc:id="80e22559-659e-4ff2-a3cf-9684c4ba8380">
            <ee:message />
            <ee:variables>
                <ee:set-variable variableName="filePath"><![CDATA[%dw 2.0
output application/json
---
attributes.queryParams.'filePath' default ""]]></ee:set-variable>
            </ee:variables>
        </ee:transform>
        <flow-ref doc:name="uploadFileSubFlow" doc:id="d3e9c827-2b41-4a1b-9652-184ea621d8bc" name="uploadFileSubFlow" />
    </flow>
    <flow name="get:\api\v1\files:sharepoint-accelerator-sys-api-config">
        <ee:transform doc:name="set var filePath" doc:id="2c5fe59b-f511-4851-81d5-330ee02dd0fd">
            <ee:message />
            <ee:variables>
                <ee:set-variable variableName="filePath"><![CDATA[%dw 2.0
output application/json
---
attributes.queryParams.'filePath' default ""]]></ee:set-variable>
            </ee:variables>
        </ee:transform>
        <flow-ref doc:name="getFileSubFlow" doc:id="6f0f857a-04fd-472e-85c7-799200b90562" name="getFileSubFlow" />
    </flow>
    <flow name="delete:\api\v1\files:sharepoint-accelerator-sys-api-config">
        <ee:transform doc:name="set var filePath" doc:id="076143c0-f2b0-46f9-9eb7-93d0f60054c5">
            <ee:message />
            <ee:variables>
                <ee:set-variable variableName="filePath"><![CDATA[%dw 2.0
output application/json
---
attributes.queryParams.'filePath' default ""]]></ee:set-variable>
            </ee:variables>
        </ee:transform>
        <flow-ref doc:name="deleteFileSubFlow" doc:id="0938753a-afc9-415d-ac92-4af5e40311d1" name="deleteFileSubFlow" />
    </flow>
    <flow name="get:\api\v1\files\info:sharepoint-accelerator-sys-api-config">
        <ee:transform doc:name="set var folderPath" doc:id="2e72593b-b437-4b15-941a-eedd787551cf">
            <ee:message />
            <ee:variables>
                <ee:set-variable variableName="folderPath"><![CDATA[%dw 2.0
output application/json
---
attributes.queryParams.'folderPath' default ""]]></ee:set-variable>
            </ee:variables>
        </ee:transform>
        <flow-ref doc:name="getFilesInfoSubFlow" doc:id="efe30955-f8d7-4c28-a3ca-72b3b6b36c15" name="getFilesInfoSubFlow" />
    </flow>
    <flow name="get:\api\v1\files\metadata:sharepoint-accelerator-sys-api-config">
        <ee:transform doc:name="set var filePath" doc:id="99f7299a-c1a9-440d-acae-e565e625fb9c">
            <ee:message />
            <ee:variables>
                <ee:set-variable variableName="filePath"><![CDATA[%dw 2.0
output application/json
---
attributes.queryParams.'filePath' default ""]]></ee:set-variable>
            </ee:variables>
        </ee:transform>
        <flow-ref doc:name="getFileMetadataSubFlow" doc:id="d45d743b-84cc-4acc-ae0f-5e32c63c6487" name="getFileMetadataSubFlow" />
    </flow>
    <flow name="get:\api\v1\files\copy:sharepoint-accelerator-sys-api-config">
        <ee:transform doc:name="set var sourcePath and destinationPath" doc:id="8356d72f-9f6e-4928-9d12-4265aced580f">
            <ee:message />
            <ee:variables>
                <ee:set-variable variableName="sourcePath"><![CDATA[%dw 2.0
output application/json
---
attributes.queryParams.'sourcePath' default ""]]></ee:set-variable>
                <ee:set-variable variableName="destinationPath"><![CDATA[%dw 2.0
output application/json
---
attributes.queryParams.'destinationPath' default ""]]></ee:set-variable>
            </ee:variables>
        </ee:transform>
        <flow-ref doc:name="copyFileSubFlow" doc:id="6d6f7a87-6055-4376-b499-2d7085425b9f" name="copyFileSubFlow" />
    </flow>
    <flow name="get:\api\v1\files\move:sharepoint-accelerator-sys-api-config">
        <ee:transform doc:name="set var sourcePath and destinationPath" doc:id="d5fe972e-7847-4741-8f91-9f3e67872b3d">
            <ee:message />
            <ee:variables>
                <ee:set-variable variableName="sourcePath"><![CDATA[%dw 2.0
output application/json
---
attributes.queryParams.'sourcePath' default ""]]></ee:set-variable>
                <ee:set-variable variableName="destinationPath"><![CDATA[%dw 2.0
output application/json
---
attributes.queryParams.'destinationPath' default ""]]></ee:set-variable>
            </ee:variables>
        </ee:transform>
        <flow-ref doc:name="moveFileSubFlow" doc:id="c1faa052-d879-4911-9b19-da6be0893a28" name="moveFileSubFlow" />
    </flow>
</mule>
