<?xml version="1.0" encoding="UTF-8"?>

<mule xmlns:ee="http://www.mulesoft.org/schema/mule/ee/core"
	xmlns:http="http://www.mulesoft.org/schema/mule/http" xmlns="http://www.mulesoft.org/schema/mule/core"
	xmlns:doc="http://www.mulesoft.org/schema/mule/documentation"
	xmlns:xsi="http://www.w3.org/2001/XMLSchema-instance" xsi:schemaLocation="
http://www.mulesoft.org/schema/mule/ee/core http://www.mulesoft.org/schema/mule/ee/core/current/mule-ee.xsd http://www.mulesoft.org/schema/mule/core http://www.mulesoft.org/schema/mule/core/current/mule.xsd
http://www.mulesoft.org/schema/mule/http http://www.mulesoft.org/schema/mule/http/current/mule-http.xsd">
	<flow name="post-sitesFlow" doc:id="8138bcfe-9a6b-4087-9d47-fd0800df202a" >
		<logger level="INFO" doc:name="Flow Start" doc:id="40e904b8-974a-4277-853c-3f6c010b2750" message='#[%dw 2.0&#10;output application/json&#10;---&#10;"CorrelationId : " ++ vars.correlationId ++ " Upload file Started"]' />
		<ee:transform doc:name="Request Body For POST" doc:id="fecf23c9-2dc8-4b6d-bc54-e1e322a1ea10">
			<ee:message />
			<ee:variables>
				<ee:set-variable variableName="body"><![CDATA[%dw 2.0
output application/json
---
payload]]></ee:set-variable>
			</ee:variables>
		</ee:transform>
		<until-successful maxRetries="${until-successful.maxRetries}" doc:name="Until Successful" doc:id="7352e0cb-cf6f-4409-9b52-73726aafd138" millisBetweenRetries="${until-successful.millisBetweenRetries}">
			<try doc:name="Try" doc:id="4fb57944-2505-49f2-8652-86d8927433bc">
				<http:request method="POST" doc:name="HTTP POST Sites to mecp-prc-api" doc:id="299324fe-db58-481d-bb8a-a79b019f9cd0" config-ref="mecp_prc_api_request" path="${prc.sitesPath}" sendCorrelationId="ALWAYS" correlationId="#[vars.correlationId]">
					<http:body><![CDATA[#[vars.body]]]></http:body>
					<http:headers ><![CDATA[#[vars.settingRequiredHeaders]]]></http:headers>
				
</http:request>
				<error-handler>
					<on-error-propagate enableNotifications="true" logException="true" doc:name="On Error Propagate" doc:id="baf62128-ba63-48af-ba13-c637c0f57c53" type="ANY">
						<logger level="ERROR" doc:name="Error Message" doc:id="daf7eeda-480f-4233-8acb-32664d84ad98" message='#[error.errorType.asString ++ " Error occured while connecting to SIEBEL"]' />
					</on-error-propagate>
				</error-handler>
			</try>
		</until-successful> 
		<ee:transform doc:name="Response From POST Call" doc:id="8b503895-9216-4524-88b8-f9cd36c75cc9">
			<ee:message>
				<ee:set-payload><![CDATA[%dw 2.0
output application/json
---
payload]]></ee:set-payload>
			</ee:message>
		</ee:transform>
		<logger level="INFO" doc:name="Flow End" doc:id="dcda6cc2-52ff-48bc-a6e0-ea2ddac8b243" message='#[%dw 2.0&#10;output application/json&#10;---&#10;"CorrelationId : " ++ vars.correlationId ++ " Upload file ended"]'/>
	</flow>
</mule>
