<?xml version="1.0" encoding="UTF-8"?>

<mule xmlns:db="http://www.mulesoft.org/schema/mule/db"
	xmlns:sharepoint="http://www.mulesoft.org/schema/mule/sharepoint"
	xmlns:ee="http://www.mulesoft.org/schema/mule/ee/core"
	xmlns:box="http://www.mulesoft.org/schema/mule/box"
	xmlns:http="http://www.mulesoft.org/schema/mule/http"
	xmlns="http://www.mulesoft.org/schema/mule/core"
	xmlns:doc="http://www.mulesoft.org/schema/mule/documentation"
	xmlns:xsi="http://www.w3.org/2001/XMLSchema-instance"
	xsi:schemaLocation="http://www.mulesoft.org/schema/mule/core http://www.mulesoft.org/schema/mule/core/current/mule.xsd
http://www.mulesoft.org/schema/mule/http http://www.mulesoft.org/schema/mule/http/current/mule-http.xsd
http://www.mulesoft.org/schema/mule/box http://www.mulesoft.org/schema/mule/box/current/mule-box.xsd
http://www.mulesoft.org/schema/mule/ee/core http://www.mulesoft.org/schema/mule/ee/core/current/mule-ee.xsd
http://www.mulesoft.org/schema/mule/sharepoint http://www.mulesoft.org/schema/mule/sharepoint/current/mule-sharepoint.xsd
http://www.mulesoft.org/schema/mule/db http://www.mulesoft.org/schema/mule/db/current/mule-db.xsd">
	<sub-flow name="deleteCustomerByCustomerIdSubFlow" doc:id="d0185e65-f659-4d57-83f8-5ae01249ac98">
		<logger level="INFO" doc:name="Start Log" doc:id="d195c8d9-2a51-48a7-84d0-3081e576ca2f" message="flow started to delete customer by CustomerId: #[vars.customerId]" />
		<ee:transform doc:name="Setting Query and input Parameters" doc:id="29f29883-0722-4c8a-8133-3bc46c324cc4">
			<ee:message />
			<ee:variables>
				<ee:set-variable variableName="query"><![CDATA[%dw 2.0
output application/json
---
"Select CustomerId,FirstName,MiddelInitial,LastName,DateOfBirth from Customer where CustomerId = :customerId"]]></ee:set-variable>
				<ee:set-variable variableName="inputParams"><![CDATA[%dw 2.0
output application/json
---
{
	customerId: vars.customerId
}]]></ee:set-variable>
			</ee:variables>
		</ee:transform>
		<flow-ref doc:name="CustomerSelectQuerySubFlow" doc:id="15044858-edf7-4e05-bfb3-53b32dd4ad84" name="CustomerSelectQuerySubFlow" target="selectPayload" />
		<flow-ref doc:name="deleteConnectorSubFlow" doc:id="9bddc78f-2b47-452a-a19b-31a908d1e690" name="deleteConnectorSubFlow" />
		<ee:transform doc:name="Response" doc:id="265dc03f-af8e-4f21-97b3-446f59fe01f0">
					<ee:message>
						<ee:set-payload><![CDATA[%dw 2.0
output application/json
---
{
  Message: "Customer Details Deleted Successfully",
  Id: vars.customerId
}]]></ee:set-payload>
					</ee:message>
				</ee:transform>
		<logger level="INFO" doc:name="End Log" doc:id="2b843b43-6bc4-4dfd-8ed6-3a5fe89726e6" message="flow ended to delete customer by CustomerId: #[vars.customerId]" />
	</sub-flow>
	<sub-flow name="deleteConnectorSubFlow" doc:id="51bb6f9a-6565-4145-a406-ee13c5d25569" >
		<try doc:name="Try" doc:id="2ce98573-e2b7-4a5d-acd2-d47d4d88e9d8" >
			<db:delete doc:name="Delete Customer" doc:id="1d1638d1-3471-425e-b66d-9608c7d5c235" config-ref="azure-db">
						<db:sql><![CDATA[delete from Customer where CustomerId = :customerId ]]></db:sql>
						<db:input-parameters><![CDATA[#[{
	customerId: vars.customerId
}]]]></db:input-parameters>
					</db:delete>
			<error-handler >
				<on-error-continue enableNotifications="true" logException="true" doc:name="On Error Continue" doc:id="7f188387-4398-4735-948c-121d0c424cbe" type="DB:CONNECTIVITY" >
					<until-successful maxRetries="${until-successful.maxRetries}" doc:name="Until Successful" doc:id="ccb8f143-524e-41b4-aaa9-9a8de74890fa" millisBetweenRetries="${until-successful.millisBetweenRetries}" >
						<logger level="INFO" doc:name="Start Log" doc:id="2f6b314f-d713-4f7f-ae4e-58931760ad38" message="Until Successful started to delete customer by CustomerId: #[vars.customerId]" />
						<db:delete doc:name="Delete Customer" doc:id="560bae9a-d2e9-42f6-b024-16cb4267e696" config-ref="azure-db">
							<db:sql><![CDATA[delete from Customer where CustomerId = :customerId ]]></db:sql>
							<db:input-parameters><![CDATA[#[{
	customerId: vars.customerId
}]]]></db:input-parameters>
						</db:delete>
						<logger level="INFO" doc:name="End Log" doc:id="1e2b124a-c951-46d4-a5f5-c70ba178c27b" message="Until Successful ended to delete customer by CustomerId: #[vars.customerId]" />
					</until-successful>
				</on-error-continue>
			</error-handler>
		</try>
	</sub-flow>
</mule>
