<?xml version="1.0" encoding="UTF-8"?>

<mule xmlns:db="http://www.mulesoft.org/schema/mule/db"
	xmlns:sharepoint="http://www.mulesoft.org/schema/mule/sharepoint"
	xmlns:ee="http://www.mulesoft.org/schema/mule/ee/core"
	xmlns:box="http://www.mulesoft.org/schema/mule/box"
	xmlns:http="http://www.mulesoft.org/schema/mule/http"
	xmlns="http://www.mulesoft.org/schema/mule/core"
	xmlns:doc="http://www.mulesoft.org/schema/mule/documentation"
	xmlns:xsi="http://www.w3.org/2001/XMLSchema-instance"
	xsi:schemaLocation="http://www.mulesoft.org/schema/mule/core http://www.mulesoft.org/schema/mule/core/current/mule.xsd
http://www.mulesoft.org/schema/mule/http http://www.mulesoft.org/schema/mule/http/current/mule-http.xsd
http://www.mulesoft.org/schema/mule/box http://www.mulesoft.org/schema/mule/box/current/mule-box.xsd
http://www.mulesoft.org/schema/mule/ee/core http://www.mulesoft.org/schema/mule/ee/core/current/mule-ee.xsd
http://www.mulesoft.org/schema/mule/sharepoint http://www.mulesoft.org/schema/mule/sharepoint/current/mule-sharepoint.xsd
http://www.mulesoft.org/schema/mule/db http://www.mulesoft.org/schema/mule/db/current/mule-db.xsd">
	<sub-flow name="getCustomersSubFlow" doc:id="024fca0e-d6e0-4afa-8a7c-f7d49c7734d9">
		<logger level="INFO" doc:name="Start Log" doc:id="3b8d34f9-5c5e-4669-a3a8-b09256d4f5aa" message="flow started to fetch customers." />
		<ee:transform doc:name="Setting input paramters for DB" doc:id="5599c650-dc50-4e62-82e0-e6166ea26f6b">
			<ee:message />
			<ee:variables>
				<ee:set-variable variableName="inputParams"><![CDATA[%dw 2.0
output application/json
var qp = attributes.queryParams
---
{     
   ("customerId" : qp.customerId) if (!isBlank(qp.customerId  default "")) ,
   ("firstName" : qp.firstName) if (!isBlank(qp.firstName  default "")),
   ("middelInitial" : qp.middelInitial) if (!isBlank(qp.middelInitial  default "")),
   ("lastName" : qp.lastName) if (!isBlank(qp.lastName  default "")),
   ("dateOfBirth" : qp.dateOfBirth) if (!isBlank(qp.dateOfBirth  default ""))
}]]></ee:set-variable>
			</ee:variables>
		</ee:transform>
		<ee:transform doc:name="Setting and | or query" doc:id="77e236fa-15b3-4efb-922a-8ddcb1d4dd8b">
			<ee:message />
			<ee:variables>
				<ee:set-variable variableName="orQuery"><![CDATA[%dw 2.0
output application/json
var qp = attributes.queryParams

var query = ("Select CustomerId,FirstName,MiddelInitial,LastName,DateOfBirth from Customer where " ++
(if(!isBlank(qp.customerId))("CustomerId=:customerId" ++ if(sizeOf(qp)>1) " OR " else "" ) else "") ++ 
(if(!isBlank(qp.firstName))("FirstName=:firstName" ++ if(sizeOf(qp)>1) " OR " else "" ) else "") ++  
(if(!isBlank(qp.middelInitial))("MiddelInitial=:middelInitial" ++ if(sizeOf(qp)>1) " OR " else "" ) else "") ++ 
 (if(!isBlank(qp.lastName))("LastName=:lastName" ++ if(sizeOf(qp)>1) " OR " else "" ) else "") ++  
 (if(!isBlank(qp.dateOfBirth))("DateOfBirth=:dateOfBirth" ++ if(sizeOf(qp)>1) " OR " else "" ) else ""))
---
if(sizeOf(qp)<1) "Select CustomerId,FirstName,MiddelInitial,LastName,DateOfBirth from Customer" else if (query[-3 to -2] contains "OR") query[0 to -5] else query[0 to -1]]]></ee:set-variable>
				<ee:set-variable variableName="andQuery"><![CDATA[%dw 2.0
output application/json
var qp = attributes.queryParams

var query = ("Select CustomerId,FirstName,MiddelInitial,LastName,DateOfBirth from Customer where " ++
(if(!isBlank(qp.customerId))("CustomerId=:customerId" ++ if(sizeOf(qp)>1) " AND " else "" ) else "") ++ 
(if(!isBlank(qp.firstName))("FirstName=:firstName" ++ if(sizeOf(qp)>1) " AND " else "" ) else "") ++  
(if(!isBlank(qp.middelInitial))("MiddelInitial=:middelInitial" ++ if(sizeOf(qp)>1) " AND " else "" ) else "") ++ 
 (if(!isBlank(qp.lastName))("LastName=:lastName" ++ if(sizeOf(qp)>1) " AND " else "" ) else "") ++  
 (if(!isBlank(qp.dateOfBirth))("DateOfBirth=:dateOfBirth" ++ if(sizeOf(qp)>1) " AND " else "" ) else ""))
---
if(sizeOf(qp)<1) "Select CustomerId,FirstName,MiddelInitial,LastName,DateOfBirth from Customer" else if (query[-4 to -2] contains "AND") query[0 to -5] else query[0 to -1]]]></ee:set-variable>
			</ee:variables>
		</ee:transform>
		<ee:transform doc:name="Setting Query for Select" doc:id="d191c945-0d70-4f07-bfe2-136bee065c8f">
			<ee:message />
			<ee:variables>
				<ee:set-variable variableName="query"><![CDATA[%dw 2.0
output application/json
---
vars.orQuery]]></ee:set-variable>
			</ee:variables>
		</ee:transform>
		<flow-ref doc:name="CustomerSelectQuerySubFlow" doc:id="c32b9e93-4d23-4dc4-9d68-9ca98db292df" name="CustomerSelectQuerySubFlow" />
		<logger level="INFO" doc:name="End Log" doc:id="8bec334d-6d1d-4b28-87d9-25bd210c1cf4" message="flow ended to fetch customers." />
	</sub-flow>
	<sub-flow name="CustomerSelectQuerySubFlow" doc:id="45cb4e18-3a81-4518-9f84-91dd96b7dcd2">
		<flow-ref doc:name="CustomerSelectConnectorSubFlow" doc:id="2abe5ae8-0ea8-4f67-8d6d-4d380944f098" name="CustomerSelectConnectorSubFlow" />
		<choice doc:name="Does the Customer exist?" doc:id="634432e1-e678-4da0-8649-52de98fd8a69">
			<when expression="#[sizeOf(payload) &gt; 0]">
				<ee:transform doc:name="Response" doc:id="10bae204-711b-4ebd-870f-954024931ee1">
					<ee:message>
						<ee:set-payload><![CDATA[%dw 2.0
output application/json
---
payload]]></ee:set-payload>
					</ee:message>
				</ee:transform>
			</when>
			<otherwise>
				<raise-error doc:name="CUSTOMER:NOT_FOUND" doc:id="f48023e8-1d38-42e3-b1c0-c32a9582522c" type="CUSTOMER:NOT_FOUND" description="customer details does not exists." />
			</otherwise>
		</choice>
	</sub-flow>
	<sub-flow name="CustomerSelectConnectorSubFlow"
		doc:id="cd385261-5128-4527-ae4a-c91f2366336c">
		<try doc:name="Try" doc:id="46bd21ae-4102-4d6a-98e2-abd5b3f5c24d" >
			<flow-ref doc:name="CustomerSelectConnectorOperationSubFlow" doc:id="b5003f9d-4588-4ee1-b31e-0ad476afe4d9" name="CustomerSelectConnectorOperationSubFlow"/>
			<error-handler >
				<on-error-continue enableNotifications="true" logException="true" doc:name="On Error Continue" doc:id="c0b63951-3f22-4fb5-858c-c18ca242c59b" type="DB:CONNECTIVITY" >
					<until-successful maxRetries="${until-successful.maxRetries}" doc:name="Until Successful" doc:id="b5bc093e-f218-4478-9519-b6ec90a1032b" millisBetweenRetries="${until-successful.millisBetweenRetries}" >
						<logger level="INFO" doc:name="Start Log" doc:id="ecde80ac-bb87-497b-82a7-098d3ea7e532" message="Until Successful started for Select Operation" />
						<flow-ref doc:name="CustomerSelectConnectorOperationSubFlow" doc:id="049964a5-8dcb-49d5-ae65-9b764bc814d8" name="CustomerSelectConnectorOperationSubFlow" />
						<logger level="INFO" doc:name="End Log" doc:id="1b251b93-4092-41e0-9eb9-b56855fe5d5c" message="Until Successful ended for Select Operation" />
					</until-successful>
				</on-error-continue>
			</error-handler>
		</try>
	</sub-flow>
	<sub-flow name="CustomerSelectConnectorOperationSubFlow" doc:id="510a6b12-84d5-4f6f-8a18-2f69dd8c2618" >
		<db:select doc:name="SELECT Customer" doc:id="9ced7ecb-94f0-4ef1-9bae-589c37e6da2d" config-ref="azure-db">
			<db:sql><![CDATA[#[vars.query]]]></db:sql>
			<db:input-parameters><![CDATA[#[vars.inputParams]]]></db:input-parameters>
		</db:select>
	</sub-flow>
</mule>
