<?xml version="1.0" encoding="UTF-8"?>

<mule xmlns:db="http://www.mulesoft.org/schema/mule/db"
	xmlns:sharepoint="http://www.mulesoft.org/schema/mule/sharepoint"
	xmlns:ee="http://www.mulesoft.org/schema/mule/ee/core"
	xmlns:box="http://www.mulesoft.org/schema/mule/box"
	xmlns:http="http://www.mulesoft.org/schema/mule/http"
	xmlns="http://www.mulesoft.org/schema/mule/core"
	xmlns:doc="http://www.mulesoft.org/schema/mule/documentation"
	xmlns:xsi="http://www.w3.org/2001/XMLSchema-instance"
	xsi:schemaLocation="http://www.mulesoft.org/schema/mule/core http://www.mulesoft.org/schema/mule/core/current/mule.xsd
http://www.mulesoft.org/schema/mule/http http://www.mulesoft.org/schema/mule/http/current/mule-http.xsd
http://www.mulesoft.org/schema/mule/box http://www.mulesoft.org/schema/mule/box/current/mule-box.xsd
http://www.mulesoft.org/schema/mule/ee/core http://www.mulesoft.org/schema/mule/ee/core/current/mule-ee.xsd
http://www.mulesoft.org/schema/mule/sharepoint http://www.mulesoft.org/schema/mule/sharepoint/current/mule-sharepoint.xsd
http://www.mulesoft.org/schema/mule/db http://www.mulesoft.org/schema/mule/db/current/mule-db.xsd">
	<sub-flow name="getCustomerByCustomerIdSubFlow"
		doc:id="cfe2f6be-526f-493c-9c97-4a74e901625e">
		<logger level="INFO" doc:name="Start Log"
			doc:id="f71470ad-5991-4797-abb6-d71734013b83"
			message="flow started to get customer by CustomerId: #[vars.customerId]" />
		<ee:transform
			doc:name="Setting Query and input Parameters"
			doc:id="a8b69520-9932-4db0-8f12-9bcbc9a3f38d">
			<ee:message>
			</ee:message>
			<ee:variables>
				<ee:set-variable variableName="query"><![CDATA[%dw 2.0
output application/json
---
"Select CustomerId,FirstName,MiddelInitial,LastName,DateOfBirth from Customer where CustomerId = :customerId"]]></ee:set-variable>
				<ee:set-variable variableName="inputParams"><![CDATA[%dw 2.0
output application/json
---
{
	customerId: vars.customerId
}]]></ee:set-variable>
			</ee:variables>
		</ee:transform>
		<flow-ref doc:name="CustomerSelectQuerySubFlow" doc:id="7bfb87eb-dd2d-4988-b732-c8184eb0b7d7" name="CustomerSelectQuerySubFlow" />
		<logger level="INFO" doc:name="End Log" doc:id="cfe1937a-864c-4c36-bbe3-72d9fee4f2ab" message="flow ended to get customer by CustomerId: #[vars.customerId]" />
	</sub-flow>
</mule>
