<?xml version="1.0" encoding="UTF-8"?>

<mule
	xmlns:db="http://www.mulesoft.org/schema/mule/db"
	xmlns:sharepoint="http://www.mulesoft.org/schema/mule/sharepoint"
	xmlns:ee="http://www.mulesoft.org/schema/mule/ee/core"
	xmlns:box="http://www.mulesoft.org/schema/mule/box"
	xmlns:http="http://www.mulesoft.org/schema/mule/http"
	xmlns="http://www.mulesoft.org/schema/mule/core"
	xmlns:doc="http://www.mulesoft.org/schema/mule/documentation"
	xmlns:xsi="http://www.w3.org/2001/XMLSchema-instance" xsi:schemaLocation="http://www.mulesoft.org/schema/mule/core http://www.mulesoft.org/schema/mule/core/current/mule.xsd
http://www.mulesoft.org/schema/mule/http http://www.mulesoft.org/schema/mule/http/current/mule-http.xsd
http://www.mulesoft.org/schema/mule/box http://www.mulesoft.org/schema/mule/box/current/mule-box.xsd
http://www.mulesoft.org/schema/mule/ee/core http://www.mulesoft.org/schema/mule/ee/core/current/mule-ee.xsd
http://www.mulesoft.org/schema/mule/sharepoint http://www.mulesoft.org/schema/mule/sharepoint/current/mule-sharepoint.xsd
http://www.mulesoft.org/schema/mule/db http://www.mulesoft.org/schema/mule/db/current/mule-db.xsd">
	<sub-flow name="postCustomerSubFlow" doc:id="024fca0e-d6e0-4afa-8a7c-f7d49c7734d9">
		<logger level="INFO" doc:name="Start Log" doc:id="3b8d34f9-5c5e-4669-a3a8-b09256d4f5aa" message="flow started to create customer." />
		<ee:transform doc:name="Mapping" doc:id="ad89bec1-363a-4c47-a169-6cc1f3762c94">
				<ee:message />
				<ee:variables>
					<ee:set-variable variableName="customerPayload"><![CDATA[%dw 2.0
output application/json
---
{
    "FirstName": payload.'firstName',
    "MiddelInitial": payload.'middelInitial',
    "LastName": payload.'lastName',
    "DateOfBirth": payload.'dateOfBirth'
}]]></ee:set-variable>
				</ee:variables>
			</ee:transform>
		<flow-ref doc:name="customerInsertConnectorSubFlow" doc:id="a3889a86-16a2-4fc7-aa62-3d982bdd308c" name="customerInsertConnectorSubFlow" />
		<ee:transform doc:name="Response" doc:id="fed6e331-a86c-4c7a-8ff2-14c74a7c7c69">
			<ee:message>
				<ee:set-payload><![CDATA[%dw 2.0
output application/json
---
{
  Message: "Details Inserted Successfully",
  Id: payload..'GENERATED_KEY'[0]
}]]></ee:set-payload>
			</ee:message>
		</ee:transform>
		<logger level="INFO" doc:name="End Log" doc:id="8bec334d-6d1d-4b28-87d9-25bd210c1cf4" message="flow ended to create customer." />
	</sub-flow>
	<sub-flow name="customerInsertConnectorSubFlow" doc:id="bde5644e-de7f-4d2d-ac8c-5182707a8c9b" >
		<try doc:name="Try" doc:id="1ad61f91-af0d-49c2-86d9-44ad4a06e0a4" >
			<flow-ref doc:name="customerInsertConnectorOperationSubFlow" doc:id="38cbf4ed-f639-42d3-9124-04021701929e" name="customerInsertConnectorOperationSubFlow"/>
			<error-handler >
				<on-error-continue enableNotifications="true" logException="true" doc:name="On Error Continue" doc:id="e25a38dd-c2f0-4ce0-9767-960b52d75d54" type="DB:CONNECTIVITY" >
					<until-successful maxRetries="${until-successful.maxRetries}" doc:name="Until Successful" doc:id="c6355f5e-cb36-4f74-a62c-dca011173493" millisBetweenRetries="${until-successful.millisBetweenRetries}" >
						<logger level="INFO" doc:name="Start Log" doc:id="abd4ce77-321a-4a9d-867b-54e492ba6abe" message="Until Successful started to create customer." />
						<flow-ref doc:name="customerInsertConnectorOperationSubFlow" doc:id="b58d2f51-6a9a-4a2f-8539-977081d2357d" name="customerInsertConnectorOperationSubFlow" />
						<logger level="INFO" doc:name="End Log" doc:id="91dcc8b5-4650-4cd7-9609-4aef2372260f" message="Until Successful ended to create customer." />
					</until-successful>
				</on-error-continue>
			</error-handler>
		</try>
	</sub-flow>
	<sub-flow name="customerInsertConnectorOperationSubFlow" doc:id="91bba1ba-7fdb-480f-bcc5-45432a8074b5" >
		<db:insert doc:name="Insert Customer" doc:id="77993363-8c44-47e9-8533-e3a116998808" config-ref="azure-db" autoGenerateKeys="true">
				<db:sql><![CDATA[INSERT INTO Customer (
                FirstName,
                MiddelInitial,
                LastName,
                DateOfBirth
                ) VALUES (
                :firstName,
                :middelInitial,
                :lastName,
                :dateOfBirth
                )
            ]]></db:sql>
				<db:input-parameters><![CDATA[#[{
    "firstName": vars.customerPayload.'FirstName',
    "middelInitial": vars.customerPayload.'MiddelInitial',
    "lastName": vars.customerPayload.'LastName',
    "dateOfBirth": vars.customerPayload.'DateOfBirth'
}]]]></db:input-parameters>
			</db:insert>
	</sub-flow>
</mule>
