<?xml version="1.0" encoding="UTF-8"?>

<mule
	xmlns:db="http://www.mulesoft.org/schema/mule/db"
	xmlns:sharepoint="http://www.mulesoft.org/schema/mule/sharepoint"
	xmlns:ee="http://www.mulesoft.org/schema/mule/ee/core"
	xmlns:box="http://www.mulesoft.org/schema/mule/box"
	xmlns:http="http://www.mulesoft.org/schema/mule/http"
	xmlns="http://www.mulesoft.org/schema/mule/core"
	xmlns:doc="http://www.mulesoft.org/schema/mule/documentation"
	xmlns:xsi="http://www.w3.org/2001/XMLSchema-instance" xsi:schemaLocation="http://www.mulesoft.org/schema/mule/core http://www.mulesoft.org/schema/mule/core/current/mule.xsd
http://www.mulesoft.org/schema/mule/http http://www.mulesoft.org/schema/mule/http/current/mule-http.xsd
http://www.mulesoft.org/schema/mule/box http://www.mulesoft.org/schema/mule/box/current/mule-box.xsd
http://www.mulesoft.org/schema/mule/ee/core http://www.mulesoft.org/schema/mule/ee/core/current/mule-ee.xsd
http://www.mulesoft.org/schema/mule/sharepoint http://www.mulesoft.org/schema/mule/sharepoint/current/mule-sharepoint.xsd
http://www.mulesoft.org/schema/mule/db http://www.mulesoft.org/schema/mule/db/current/mule-db.xsd">
	<sub-flow name="updateCustomerByCustomerIdSubFlow" doc:id="024fca0e-d6e0-4afa-8a7c-f7d49c7734d9">
		<logger level="INFO" doc:name="Start Log" doc:id="3b8d34f9-5c5e-4669-a3a8-b09256d4f5aa" message="flow started to update customer by CustomerId: #[vars.customerId]" />
		<ee:transform doc:name="Setting Select Query and Select input Parameters" doc:id="ebaeefcb-8a87-4f4c-ad7a-6ba63766bc6c">
			<ee:message />
			<ee:variables>
				<ee:set-variable variableName="query"><![CDATA[%dw 2.0
output application/json
---
"Select CustomerId,FirstName,MiddelInitial,LastName,DateOfBirth from Customer where CustomerId = :customerId"]]></ee:set-variable>
				<ee:set-variable variableName="inputParams"><![CDATA[%dw 2.0
output application/json
---
{
	customerId: vars.customerId
}]]></ee:set-variable>
			</ee:variables>
		</ee:transform>
		<flow-ref doc:name="CustomerSelectQuerySubFlow" doc:id="1ac7d40f-0418-41a9-98bf-2e7397dae0a5" name="CustomerSelectQuerySubFlow" target="selectPayload" />
		<ee:transform doc:name="Setting Update Input Paramters" doc:id="919f4fb8-9ea2-49f1-9a66-280426fc6892">
			<ee:message>
			</ee:message>
			<ee:variables>
				<ee:set-variable variableName="updatePayload"><![CDATA[%dw 2.0
output application/json
---
{
	"customerId": vars.customerId,
	("firstName": payload.firstName) if(typeOf(payload.firstName) contains  "String"),
	("middelInitial": payload.middelInitial) if(typeOf(payload.middelInitial) contains  "String"),
	("lastName": payload.lastName) if(typeOf(payload.lastName) contains  "String"),
	("dateOfBirth": payload.dateOfBirth) if(typeOf(payload.dateOfBirth) contains  "String")
}]]></ee:set-variable>
			</ee:variables>
		</ee:transform>
		<ee:transform doc:name="Setting Update Query" doc:id="7cff4fa2-1055-4818-aca3-3c16a06a9e61">
			<ee:message>
			</ee:message>
			<ee:variables>
				<ee:set-variable variableName="updateQuery"><![CDATA[%dw 2.0
output application/json

fun isStringType(value : String | Null) = (typeOf(value) contains "String")

var d= vars.updatePayload
var query = "Update Customer set " ++ 
(if(isStringType(d.firstName) and (sizeOf(d)>2)) "FirstName= :firstName," else if (isStringType(d.firstName)) "FirstName= :firstName" else "")
++
(if(isStringType(d.middelInitial) and (sizeOf(d)>2)) "MiddelInitial= :middelInitial," else if (isStringType(d.middelInitial)) "MiddelInitial= :middelInitial" else "")
++
(if(isStringType(d.lastName) and (sizeOf(d)>2)) "LastName= :lastName," else if (isStringType(d.lastName)) "LastName= :lastName" else "")
++
(if(isStringType(d.dateOfBirth) and (sizeOf(d)>2)) "DateOfBirth= :dateOfBirth" else if (isStringType(d.dateOfBirth)) "DateOfBirth= :dateOfBirth" else "")
---
(if(query[-1] contains ",") query[0 to -2] else query) ++ " where CustomerId= :customerId"]]></ee:set-variable>
			</ee:variables>
		</ee:transform>
		<flow-ref doc:name="customerUpdateConnectorSubFlow" doc:id="09dd0a44-44af-41be-a855-9d860be200ac" name="customerUpdateConnectorSubFlow" />
		<ee:transform doc:name="Response" doc:id="630ded95-f270-4844-ae2b-0c56756a2544">
			<ee:message>
				<ee:set-payload><![CDATA[%dw 2.0
output application/json
---
{
  Message: "Customer Details Updated Successfully",
  Id: vars.customerId
}]]></ee:set-payload>
			</ee:message>
		</ee:transform>
		<logger level="INFO" doc:name="End Log" doc:id="8bec334d-6d1d-4b28-87d9-25bd210c1cf4" message="flow ended to update customer by CustomerId: #[vars.customerId]" />
	</sub-flow>
	<sub-flow name="customerUpdateConnectorSubFlow" doc:id="1a527ce4-6a01-4b44-96d0-99ab4365c1c5" >
		<try doc:name="Try" doc:id="9e7bd96a-84c3-414c-95ba-e2e9d48abf40" >
			<flow-ref doc:name="customerUpdateConnectorOperationSubFlow" doc:id="baed5ecf-1404-4a2e-9867-712c4f0c85b7" name="customerUpdateConnectorOperationSubFlow" />
			<error-handler >
				<on-error-continue enableNotifications="true" logException="true" doc:name="On Error Continue" doc:id="cbda33b9-7377-4efb-bab1-b2ca15f544e4" type="DB:CONNECTIVITY" >
					<until-successful maxRetries="${until-successful.maxRetries}" doc:name="Until Successful" doc:id="3fe91a75-03a8-4f6b-9630-38624597a5db" millisBetweenRetries="${until-successful.millisBetweenRetries}" >
						<logger level="INFO" doc:name="Start Log" doc:id="62453edf-ca78-45b0-ad27-8e2afbfebdea" message="Until Successful started to update customer by CustomerId: #[vars.customerId]" />
						<flow-ref doc:name="customerUpdateConnectorOperationSubFlow" doc:id="8c2d9df8-d23d-4da9-a407-853958bcc689" name="customerUpdateConnectorOperationSubFlow" />
						<logger level="INFO" doc:name="End Log" doc:id="8a5b666b-8670-46aa-80a7-20f2d21e5b30" message="Until Successful ended to update customer by CustomerId: #[vars.customerId]" />
					</until-successful>
				</on-error-continue>
			</error-handler>
		</try>
	</sub-flow>
	<sub-flow name="customerUpdateConnectorOperationSubFlow" doc:id="354ca368-1a8d-4b73-a423-29499d39a4c0">
		<db:update doc:name="Update Customer" doc:id="fda04f65-2156-4d78-86bc-af995a3a3242" config-ref="azure-db">
				<db:sql><![CDATA[#[vars.updateQuery]]]></db:sql>
				<db:input-parameters><![CDATA[#[vars.updatePayload]]]></db:input-parameters>
			</db:update>
	</sub-flow>
</mule>
