<?xml version="1.0" encoding="UTF-8"?>

<mule xmlns:ee="http://www.mulesoft.org/schema/mule/ee/core"
	xmlns="http://www.mulesoft.org/schema/mule/core" xmlns:doc="http://www.mulesoft.org/schema/mule/documentation"
	xmlns:xsi="http://www.w3.org/2001/XMLSchema-instance"
	xsi:schemaLocation="
http://www.mulesoft.org/schema/mule/ee/core http://www.mulesoft.org/schema/mule/ee/core/current/mule-ee.xsd http://www.mulesoft.org/schema/mule/core http://www.mulesoft.org/schema/mule/core/current/mule.xsd">
	<sub-flow name="SettingRequiredHeaders" doc:id="ba56e653-425f-41be-bffd-88e1ab05b830" >
		<set-variable value="#[%dw 2.0&#xA;output application/json&#xA;---&#xA;attributes.headers.&quot;x-correlation-id&quot; default correlationId]" doc:name="set var correlationId" doc:id="6ff29b87-c6fa-40b9-a25c-5047ffe73bb2" variableName="correlationId" />
		<ee:transform doc:name="Setting Required Headers" doc:id="bfef2ca7-0935-4ed7-9aba-0aac49051d2c">
			<ee:message />
			<ee:variables>
				<ee:set-variable variableName="settingRequiredHeaders"><![CDATA[%dw 2.0
output application/json
---
{
	client_id: "${secure::prc.client_id}",
    client_secret: "${secure::prc.client_secret}",
    correlationId: attributes.headers."x-correlation-id" default correlationId,
    org_name: "vocational"
}]]></ee:set-variable>
			</ee:variables>
		</ee:transform>
	</sub-flow>
</mule>
