<?xml version="1.0" encoding="UTF-8"?>

<mule xmlns:salesforce="http://www.mulesoft.org/schema/mule/salesforce"
	xmlns:db="http://www.mulesoft.org/schema/mule/db"
	xmlns:sharepoint="http://www.mulesoft.org/schema/mule/sharepoint"
	xmlns:ee="http://www.mulesoft.org/schema/mule/ee/core"
	xmlns:box="http://www.mulesoft.org/schema/mule/box"
	xmlns:http="http://www.mulesoft.org/schema/mule/http"
	xmlns="http://www.mulesoft.org/schema/mule/core"
	xmlns:doc="http://www.mulesoft.org/schema/mule/documentation"
	xmlns:xsi="http://www.w3.org/2001/XMLSchema-instance" xsi:schemaLocation="http://www.mulesoft.org/schema/mule/core http://www.mulesoft.org/schema/mule/core/current/mule.xsd
http://www.mulesoft.org/schema/mule/http http://www.mulesoft.org/schema/mule/http/current/mule-http.xsd
http://www.mulesoft.org/schema/mule/box http://www.mulesoft.org/schema/mule/box/current/mule-box.xsd
http://www.mulesoft.org/schema/mule/ee/core http://www.mulesoft.org/schema/mule/ee/core/current/mule-ee.xsd
http://www.mulesoft.org/schema/mule/sharepoint http://www.mulesoft.org/schema/mule/sharepoint/current/mule-sharepoint.xsd
http://www.mulesoft.org/schema/mule/db http://www.mulesoft.org/schema/mule/db/current/mule-db.xsd
http://www.mulesoft.org/schema/mule/salesforce http://www.mulesoft.org/schema/mule/salesforce/current/mule-salesforce.xsd">
	<flow name="db-to-sf-trigger-flow" doc:id="c59c4010-3276-47b0-b29d-ef5dfad2eb14" >
		<db:listener doc:name="On Table Row" doc:id="f2399064-54ca-4b34-8c72-2279e3c0701d" config-ref="Database_Config" table="joblisting" watermarkColumn="lastmodifieddate">
			<scheduling-strategy >
				<fixed-frequency />
			</scheduling-strategy>
		</db:listener>
		<logger level="INFO" doc:name="Flow Start" doc:id="61546842-a6d4-4a60-9030-d55608548798" message='#[vars.correlationId default "" ++ " flow started to transfer data from database to salesforce - at : " ++ now()]'/>
		<ee:transform doc:name="save db payload in variable" doc:id="48d176e5-380b-4dd8-a7e5-e18c3e57220d" >
			<ee:message >
			</ee:message>
			<ee:variables >
				<ee:set-variable variableName="dbPayload" ><![CDATA[%dw 2.0
output application/json
---
payload]]></ee:set-variable>
				<ee:set-variable variableName="jobId" ><![CDATA[%dw 2.0
output application/json
---
payload.jobid]]></ee:set-variable>
			</ee:variables>
		</ee:transform>
		<flow-ref doc:name="company-name-logic-along-with-request-body-subflow" doc:id="47b617ba-ec40-4f8e-9f10-b547e273efd5" name="company-name-logic-along-with-request-body-subflow" />
		<flow-ref doc:name="SettingRequiredHeaders" doc:id="fa53179f-0c43-4e8e-b1d2-64c5b46fc1e5" name="SettingRequiredHeaders" />
		<flow-ref doc:name="get-job-call-subFlow" doc:id="766e83d1-4b2a-427b-a0ef-0f7d519d69f1" name="get-job-call-subFlow" />
		<choice doc:name="Choice" doc:id="df2e0f99-2b74-431e-be85-8f5c6539025b" >
			<when expression="#[sizeOf(payload) &gt; 0]">
				<flow-ref doc:name="update-job-call-subFlow" doc:id="3b495e3a-8b67-4db0-a1a9-475e33abc624" name="update-job-call-subFlow" />
			</when>
			<otherwise>
				<flow-ref doc:name="create-job-call-subFlow" doc:id="f991e546-8584-43ff-8050-2bdd4b5a7997" name="create-job-call-subFlow" />
			</otherwise>
		</choice>
		<ee:transform doc:name="Set Response" doc:id="6109826a-f7b3-4260-a5bf-487735216d7b" >
			<ee:message >
				<ee:set-payload ><![CDATA[%dw 2.0
output application/json
---
payload]]></ee:set-payload>
			</ee:message>
		</ee:transform>
		<logger level="INFO" doc:name="Flow End" doc:id="8d39485d-55b6-4d37-b484-a22540c03413" message='#[vars.correlationId default "" ++ " flow ended to transfer data from database to salesforce - at : " ++ now()]'/>
	</flow>
	<sub-flow name="company-name-logic-along-with-request-body-subflow" doc:id="b6fc922b-3b2c-44a4-898f-c1789b947337">
		<salesforce:query doc:name="Checks if the company name is available in salesforce or not." doc:id="332a802f-948a-493a-9f91-d1ffa8063828" config-ref="Salesforce_Config">
			<salesforce:salesforce-query><![CDATA[SELECT Id, Name FROM Account WHERE Name=':name']]></salesforce:salesforce-query>
			<salesforce:parameters><![CDATA[#[output application/json
---
{
	name : vars.dbPayload.cname
}]]]></salesforce:parameters>
		
</salesforce:query>
		<choice doc:name="If company name is found, it returns the existing ID; if not, it creates a new account and returns its ID for further processing." doc:id="2b91d99e-06f5-4be0-b2e7-48274af9e4cd">
			<when expression="#[sizeOf(payload) &gt; 0]">
				<ee:transform doc:name="Set Request" doc:id="fcabb7b0-0f3a-44d7-be91-bb17468ce214">
			<ee:message>
			</ee:message>
			<ee:variables>
				<ee:set-variable variableName="body"><![CDATA[%dw 2.0
output application/json
---
{
	"jobId": vars.dbPayload.jobid as String,
	"jTitle": vars.dbPayload.jtitle,
	("jDescription": vars.dbPayload.jdescription) if(typeOf(vars.dbPayload.jdescription) contains "String"),
	("jLocation": vars.dbPayload.jlocation) if(typeOf(vars.dbPayload.jlocation) contains "String"),
	"cName": payload[0].Id,
	("jType": vars.dbPayload.jtype) if(typeOf(vars.dbPayload.jtype) contains "String"),
	("applicationDeadline": vars.dbPayload.applicationdeadline) if(typeOf(vars.dbPayload.applicationdeadline) contains "String"),
	("expLevel": vars.dbPayload.explevel) if(typeOf(vars.dbPayload.explevel) contains "String"),
	("skillAndQual": vars.dbPayload.skillandqual) if(typeOf(vars.dbPayload.skillandqual) contains "String"),
	"jStatus": vars.dbPayload.jstatus
}]]></ee:set-variable>
			</ee:variables>
		</ee:transform>
			</when>
			<otherwise>
						<salesforce:create type="Account" doc:name="Create the account with the provided company name." doc:id="e6aa891f-8fb3-4a6b-a372-e06a5de29d5e" config-ref="Salesforce_Config">
			<salesforce:records><![CDATA[#[[
    {
        "Name": vars.dbPayload.cname
    }
]]]]></salesforce:records>
		</salesforce:create>
				<ee:transform doc:name="Set Request" doc:id="f3c9ff05-cb49-4c78-836f-9e4c0ccaab46">
					<ee:message />
					<ee:variables>
						<ee:set-variable variableName="body"><![CDATA[%dw 2.0
output application/json
---
{
	"jobId": vars.dbPayload.jobid as String,
	"jTitle": vars.dbPayload.jtitle,
	("jDescription": vars.dbPayload.jdescription) if(typeOf(vars.dbPayload.jdescription) contains "String"),
	("jLocation": vars.dbPayload.jlocation) if(typeOf(vars.dbPayload.jlocation) contains "String"),
	"cName": payload.items[0].id,
	("jType": vars.dbPayload.jtype) if(typeOf(vars.dbPayload.jtype) contains "String"),
	("applicationDeadline": vars.dbPayload.applicationdeadline) if(typeOf(vars.dbPayload.applicationdeadline) contains "String"),
	("expLevel": vars.dbPayload.explevel) if(typeOf(vars.dbPayload.explevel) contains "String"),
	("skillAndQual": vars.dbPayload.skillandqual) if(typeOf(vars.dbPayload.skillandqual) contains "String"),
	"jStatus": vars.dbPayload.jstatus
}]]></ee:set-variable>
					</ee:variables>
				</ee:transform>
			</otherwise>
		</choice>
	</sub-flow>
	<sub-flow name="get-job-call-subFlow" doc:id="b8b66569-2676-4889-acbe-24cd108941dc">
		<try doc:name="Try" doc:id="6f1ef40d-308b-41c9-8a8f-8cf7900665e6">
			<http:request method="GET" doc:name="HTTP GET call to common-prc-api" doc:id="da8d8bd9-ae25-4784-b6a6-da86cb3e5ab7" config-ref="common_prc_api_request" path="${prc.jobByIdPath}" sendCorrelationId="ALWAYS" correlationId="#[vars.correlationId]">
				<http:headers><![CDATA[#[vars.settingRequiredHeaders]]]></http:headers>
				<http:uri-params><![CDATA[#[output application/json
---
{
	jobId : vars.jobId
}]]]></http:uri-params>
			</http:request>
			<error-handler>
				<on-error-propagate enableNotifications="true" logException="true" doc:name="On Error Propagate" doc:id="540a0c51-6761-427c-8af0-94c54adc01cf" type="ANY">
					<logger level="ERROR" doc:name="Error Message" doc:id="020c855d-4e8e-41d7-b096-071fd47b6112" message='#[error.errorType.asString ++ " Error occured while connecting to PRC API"]' />
				</on-error-propagate>
			</error-handler>
		</try>
	</sub-flow>
	<sub-flow name="create-job-call-subFlow" doc:id="45227114-1a3b-4444-9964-94ec243d8eaa">
		<try doc:name="Try" doc:id="4db97c6e-a26b-40ff-ad12-d5c961b541f9">
					<http:request method="POST" doc:name="HTTP POST call to common-prc-api" doc:id="02eda27d-d075-4971-8476-2fe7b790d928" config-ref="common_prc_api_request" path="${prc.jobPath}" sendCorrelationId="ALWAYS" correlationId="#[vars.correlationId]">
						<http:body><![CDATA[#[[vars.body]]]]></http:body>
						<http:headers><![CDATA[#[vars.settingRequiredHeaders]]]></http:headers>
					</http:request>
					<error-handler>
						<on-error-propagate enableNotifications="true" logException="true" doc:name="On Error Propagate" doc:id="c63757d7-6668-47bb-be0d-63d233b7f1a0" type="ANY">
							<logger level="ERROR" doc:name="Error Message" doc:id="c61707fb-6702-4599-85e7-88a133c2ec7a" message='#[error.errorType.asString ++ " Error occured while connecting to PRC API"]' />
						</on-error-propagate>
					</error-handler>
				</try>
	</sub-flow>
	<sub-flow name="update-job-call-subFlow" doc:id="9071b842-1583-40ec-a6e0-b6c32b86f270">
		<try doc:name="Try" doc:id="0dad4b44-24ea-4d72-8897-f8d62aa2dae2">
					<http:request method="PATCH" doc:name="HTTP PATCH call to common-prc-api" doc:id="b4be660f-b541-47c9-a9c3-f94ca0c5f3c9" config-ref="common_prc_api_request" path="${prc.jobByIdPath}" sendCorrelationId="ALWAYS" correlationId="#[vars.correlationId]">
						<http:body><![CDATA[#[vars.body]]]></http:body>
						<http:headers><![CDATA[#[vars.settingRequiredHeaders]]]></http:headers>
						<http:uri-params><![CDATA[#[output application/json
---
{
	jobId : vars.jobId
}]]]></http:uri-params>
					</http:request>
					<error-handler>
						<on-error-propagate enableNotifications="true" logException="true" doc:name="On Error Propagate" doc:id="08153f59-24f2-4c24-8988-0368720a7bba" type="ANY">
							<logger level="ERROR" doc:name="Error Message" doc:id="faa2fc54-8492-4c6f-8517-d3f132edb74a" message='#[error.errorType.asString ++ " Error occured while connecting to PRC API"]' />
						</on-error-propagate>
					</error-handler>
				</try>
	</sub-flow>
</mule>
