<?xml version="1.0" encoding="UTF-8"?>

<mule xmlns:salesforce="http://www.mulesoft.org/schema/mule/salesforce"
	xmlns:db="http://www.mulesoft.org/schema/mule/db"
	xmlns:sharepoint="http://www.mulesoft.org/schema/mule/sharepoint"
	xmlns:secure-properties="http://www.mulesoft.org/schema/mule/secure-properties"
	xmlns:ee="http://www.mulesoft.org/schema/mule/ee/core"
	xmlns:apikit="http://www.mulesoft.org/schema/mule/mule-apikit"
	xmlns:api-gateway="http://www.mulesoft.org/schema/mule/api-gateway"
	xmlns:http="http://www.mulesoft.org/schema/mule/http"
	xmlns:box="http://www.mulesoft.org/schema/mule/box"
	xmlns="http://www.mulesoft.org/schema/mule/core"
	xmlns:doc="http://www.mulesoft.org/schema/mule/documentation"
	xmlns:xsi="http://www.w3.org/2001/XMLSchema-instance" xsi:schemaLocation="
http://www.mulesoft.org/schema/mule/db http://www.mulesoft.org/schema/mule/db/current/mule-db.xsd 
http://www.mulesoft.org/schema/mule/mule-apikit http://www.mulesoft.org/schema/mule/mule-apikit/current/mule-apikit.xsd 
http://www.mulesoft.org/schema/mule/http http://www.mulesoft.org/schema/mule/http/current/mule-http.xsd http://www.mulesoft.org/schema/mule/core http://www.mulesoft.org/schema/mule/core/current/mule.xsd
http://www.mulesoft.org/schema/mule/box http://www.mulesoft.org/schema/mule/box/current/mule-box.xsd
http://www.mulesoft.org/schema/mule/api-gateway http://www.mulesoft.org/schema/mule/api-gateway/current/mule-api-gateway.xsd
http://www.mulesoft.org/schema/mule/secure-properties http://www.mulesoft.org/schema/mule/secure-properties/current/mule-secure-properties.xsd
http://www.mulesoft.org/schema/mule/sharepoint http://www.mulesoft.org/schema/mule/sharepoint/current/mule-sharepoint.xsd
http://www.mulesoft.org/schema/mule/salesforce http://www.mulesoft.org/schema/mule/salesforce/current/mule-salesforce.xsd">
	<http:listener-config name="HTTP_Listener_config"
		doc:name="HTTP Listener config"
		doc:id="0b818e5e-5b2b-41a4-ba99-239efebb311f">
		<http:listener-connection host="${http.host}"
			port="${http.port}" />
	</http:listener-config>
	<db:config name="azure-db" doc:name="Database Config"
		doc:id="b19fe972-25d6-4098-9001-4e9a20c87847">
		<db:mssql-connection host="${db.host}"
			port="${db.port}" user="${secure::db.user}"
			password="${secure::db.password}" databaseName="${db.dbName}" />
	</db:config>
	<configuration-properties
		doc:name="Env Specific Configuration properties"
		doc:id="52bc1281-27e7-411f-b6b0-777782187adf"
		file="properties/${env}.yaml " />
	<global-property doc:name="Global Property"
		doc:id="dd0a430c-6b6b-4e9e-96b1-09b474e7167d" name="env" value="local" />
	<api-gateway:autodiscovery apiId="${api.id}"
		ignoreBasePath="true" doc:name="API Autodiscovery"
		doc:id="bf2b2383-9e2c-4364-9f5b-4504304f6c50"
		flowRef="mssql-accelerator-sys-api-main" />
	<configuration
		doc:name="Global Error Handler Configuration"
		doc:id="39209db8-d6bf-45e7-90b0-8aa3e0751123"
		defaultErrorHandler-ref="global-error-handler" />
	<global-property doc:name="Global Property"
		doc:id="7dc42470-1776-4b9c-a02c-8d8881e0a0da" name="enc.key"
		value="mulesoft12345678" />
	<secure-properties:config
		name="Secure_Properties_Config" doc:name="Secure Properties Config"
		doc:id="2758318e-9881-4cfa-b16d-08392eef945d"
		file="secure/properties/${env}-secure.yaml" key="${enc.key}" />
	<configuration-properties
		doc:name="Secure Configuration Properties"
		doc:id="3c26dfca-afbf-4ef2-8831-f9067edcfd77"
		file="secure/properties/${env}-secure.yaml" />
	<db:config name="Database_Config" doc:name="Database Config"
		doc:id="6d9b0e91-b670-42a9-b9a0-88acbaa403af">
		<db:my-sql-connection
			host="sql12.freesqldatabase.com" port="3306" user="sql12652787"
			password="SGm8xNSaJK" database="sql12652787" />
	</db:config>
	<http:request-config name="common_prc_api_request"
		doc:name="HTTP Request configuration"
		doc:id="6e23b1e5-dc6d-4780-86ba-89862ecad442"
		basePath="${prc.basePath}" requestStreamingMode="ALWAYS">
		<http:request-connection host="${prc.host}"
			port="${prc.port}" />
	</http:request-config>
	<salesforce:sfdc-config name="Salesforce_Config" doc:name="Salesforce Config" doc:id="d7ae0645-598a-4858-96f8-b6f41a6995f1" >
		<salesforce:oauth-user-pass-connection consumerKey="${secure::sf.vocational.consumerKey}" consumerSecret="${secure::sf.vocational.consumerSecret}" username="${secure::sf.vocational.username}" password="${secure::sf.vocational.password}" tokenEndpoint="${secure::sf.vocational.tokenEndpoint}" />
	</salesforce:sfdc-config>
</mule>
