<?xml version="1.0" encoding="UTF-8"?>
<mule xmlns="http://www.mulesoft.org/schema/mule/core" xmlns:apikit="http://www.mulesoft.org/schema/mule/mule-apikit" xmlns:doc="http://www.mulesoft.org/schema/mule/documentation" xmlns:ee="http://www.mulesoft.org/schema/mule/ee/core" xmlns:http="http://www.mulesoft.org/schema/mule/http" xmlns:xsi="http://www.w3.org/2001/XMLSchema-instance" xsi:schemaLocation="http://www.mulesoft.org/schema/mule/core http://www.mulesoft.org/schema/mule/core/current/mule.xsd http://www.mulesoft.org/schema/mule/http http://www.mulesoft.org/schema/mule/http/current/mule-http.xsd http://www.mulesoft.org/schema/mule/mule-apikit http://www.mulesoft.org/schema/mule/mule-apikit/current/mule-apikit.xsd http://www.mulesoft.org/schema/mule/ee/core http://www.mulesoft.org/schema/mule/ee/core/current/mule-ee.xsd ">
    <apikit:config name="mssql-accelerator-sys-api-config" api="mssql-accelerator-sys-api.raml" outboundHeadersMapName="outboundHeaders" httpStatusVarName="httpStatus" />
    <flow name="mssql-accelerator-sys-api-main">
        <http:listener config-ref="HTTP_Listener_config" path="${http.path}">
            <http:response statusCode="#[vars.httpStatus default 200]">
                <http:headers><![CDATA[#[vars.outboundHeaders default {}]]]></http:headers>
            </http:response>
            <http:error-response statusCode="#[vars.httpStatus default 500]">
                <http:body><![CDATA[#[payload]]]></http:body>
                <http:headers><![CDATA[#[vars.outboundHeaders default {}]]]></http:headers>
            </http:error-response>
        </http:listener>
        <set-variable value="#[%dw 2.0&#xA;output application/json&#xA;---&#xA;attributes.headers.&quot;x-correlation-id&quot; default correlationId]" doc:name="set var correlationId" doc:id="ecabc8dd-fffc-4a26-bcf8-0d2ce17f9d85" variableName="correlationId" />
        <logger level="INFO" doc:name="mssql-accelerator-sys-api started" doc:id="2c162b86-543f-485c-bf88-62cffb03f890" message="mssql-accelerator-sys-api started" />
        <apikit:router config-ref="mssql-accelerator-sys-api-config" />
        <logger level="INFO" doc:name="mssql-accelerator-sys-api ended" doc:id="ebf54894-4eef-45ba-84b2-9e3657ee2d23" message="mssql-accelerator-sys-api ended" />
        <error-handler ref="global-error-handler" />
    </flow>
    <flow name="mssql-accelerator-sys-api-console">
        <http:listener config-ref="HTTP_Listener_config" path="/console/*">
            <http:response statusCode="#[vars.httpStatus default 200]">
                <http:headers>#[vars.outboundHeaders default {}]</http:headers>
            </http:response>
            <http:error-response statusCode="#[vars.httpStatus default 500]">
                <http:body>#[payload]</http:body>
                <http:headers>#[vars.outboundHeaders default {}]</http:headers>
            </http:error-response>
        </http:listener>
        <choice doc:name="Enable/Disable Console" doc:id="59950df2-0462-4e3d-adf9-daed65e7001e">
            <when expression="${api.viewConsole} ">
                <apikit:console config-ref="mssql-accelerator-sys-api-config" />
            </when>
            <otherwise>
                <ee:transform doc:name="The Console is disabled." doc:id="cce82f55-4ede-4b45-aaa8-fe8365d8fb41">
                    <ee:message>
                        <ee:set-payload><![CDATA[%dw 2.0
output application/json
---
"The Console is disabled."]]></ee:set-payload>
                    </ee:message>
                </ee:transform>
            </otherwise>
        </choice>
        <error-handler ref="global-error-handler" />
    </flow>
    <flow name="get:\api\v1\ping:mssql-accelerator-sys-api-config">
        <ee:transform doc:name="Response" doc:id="20d594a8-e9cd-4fb4-8993-e45d0367fb10">
            <ee:message>
                <ee:set-payload><![CDATA[%dw 2.0
output application/json
---
{
  status: "UP",
  api: "${api.name}",
  env: "${api.env}",
  timestamp: now() as String {format: "dd/MM/yyyy HH:mm:SS"}
}]]></ee:set-payload>
            </ee:message>
        </ee:transform>
    </flow>
    <flow name="get:\api\v1\health-check:mssql-accelerator-sys-api-config">
        <ee:transform doc:name="Response" doc:id="e70b54fb-e034-4cfb-a72a-189ecb198277">
            <ee:message>
                <ee:set-payload><![CDATA[%dw 2.0
output application/json
---
{
  response: {
    application: "${api.name}",
    buildversion: "${api.buildversion}",
    buildTimestamp: now() as String {format: "dd/MM/yyyy HH:mm:SS"},
    status: "UP",
    env: "${api.env}",
    systems: [
      {
        name: "Database",
        status: "UP" // need to add this.
      }
    ]
  }
}]]></ee:set-payload>
            </ee:message>
        </ee:transform>
    </flow>
    <flow name="get:\api\v1\customers:mssql-accelerator-sys-api-config">
        <flow-ref doc:name="getCustomersSubFlow" doc:id="3159b038-dd2d-46a5-a12b-49ca7e3ca847" name="getCustomersSubFlow" />
    </flow>
    <flow name="get:\api\v1\customers\(customerId):mssql-accelerator-sys-api-config">
        <ee:transform doc:name="variable customerId" doc:id="2bcb952a-c957-4fbd-85f4-c0d1097585f3">
            <ee:message />
            <ee:variables>
                <ee:set-variable variableName="customerId"><![CDATA[%dw 2.0
output application/json
---
attributes.uriParams.'customerId']]></ee:set-variable>
            </ee:variables>
        </ee:transform>
        <flow-ref doc:name="getCustomerByCustomerIdSubFlow" doc:id="e9934b2e-21db-417a-9a6f-2563e2d5a996" name="getCustomerByCustomerIdSubFlow" />
    </flow>
    <flow name="post:\api\v1\customers:application\json:mssql-accelerator-sys-api-config">
        <flow-ref doc:name="postCustomerSubFlow" doc:id="41120b74-84db-4b1b-9dfd-7de733a1edc5" name="postCustomerSubFlow" />
    </flow>
    <flow name="put:\api\v1\customers\(customerId):application\json:mssql-accelerator-sys-api-config">
        <ee:transform doc:name="variable customerId" doc:id="245aca76-efd9-40a4-ac24-cee01963b25d">
            <ee:message />
            <ee:variables>
                <ee:set-variable variableName="customerId"><![CDATA[%dw 2.0
output application/json
---
attributes.uriParams.'customerId']]></ee:set-variable>
            </ee:variables>
        </ee:transform>
        <flow-ref doc:name="updateCustomerByCustomerIdSubFlow" doc:id="c7448b56-eeb4-4231-8040-ac85f23e0dfc" name="updateCustomerByCustomerIdSubFlow" />
    </flow>
    <flow name="delete:\api\v1\customers\(customerId):mssql-accelerator-sys-api-config">
        <ee:transform doc:name="variable customerId" doc:id="a0f42ecb-c9c6-4fc4-b85a-48c753c6afd2">
            <ee:message />
            <ee:variables>
                <ee:set-variable variableName="customerId"><![CDATA[%dw 2.0
output application/json
---
attributes.uriParams.'customerId']]></ee:set-variable>
            </ee:variables>
        </ee:transform>
        <flow-ref doc:name="deleteCustomerByCustomerIdSubFlow" doc:id="83d5b4be-c072-4423-b327-068c70540a7a" name="deleteCustomerByCustomerIdSubFlow" />
    </flow>
    <flow name="get:\api\v1\job-listing:mssql-accelerator-sys-api-config">
        <flow-ref doc:name="getJobListingsSubFlow" doc:id="44d65410-0b3b-4b12-94dc-2217995a91e2" name="getJobListingsSubFlow" />
    </flow>
    <flow name="get:\api\v1\job-listing\(jobId):mssql-accelerator-sys-api-config">
        <ee:transform doc:name="variable jobId" doc:id="83599794-a343-4e51-924c-05db43cb357d">
            <ee:message />
            <ee:variables>
                <ee:set-variable variableName="jobId"><![CDATA[%dw 2.0
output application/json
---
attributes.uriParams.'jobId']]></ee:set-variable>
            </ee:variables>
        </ee:transform>
        <flow-ref doc:name="getJobListingByJobIdSubFlow" doc:id="78c6ab8e-749e-4a3e-a24c-ab4b93e8f925" name="getJobListingByJobIdSubFlow" />
    </flow>
    <flow name="post:\api\v1\job-listing:application\json:mssql-accelerator-sys-api-config">
        <flow-ref doc:name="postJobListingSubFlow" doc:id="dfc74045-3bd7-4e80-b83d-4d26a66a53ff" name="postJobListingSubFlow" />
    </flow>
    <flow name="patch:\api\v1\job-listing\(jobId):application\json:mssql-accelerator-sys-api-config">
        <ee:transform doc:name="variable jobId" doc:id="05794ab1-fd6a-425b-a851-3c7725080a27">
            <ee:message />
            <ee:variables>
                <ee:set-variable variableName="jobId"><![CDATA[%dw 2.0
output application/json
---
attributes.uriParams.'jobId']]></ee:set-variable>
            </ee:variables>
        </ee:transform>
        <flow-ref doc:name="updateJobListingByJobIdSubFlow" doc:id="8e4ffca0-97a6-4fbc-970e-dffe37e74773" name="updateJobListingByJobIdSubFlow" />
    </flow>
</mule>
