<?xml version="1.0" encoding="UTF-8"?>

<mule xmlns:ee="http://www.mulesoft.org/schema/mule/ee/core" xmlns:http="http://www.mulesoft.org/schema/mule/http"
	xmlns="http://www.mulesoft.org/schema/mule/core"
	xmlns:doc="http://www.mulesoft.org/schema/mule/documentation" xmlns:xsi="http://www.w3.org/2001/XMLSchema-instance" xsi:schemaLocation="http://www.mulesoft.org/schema/mule/core http://www.mulesoft.org/schema/mule/core/current/mule.xsd
http://www.mulesoft.org/schema/mule/http http://www.mulesoft.org/schema/mule/http/current/mule-http.xsd
http://www.mulesoft.org/schema/mule/ee/core http://www.mulesoft.org/schema/mule/ee/core/current/mule-ee.xsd">
	<sub-flow name="commonCallReportResponseMapping" doc:id="bb1931c9-709d-4aba-a57a-09d41c4aeeaf" >
		<choice doc:name="Choice" doc:id="0c4890d6-66c7-45fa-b12b-75dadb2cccdd" >
			<when expression='#[typeOf(payload.items) contains "Array"]'>
				<ee:transform doc:name="Response From GET Call" doc:id="32f72ee4-5b6f-4da5-b55b-27358553dd71">
			<ee:message>
				<ee:set-payload><![CDATA[%dw 2.0
output application/json
---
payload.items map ((item, index) ->{
    "reportId": item."Id",
    "referenceNumber": item."MOE RN Ref Num",
    "description": item."Description",
    "reportMethod": item."MOE Report Method",
    "callReport": item."Detailed Call Report" default "",
    "pollutionAddress": item."MOE Pollution Location" default "",
    "isDust": item."MOE EP Is Dust" default "",
    "dustDescription": item."MOE EP Dust Desc" default "",
    "isIllegalWasteDumping": item."MOE EP Is Illegal Dump" default "",
    "illegalWasteDumpingDescription": item."MOE EP Illegal Dump Desc" default "",
    "isNoise": item."MOE EP Is Noise" default "",
    "noiseDescription": item."MOE EP Noise Desc" default "",
    "noiseFrequency": item."MOE EP Noise Frequency" default "",
    "noiseDuration": item."MOE EP Noise Duration" default "",
    "noiseIntensity": item."MOE EP Noise Intensity" default "",
    "isOdour": item."MOE EP Is Odour" default "",
    "odourDescription": item."MOE EP Odour Desc" default "",
    "odourDuration": item."MOE EP Odour Duration" default "",
    "odourFrequency":item."MOE EP Odour Frequency" default "",
    "odourIntensity": item."MOE EP Odour Intensity" default "",
    "isOtherIssue": item."MOE EP Is Other" default "",
    "otherIssueDescription": item."MOE EP Other Desc" default "",
    "isSmoke": item."MOE EP Is Smoke" default "",
    "smokeDescription": item."MOE EP Smoke Desc" default "",  
    "pollutionEffectDescription": item."MOE EP Pollution Impact" default "",
    "pollutionSource": item."MOE EP Pollution Src" default "",
    "weatherConditionsDescription": item."MOE EP Weather Desc" default "",
    "windIntensity": item."MOE EP Wind Intensity" default "",
    "utilsServiceContactFirstName": item."MOE Reporter First Name" default "",
    "utilsServiceContactLastName": item."MOE Reporter Last Name" default "",
    "utilsServiceContactEmail": item."MOE Reporter Email" default "",
    "eventDateUTC": item."MOE Date Occured" default "",
    "createdTime": item."Call Date" default "",
    "integrationId":item."MOE Integration Id" default "",
    "portalId":item."MOE Portal Id" default "",
    "status": item."Status" default "",
    "reporterContactId": item."MOE Reporter Contact Id" default "",
    "incidentId": item."MOE Incident Id" default "",
    "incidentStatus": item."MOE Incident Status" default ""
})]]></ee:set-payload>
			</ee:message>
		</ee:transform>
			</when>
			<when expression='#[typeOf(payload) contains "Array"]'>
				<ee:transform doc:name="Response for Post Call" doc:id="08bd98bd-1f72-43c7-9e5b-68041bf7a814">
					<ee:message>
						<ee:set-payload><![CDATA[%dw 2.0
output application/json
---
payload map ((item, index) ->{
    "reportId": item."Id",
    "referenceNumber": item."MOE RN Ref Num",
    "description": item."Description",
    "reportMethod": item."MOE Report Method",
    "callReport": item."Detailed Call Report" default "",
    "pollutionAddress": item."MOE Pollution Location" default "",
    "isDust": item."MOE EP Is Dust" default "",
    "dustDescription": item."MOE EP Dust Desc" default "",
    "isIllegalWasteDumping": item."MOE EP Is Illegal Dump" default "",
    "illegalWasteDumpingDescription": item."MOE EP Illegal Dump Desc" default "",
    "isNoise": item."MOE EP Is Noise" default "",
    "noiseDescription": item."MOE EP Noise Desc" default "",
    "noiseFrequency": item."MOE EP Noise Frequency" default "",
    "noiseDuration": item."MOE EP Noise Duration" default "",
    "noiseIntensity": item."MOE EP Noise Intensity" default "",
    "isOdour": item."MOE EP Is Odour" default "",
    "odourDescription": item."MOE EP Odour Desc" default "",
    "odourDuration": item."MOE EP Odour Duration" default "",
    "odourFrequency":item."MOE EP Odour Frequency" default "",
    "odourIntensity": item."MOE EP Odour Intensity" default "",
    "isOtherIssue": item."MOE EP Is Other" default "",
    "otherIssueDescription": item."MOE EP Other Desc" default "",
    "isSmoke": item."MOE EP Is Smoke" default "",
    "smokeDescription": item."MOE EP Smoke Desc" default "",  
    "pollutionEffectDescription": item."MOE EP Pollution Impact" default "",
    "pollutionSource": item."MOE EP Pollution Src" default "",
    "weatherConditionsDescription": item."MOE EP Weather Desc" default "",
    "windIntensity": item."MOE EP Wind Intensity" default "",
    "utilsServiceContactFirstName": item."MOE Reporter First Name" default "",
    "utilsServiceContactLastName": item."MOE Reporter Last Name" default "",
    "utilsServiceContactEmail": item."MOE Reporter Email" default "",
    "eventDateUTC": item."MOE Date Occured" default "",
    "createdTime": item."Call Date" default "",
    "integrationId":item."MOE Integration Id" default "",
    "portalId":item."MOE Portal Id" default "",
    "status": item."Status" default "",
    "reporterContactId": item."MOE Reporter Contact Id" default "",
    "incidentId": item."MOE Incident Id" default "",
    "incidentStatus": item."MOE Incident Status" default ""
})]]></ee:set-payload>
					</ee:message>
				</ee:transform>
			</when>
			<otherwise>
				<ee:transform doc:name="Response From GET Call" doc:id="ea393ede-2927-4b41-a1be-55ae75ff78d3">
			<ee:message>
				<ee:set-payload><![CDATA[%dw 2.0
output application/json
---
{
    "reportId": payload."Id",
    "referenceNumber": payload."MOE RN Ref Num",
    "description": payload."Description",
    "reportMethod": payload."MOE Report Method",
    "callReport": payload."Detailed Call Report" default "",
    "pollutionAddress": payload."MOE Pollution Location" default "",
    "isDust": payload."MOE EP Is Dust" default "",
    "dustDescription": payload."MOE EP Dust Desc" default "",
    "isIllegalWasteDumping": payload."MOE EP Is Illegal Dump" default "",
    "illegalWasteDumpingDescription": payload."MOE EP Illegal Dump Desc" default "",
    "isNoise": payload."MOE EP Is Noise" default "",
    "noiseDescription": payload."MOE EP Noise Desc" default "",
    "noiseFrequency": payload."MOE EP Noise Frequency" default "",
    "noiseDuration": payload."MOE EP Noise Duration" default "",
    "noiseIntensity": payload."MOE EP Noise Intensity" default "",
    "isOdour": payload."MOE EP Is Odour" default "",
    "odourDescription": payload."MOE EP Odour Desc" default "",
    "odourDuration": payload."MOE EP Odour Duration" default "",
    "odourFrequency":payload."MOE EP Odour Frequency" default "",
    "odourIntensity": payload."MOE EP Odour Intensity" default "",
    "isOtherIssue": payload."MOE EP Is Other" default "",
    "otherIssueDescription": payload."MOE EP Other Desc" default "",
    "isSmoke": payload."MOE EP Is Smoke" default "",
    "smokeDescription": payload."MOE EP Smoke Desc" default "",  
    "pollutionEffectDescription": payload."MOE EP Pollution Impact" default "",
    "pollutionSource": payload."MOE EP Pollution Src" default "",
    "weatherConditionsDescription": payload."MOE EP Weather Desc" default "",
    "windIntensity": payload."MOE EP Wind Intensity" default "",
    "utilsServiceContactFirstName": payload."MOE Reporter First Name" default "",
    "utilsServiceContactLastName": payload."MOE Reporter Last Name" default "",
    "utilsServiceContactEmail": payload."MOE Reporter Email" default "",
    "eventDateUTC": payload."MOE Date Occured" default "",
    "createdTime": payload."Call Date" default "",
    "integrationId":payload."MOE Integration Id" default "",
    "portalId":payload."MOE Portal Id" default "",
    "status": payload."Status" default "",
    "reporterContactId": payload."MOE Reporter Contact Id" default "",
    "incidentId": payload."MOE Incident Id" default "",
    "incidentStatus": payload."MOE Incident Status" default ""
}]]></ee:set-payload>
			</ee:message>
		</ee:transform>
			</otherwise>
		</choice>
	</sub-flow>
	<sub-flow name="commonCallReportHttpCall" doc:id="640e351d-5f15-4eb6-8fe4-32d0b34495b8" >
		<until-successful maxRetries="${until-successful.maxRetries}" doc:name="Until Successful" doc:id="4bd3bb22-c535-4e96-96ff-5e6c19b2bad0" millisBetweenRetries="${until-successful.millisBetweenRetries}" >
			<try doc:name="Try" doc:id="40cfdf83-ac46-4087-889f-5d894841da6a" >
				<http:request method="GET" doc:name="HTTP GET call to Siebel CRM" doc:id="f0dab322-f38f-4c6e-884b-07678015a19d" config-ref="siebel_CRM_request" path="${siebel.callReport.path}" sendCorrelationId="ALWAYS" correlationId="#[vars.correlationId]" >
					<reconnect count="5" blocking="false" />
					<http:headers ><![CDATA[#[vars.settingRequiredHeaders]]]></http:headers>
					<http:query-params ><![CDATA[#[vars.queryParams]]]></http:query-params>
				</http:request>
				<error-handler >
					<on-error-propagate enableNotifications="true" logException="true" doc:name="On Error Propagate" doc:id="2caa7ea7-6b80-45d2-9d4a-a19d618e142c" type="ANY" >
						<logger level="INFO" doc:name="Error Message" doc:id="e6d2a6c2-77f0-4765-b97d-ca463f88ab8b" message='#[error.errorType.asString ++ " Error occured while connecting to SIEBEL"]' />
					</on-error-propagate>
				</error-handler>
			</try>
		</until-successful>
	</sub-flow>
</mule>
