<?xml version="1.0" encoding="UTF-8"?>

<mule xmlns:tracking="http://www.mulesoft.org/schema/mule/ee/tracking" xmlns:ee="http://www.mulesoft.org/schema/mule/ee/core"
	xmlns:http="http://www.mulesoft.org/schema/mule/http"
	xmlns="http://www.mulesoft.org/schema/mule/core" xmlns:doc="http://www.mulesoft.org/schema/mule/documentation" xmlns:xsi="http://www.w3.org/2001/XMLSchema-instance" xsi:schemaLocation="http://www.mulesoft.org/schema/mule/core http://www.mulesoft.org/schema/mule/core/current/mule.xsd
http://www.mulesoft.org/schema/mule/http http://www.mulesoft.org/schema/mule/http/current/mule-http.xsd
http://www.mulesoft.org/schema/mule/ee/core http://www.mulesoft.org/schema/mule/ee/core/current/mule-ee.xsd
http://www.mulesoft.org/schema/mule/ee/tracking http://www.mulesoft.org/schema/mule/ee/tracking/current/mule-tracking-ee.xsd">
	<sub-flow name="createCallReport" doc:id="e8ceb43f-565e-4161-8e8e-8ba3effbf821" >
		<logger level="INFO" doc:name="Flow Start" doc:id="659f2c2e-7537-44a6-a8a7-b9387ea77b92" message='#[vars.correlationId default "" ++ "Flow for creating call report has been started  - at :"++ now()]'/>
		<ee:transform doc:name="Request Body For POST" doc:id="827b68a8-0a9a-4698-854c-c37eac51c61b">
			<ee:message />
			<ee:variables>
				<ee:set-variable variableName="body"><![CDATA[%dw 2.0
output application/json
fun isTrue(a) = if (a == true) "Y" else "N" 
fun field(b) = (b == true)
---
payload map(item,index) -> 
{
    "MOE RN Ref Num": item.referenceNumber,
    "Description": item.description,
	"MOE Report Method": "${reportMethod}",    
	"Detailed Call Report": item.callReport,
	("MOE Pollution Location": item.pollutionAddress default "") if(!isBlank((item.pollutionAddress))),
	("MOE EP Is Dust": isTrue(item.isDust) default "N") if field(item.isDust), 
	("MOE EP Dust Desc": item.dustDescription default "") if field(item.isDust),
	("MOE EP Is Illegal Dump": isTrue(item.isIllegalWasteDumping) default "N") if field(item.isIllegalWasteDumping),
	("MOE EP Illegal Dump Desc": item.illegalWasteDumpingDescription default "") if field(item.isIllegalWasteDumping),
	("MOE EP Is Noise": isTrue(item.isNoise) default "N") if field(item.isNoise),
	("MOE EP Noise Desc": item.noiseDescription default "") if field(item.isNoise),
	("MOE EP Noise Frequency": item.noiseFrequency default "") if field(item.isNoise),
	("MOE EP Noise Duration": item.noiseDuration default "") if field(item.isNoise),
	("MOE EP Noise Intensity": item.noiseIntensity default "") if field(item.isNoise),
	("MOE EP Is Odour": isTrue(item.isOdour) default "N") if field(item.isOdour),
	("MOE EP Odour Desc": item.odourDescription default "") if field(item.isOdour),
	("MOE EP Odour Duration": item.odourDuration default "") if field(item.isOdour),
	("MOE EP Odour Frequency": item.odourFrequency default "") if field(item.isOdour),
	("MOE EP Odour Intensity": item.odourIntensity default "") if field(item.isOdour),
	("MOE EP Is Other": isTrue(item.isOtherIssue) default "N") if field(item.isOtherIssue),
	("MOE EP Other Desc": item.otherIssueDescription default "") if field(item.isOtherIssue),
	("MOE EP Is Smoke": isTrue(item.isSmoke) default "N") if field(item.isSmoke),
	("MOE EP Smoke Desc": item.smokeDescription default "") if field(item.isSmoke),
	("MOE EP Pollution Impact": item.pollutionEffectDescription default "") if(!isBlank((item.pollutionEffectDescription))),
	("MOE EP Pollution Src": item.pollutionSource default "") if(!isBlank((item.pollutionSource))),
	("MOE EP Weather Desc": item.weatherConditionsDescription default "") if(!isBlank((item.weatherConditionsDescription))),
	("MOE EP Wind Intensity": item.windIntensity default "") if(!isBlank((item.windIntensity))),
	("MOE Reporter First Name": item.utilsServiceContactFirstName default "") if(!isBlank((item.utilsServiceContactFirstName))),
	("MOE Reporter Last Name": item.utilsServiceContactLastName default "") if(!isBlank((item.utilsServiceContactLastName))),
	("MOE Reporter Email": item.utilsServiceContactEmail default "") if(!isBlank((item.utilsServiceContactEmail))),
	("MOE Date Occured": item.eventDateUTC default "") if(!isBlank((item.eventDateUTC))),
	("Call Date": item.createdTime default "") if(!isBlank((item.createdTime))),
	("MOE Integration Id": item.integrationId default "") if(!isBlank((item.integrationId))),
	("MOE Portal Id": item.portalId default "") if(!isBlank((item.portalId)))
}]]></ee:set-variable>
			</ee:variables>
		</ee:transform>
		<until-successful maxRetries="${until-successful.maxRetries}" doc:name="Until Successful" doc:id="8c60072d-a706-4aea-8064-331b525d2f26" millisBetweenRetries="${until-successful.millisBetweenRetries}">
			<try doc:name="Try" doc:id="9f76e53c-8a9f-4cd1-8da3-b8beb780c566">
				<http:request method="POST" doc:name="HTTP POST call to Siebel CRM" doc:id="607039dc-9961-40d0-8f93-410b5cf45f3d" path="${siebel.callReport.path}" sendCorrelationId="ALWAYS" correlationId="#[vars.correlationId]" config-ref="siebel_CRM_request">
					<http:body><![CDATA[#[vars.body]]]></http:body>
					<http:headers ><![CDATA[#[vars.settingRequiredHeaders]]]></http:headers>
				
</http:request>
				<error-handler>
					<on-error-propagate enableNotifications="true" logException="true" doc:name="On Error Propagate" doc:id="498856a2-ecea-4464-81f3-a884fc145678" type="ANY">
						<logger level="ERROR" doc:name="Error Message" doc:id="6a518999-9ec9-45a8-bee6-f5f9356024af" message='#[error.errorType.asString ++ " Error occured while connecting to SIEBEL"]' />
					</on-error-propagate>
				</error-handler>
			</try>
		</until-successful>
		<flow-ref doc:name="commonCallReportResponseMapping" doc:id="049f87b4-90ce-47d6-a9d1-048621387f6f" name="commonCallReportResponseMapping" />
		<logger level="INFO" doc:name="Flow End" doc:id="f21dfc11-bfd5-4147-aa6a-0b0857f8a624" message='#[vars.correlationId default "" ++ "Flow for creating call report has been ended  - at :"++ now()]'/>
	</sub-flow>
	</mule>