<?xml version="1.0" encoding="UTF-8"?>

<mule xmlns:http="http://www.mulesoft.org/schema/mule/http" xmlns:ee="http://www.mulesoft.org/schema/mule/ee/core"
	xmlns="http://www.mulesoft.org/schema/mule/core"
	xmlns:doc="http://www.mulesoft.org/schema/mule/documentation" xmlns:xsi="http://www.w3.org/2001/XMLSchema-instance" xsi:schemaLocation="http://www.mulesoft.org/schema/mule/core http://www.mulesoft.org/schema/mule/core/current/mule.xsd
http://www.mulesoft.org/schema/mule/ee/core http://www.mulesoft.org/schema/mule/ee/core/current/mule-ee.xsd
http://www.mulesoft.org/schema/mule/http http://www.mulesoft.org/schema/mule/http/current/mule-http.xsd">
	<sub-flow name="getCallReport" doc:id="89434e8a-fe78-40e2-b887-118fe09f809f" >
		<logger level="INFO" doc:name="Flow Start" doc:id="91bd56c4-f507-4150-b30b-2773e8aa99d9" message='#[vars.correlationId default "" ++ "Flow for fetching call report has been started. - at : " ++ now()]' />
		<choice doc:name="Choice" doc:id="53f69748-dc69-47a3-a0e1-d49ce9142837" >
			<when expression="#[(!isEmpty(attributes.queryParams.reportId) or !isEmpty(attributes.queryParams.referenceNumber) or !isEmpty(attributes.queryParams.email) or !isEmpty(attributes.queryParams.firstname) or !isEmpty(attributes.queryParams.reportMethod))]">
				<ee:transform doc:name="Input Query Parameters" doc:id="ede7d7b5-7ec6-49f6-9b70-51b69d197696">
			<ee:message />
			<ee:variables>
				<ee:set-variable variableName="queryParams"><![CDATA[%dw 2.0
output application/json

var areportId = attributes.queryParams.reportId default ""
var areferenceNumber = attributes.queryParams.referenceNumber default ""
var aemail = attributes.queryParams.email default ""
var afirstname =  attributes.queryParams.firstname default ""
var areportMethod = attributes.queryParams.reportMethod default ""


var reportId = if (!isBlank(areportId)) "[Id] = '"++ areportId ++"'" else ""

var referenceNumber =  if (!isBlank(areferenceNumber) and !(isBlank(areportId))) " OR [MOE RN Ref Num] = '" ++ areferenceNumber ++ "'" else if(!isBlank(areferenceNumber)) "[MOE RN Ref Num] = '" ++ areferenceNumber ++ "'" else ""

var email = if (isBlank(aemail)) "" else if (!(isBlank(areportId))) " OR [Email Address] = '" ++ aemail ++ "'" else if (!(isBlank(areferenceNumber))) " OR [Email Address] = '" ++ aemail ++ "'"  else if (!(isBlank(aemail))) " [Email Address] = '" ++ aemail ++ "'" else ""

var firstname = if (isBlank(afirstname)) "" else if (!(isBlank(areportId))) " OR [MOE Reporter First Name] = '" ++ afirstname ++ "'" else if (!(isBlank(areferenceNumber))) " OR [MOE Reporter First Name] = '" ++ afirstname ++ "'" else if (!(isBlank(aemail))) " OR [MOE Reporter First Name] = '" ++ afirstname ++ "'"  else if (!(isBlank(afirstname))) "[MOE Reporter First Name] = '" ++ afirstname ++ "'" else ""

var reportMethod = if (isBlank(areportMethod)) "" else if (!(isBlank(areportId))) " OR [MOE Report Method] = '" ++ areportMethod ++ "'" else if (!(isBlank(areferenceNumber))) " OR [MOE Report Method] = '" ++ areportMethod ++ "'" else if (!(isBlank(aemail))) " OR [MOE Report Method] = '" ++ areportMethod ++ "'"  else if (!(isBlank(afirstname))) " OR [MOE Report Method] = '" ++ areportMethod ++ "'" else if (!(isBlank(areportMethod))) " [MOE Report Method] = '" ++ areportMethod ++ "'" else ""

---
{
	ViewMode: "Organization",
	SearchSpec: "(" ++ reportId ++""++ referenceNumber ++""++ email ++""++ firstname ++""++ reportMethod ++")"
}
]]></ee:set-variable>
			</ee:variables>
		</ee:transform>
				<flow-ref doc:name="commonCallReportHttpCall" doc:id="896eb070-cf65-4557-82f3-9be0368f042c" name="commonCallReportHttpCall" />
				<flow-ref doc:name="commonCallReportResponseMapping" doc:id="98286349-cc30-4a4b-9e4a-473925c9dfc4" name="commonCallReportResponseMapping"/>
				<logger level="INFO" doc:name="Flow End" doc:id="dcd88f3c-9448-4ff6-99df-792f68629bb2" message='#[vars.correlationId default "" ++ "Flow for fetching call report has been ended. - at :"  ++ now()]' />
			</when>
			<otherwise >
				<raise-error doc:name="Raise error" doc:id="c22ce2b1-9df2-4159-bbce-f72bcfd344b3" type="INUPT:INCOMPLETE_DATA" description="Please provide atleast one field such as reportId, referenceNumber, firstname, reportMethod or email"/>
			</otherwise>
		</choice>
	</sub-flow>
</mule>
