<?xml version="1.0" encoding="UTF-8"?>

<mule xmlns:http="http://www.mulesoft.org/schema/mule/http" xmlns:ee="http://www.mulesoft.org/schema/mule/ee/core"
	xmlns="http://www.mulesoft.org/schema/mule/core"
	xmlns:doc="http://www.mulesoft.org/schema/mule/documentation" xmlns:xsi="http://www.w3.org/2001/XMLSchema-instance" xsi:schemaLocation="http://www.mulesoft.org/schema/mule/core http://www.mulesoft.org/schema/mule/core/current/mule.xsd
http://www.mulesoft.org/schema/mule/ee/core http://www.mulesoft.org/schema/mule/ee/core/current/mule-ee.xsd
http://www.mulesoft.org/schema/mule/http http://www.mulesoft.org/schema/mule/http/current/mule-http.xsd">
	<sub-flow name="getCallReportByContactId" doc:id="3aa2dcf7-b906-4ae9-b3d8-c461da5d82a5" >
		<logger level="INFO" doc:name="Flow Start" doc:id="79747e7f-724f-4d71-ac68-8d963d667544" message='#[vars.correlationId default "" ++ "Flow for fetching call report by contactId has been started. - at : " ++ now()]' />
		<ee:transform doc:name="Input Query Parameters" doc:id="558f8ee3-a0f3-4083-af83-eeef453d3e9d" >
			<ee:message >
			</ee:message>
			<ee:variables >
				<ee:set-variable variableName="queryParams" ><![CDATA[%dw 2.0
output application/json
---
{
	ViewMode: "Organization",
	SearchSpec: "([Id] = '"++ attributes.uriParams.contactId default ""++"')"
}]]></ee:set-variable>
			</ee:variables>
		</ee:transform>
		<until-successful maxRetries="${until-successful.maxRetries}" doc:name="Until Successful" doc:id="4a047b35-8062-47b3-9dab-66f99ff19ba6" millisBetweenRetries="${until-successful.millisBetweenRetries}" >
			<try doc:name="Try" doc:id="7ba8aedf-185c-41f2-a472-2eb3ebcb00d1" >
				<http:request method="GET" doc:name="HTTP GET call to Siebel CRM" doc:id="f63f5a6b-cb64-4c3d-989f-d0a27f1647dc" path="${siebel.contact.path}" sendCorrelationId="ALWAYS" correlationId="#[vars.correlationId]" config-ref="siebel_CRM_request">
					<reconnect count="5" blocking="false" />
					<http:headers ><![CDATA[#[vars.settingRequiredHeaders]]]></http:headers>
					<http:query-params ><![CDATA[#[vars.queryParams]]]></http:query-params>
				</http:request>
				<error-handler >
					<on-error-propagate enableNotifications="true" logException="true" doc:name="On Error Propagate" doc:id="e8ed1ef5-c0f6-4275-8889-7a1fbd09c028" type="ANY" >
						<logger level="INFO" doc:name="Error Message" doc:id="aaef80f9-1abd-4ed9-9ce8-1aa2d7acfc10" message='#[error.errorType.asString ++ " Error occured while connecting to SIEBEL"]' />
					</on-error-propagate>
				</error-handler>
			</try>
		</until-successful>
		<flow-ref doc:name="commonCallReportResponseMapping" doc:id="82cda67e-4af4-4b3c-b8ea-43debf0cc2a4" name="commonCallReportResponseMapping"/>
		<logger level="INFO" doc:name="Flow End" doc:id="e0e672ea-9f67-4e4a-b8a9-fb319ab5250f" message='#[vars.correlationId  default "" ++ "Flow for fetching call report by contactId has been ended.  - at : " ++ now()]' />
	</sub-flow>
</mule>
