<?xml version="1.0" encoding="UTF-8"?>

<mule xmlns:http="http://www.mulesoft.org/schema/mule/http" xmlns:ee="http://www.mulesoft.org/schema/mule/ee/core"
	xmlns="http://www.mulesoft.org/schema/mule/core"
	xmlns:doc="http://www.mulesoft.org/schema/mule/documentation" xmlns:xsi="http://www.w3.org/2001/XMLSchema-instance" xsi:schemaLocation="http://www.mulesoft.org/schema/mule/core http://www.mulesoft.org/schema/mule/core/current/mule.xsd
http://www.mulesoft.org/schema/mule/ee/core http://www.mulesoft.org/schema/mule/ee/core/current/mule-ee.xsd
http://www.mulesoft.org/schema/mule/http http://www.mulesoft.org/schema/mule/http/current/mule-http.xsd">
	<sub-flow name="getCallReportByReportId" doc:id="30d7f513-0db2-4f96-9dc0-d7f4a52fcb6f" >
		<logger level="INFO" doc:name="Flow Start" doc:id="d5a453e2-be5b-408c-8de9-ed887681cbe5" message='#[vars.correlationId default "" ++ "Flow for fetching call report by reportId has been started. - at : " ++ now()]' />
		<ee:transform doc:name="Input Query Parameters" doc:id="3c4344de-cc29-4167-86dd-5e7e93980955" >
			<ee:message />
			<ee:variables >
				<ee:set-variable variableName="queryParams" ><![CDATA[%dw 2.0
output application/json

---
{
	ViewMode: "Organization",
	SearchSpec: "([Id] = '"++ attributes.uriParams.reportId default ""++"')"
}]]></ee:set-variable>
			</ee:variables>
		</ee:transform>
		<flow-ref doc:name="commonCallReportHttpCall" doc:id="ae888ac0-40b3-4ab7-9f0c-feea4b189dc2" name="commonCallReportHttpCall"/>
		<flow-ref doc:name="commonCallReportResponseMapping" doc:id="7942aac9-1bff-405a-820b-74c231e42638" name="commonCallReportResponseMapping"/>
		<logger level="INFO" doc:name="Flow End" doc:id="83e6392d-2562-4798-ba73-20131b52c4a9" message='#[vars.correlationId  default "" ++ "Flow for fetching call report by reportId has been ended.  - at : " ++ now()]' />
	</sub-flow>
</mule>
