<?xml version="1.0" encoding="UTF-8"?>

<mule xmlns:http="http://www.mulesoft.org/schema/mule/http" xmlns:ee="http://www.mulesoft.org/schema/mule/ee/core"
	xmlns="http://www.mulesoft.org/schema/mule/core"
	xmlns:doc="http://www.mulesoft.org/schema/mule/documentation" xmlns:xsi="http://www.w3.org/2001/XMLSchema-instance" xsi:schemaLocation="http://www.mulesoft.org/schema/mule/core http://www.mulesoft.org/schema/mule/core/current/mule.xsd
http://www.mulesoft.org/schema/mule/ee/core http://www.mulesoft.org/schema/mule/ee/core/current/mule-ee.xsd
http://www.mulesoft.org/schema/mule/http http://www.mulesoft.org/schema/mule/http/current/mule-http.xsd">
	<sub-flow name="linkCallReportToContact" doc:id="c1cf56f2-14f8-439c-ac5b-ddcbcf516fc6" >
		<logger level="INFO" doc:name="Flow Start" doc:id="7b5a9361-77fe-4364-9e63-bf9231544c16" message='#[vars.correlationId default "" ++ "Flow for linking contacts to call report has been started. - at : " ++ now()]' />
		<ee:transform doc:name="Request Body For Linking" doc:id="29a257cf-f930-4b90-adac-67e41af437e3" >
			<ee:message >
			</ee:message>
			<ee:variables >
				<ee:set-variable variableName="uriParams" ><![CDATA[%dw 2.0
output application/json
---
{
  "reportId": attributes.uriParams.reportId,
  "contactId": attributes.uriParams.contactId
}]]></ee:set-variable>
			</ee:variables>
		</ee:transform>
		<until-successful maxRetries="${until-successful.maxRetries}" doc:name="Until Successful" doc:id="c92b2c86-dfba-4460-b5c9-a54f5467c8f0" millisBetweenRetries="${until-successful.millisBetweenRetries}" >
			<try doc:name="Try" doc:id="87ef992c-c271-442f-a52a-f06b280b2e06" >
				<http:request method="PUT" doc:name="HTTP call to Siebel CRM" doc:id="06688275-b65d-4658-a548-a5510e8263dc" path="${siebel.callReport.path}/{reportId}/Contact/{contactId}" sendCorrelationId="ALWAYS" correlationId="#[vars.correlationId]" config-ref="siebel_CRM_request">
					<reconnect count="5" blocking="false" />
					<http:body ><![CDATA[#[vars.body]]]></http:body>
					<http:headers ><![CDATA[#[vars.settingRequiredHeaders]]]></http:headers>
					<http:uri-params ><![CDATA[#[vars.uriParams]]]></http:uri-params>
				</http:request>
				<error-handler >
					<on-error-propagate enableNotifications="true" logException="true" doc:name="On Error Propagate" doc:id="99891a01-a250-4aca-899e-ef52ec1198d2" type="ANY" >
						<logger level="INFO" doc:name="Error Message" doc:id="ad7a7459-e2b4-4515-b490-bb16361fbfd9" message='#[error.errorType.asString ++ " Error occured while connecting to SIEBEL"]' />
					</on-error-propagate>
				</error-handler>
			</try>
		</until-successful>
		<ee:transform doc:name="Response After Linking Contact With Call Report" doc:id="0c9fe703-34ee-4416-a4f9-c3699fc81ccd" >
			<ee:message >
				<ee:set-payload ><![CDATA[%dw 2.0
output application/json
---
{
  "message" : "Success"
}]]></ee:set-payload>
			</ee:message>
		</ee:transform>
		<logger level="INFO" doc:name="Flow End" doc:id="db290cff-a75d-4e2a-a634-628ef2e5324c" message='#[vars.correlationId  default "" ++ "Flow for linking contacts to call report has been ended.  - at : " ++ now()]' />
	</sub-flow>
</mule>
