{
    "type": "folder",
    "id": "215534031062",
    "sequence_id": "0",
    "etag": "0",
    "name": "testFolder2",
    "created_at": "2023-07-03T03:59:44-07:00",
    "modified_at": "2023-07-03T03:59:44-07:00",
    "description": "",
    "size": 0,
    "path_collection": {
        "total_count": 1,
        "entries": [
            {
                "type": "folder",
                "id": "0",
                "sequence_id": null,
                "etag": null,
                "name": "All Files"
            }
        ]
    },
    "created_by": {
        "type": "user",
        "id": "26749807932",
        "name": "Mule-integration-PoC-with-JWT",
        "login": "AutomationUser_2063104_ArWR7avWp2@boxdevedition.com"
    },
    "modified_by": {
        "type": "user",
        "id": "26749807932",
        "name": "Mule-integration-PoC-with-JWT",
        "login": "AutomationUser_2063104_ArWR7avWp2@boxdevedition.com"
    },
    "trashed_at": null,
    "purged_at": null,
    "content_created_at": "2023-07-03T03:59:44-07:00",
    "content_modified_at": "2023-07-03T03:59:44-07:00",
    "owned_by": {
        "type": "user",
        "id": "26749807932",
        "name": "Mule-integration-PoC-with-JWT",
        "login": "AutomationUser_2063104_ArWR7avWp2@boxdevedition.com"
    },
    "shared_link": null,
    "folder_upload_email": null,
    "parent": {
        "type": "folder",
        "id": "0",
        "sequence_id": null,
        "etag": null,
        "name": "All Files"
    },
    "item_status": "active",
    "item_collection": {
        "total_count": 0,
        "entries": [],
        "offset": 0,
        "limit": 100,
        "order": [
            {
                "by": "type",
                "direction": "ASC"
            },
            {
                "by": "name",
                "direction": "ASC"
            }
        ]
    }
}