<?xml version="1.0" encoding="UTF-8"?>

<mule xmlns:ee="http://www.mulesoft.org/schema/mule/ee/core" xmlns="http://www.mulesoft.org/schema/mule/core"
	xmlns:doc="http://www.mulesoft.org/schema/mule/documentation"
	xmlns:xsi="http://www.w3.org/2001/XMLSchema-instance" xsi:schemaLocation="http://www.mulesoft.org/schema/mule/core http://www.mulesoft.org/schema/mule/core/current/mule.xsd
http://www.mulesoft.org/schema/mule/ee/core http://www.mulesoft.org/schema/mule/ee/core/current/mule-ee.xsd">
	<sub-flow name="SettingRequiredHeaders" doc:id="c256d1c5-c4fc-405a-a930-c29f8ff67a1e" >
		<ee:transform doc:name="Setting Required Headers" doc:id="0582a3c4-02cb-463f-ad37-3f3165d7d435">
			<ee:message />
			<ee:variables>
				<ee:set-variable variableName="settingRequiredHeaders"><![CDATA[%dw 2.0
output application/json
---
{
	client_id: "${secure::sys.client_id}",
    client_secret: "${secure::sys.client_secret}",
    correlationId: attributes.headers."x-correlation-id" default correlationId
}]]></ee:set-variable>
			</ee:variables>
		</ee:transform>
	</sub-flow>
</mule>
