<?xml version="1.0" encoding="UTF-8"?>

<mule xmlns:http="http://www.mulesoft.org/schema/mule/http"
	xmlns:api-gateway="http://www.mulesoft.org/schema/mule/api-gateway"
	xmlns:secure-properties="http://www.mulesoft.org/schema/mule/secure-properties"
	xmlns:salesforce="http://www.mulesoft.org/schema/mule/salesforce"
	xmlns="http://www.mulesoft.org/schema/mule/core"
	xmlns:doc="http://www.mulesoft.org/schema/mule/documentation"
	xmlns:xsi="http://www.w3.org/2001/XMLSchema-instance"
	xsi:schemaLocation="
http://www.mulesoft.org/schema/mule/http http://www.mulesoft.org/schema/mule/http/current/mule-http.xsd 
http://www.mulesoft.org/schema/mule/api-gateway http://www.mulesoft.org/schema/mule/api-gateway/current/mule-api-gateway.xsd http://www.mulesoft.org/schema/mule/core http://www.mulesoft.org/schema/mule/core/current/mule.xsd
http://www.mulesoft.org/schema/mule/salesforce http://www.mulesoft.org/schema/mule/salesforce/current/mule-salesforce.xsd
http://www.mulesoft.org/schema/mule/secure-properties http://www.mulesoft.org/schema/mule/secure-properties/current/mule-secure-properties.xsd">
	<salesforce:sfdc-config
		name="Salesforce_Config_OAuth_Username_Password"
		doc:name="Salesforce Config"
		doc:id="626e4c66-141d-4154-9cc4-6c239bea3039">
		<salesforce:oauth-user-pass-connection
			consumerKey="3MVG9KKry1V.ZVkvy5bKow0JBNNL.2ZluBv7fr4DDGEIKgc7rqDuSpB9HKvuXAaLrSZCh9zDM.9NVN.9Ec7Rp"
			consumerSecret="8F85175D95642520A52ACBCC2573B95DFD5267F57A33BDE3367794DD56FB1B33"
			username="dhruv.trivedi@cloudsynapps.com.mecp"
			password="Salesforce@2023"
			tokenEndpoint="https://test.salesforce.com/services/oauth2/token" />
	</salesforce:sfdc-config>
	<api-gateway:autodiscovery apiId="${api.id}"
		ignoreBasePath="true" doc:name="API Autodiscovery"
		doc:id="e4298487-8e95-471d-928c-5317c5b0ba43"
		flowRef="mecp-prc-api-main" />
	<http:request-config name="box_sys_api_request"
		doc:name="HTTP Request configuration"
		doc:id="48ecd66e-a2a2-4123-b61c-ea36fa389598"
		basePath="${box.sys.basePath}" requestStreamingMode="ALWAYS">
		<http:request-connection
			host="${box.sys.host}" port="${box.sys.port}">
		</http:request-connection>
	</http:request-config>
	<http:request-config name="sites_sys_api_request"
		doc:name="HTTP Request configuration"
		doc:id="70f27591-9d3a-436d-a775-54ca1ac47bfa"
		basePath="${sites.sys.basePath}" requestStreamingMode="ALWAYS">
		<http:request-connection
			host="${sites.sys.host}" port="${sites.sys.port}">
		</http:request-connection>
	</http:request-config>
	<configuration-properties
		doc:name="Env Specific Configuration properties"
		doc:id="e33b2cd7-d57a-4a67-8cd8-28a14ab97287"
		file="properties/${env}.yaml" />
	<configuration-properties
		doc:name="Secure Configuration properties"
		doc:id="73579775-418e-4f15-8d6b-548d366a4eeb"
		file="secure/properties/${env}-secure.yaml" />
	<secure-properties:config
		name="Secure_Properties_Config" doc:name="Secure Properties Config"
		doc:id="287012c0-f0c6-4059-8849-f05e042817d3"
		file="secure/properties/${env}-secure.yaml" key="${enc.key}" />
	<global-property doc:name="Global Property"
		doc:id="824e03a2-bad1-439a-a5e1-65fe26fdd9b5" name="env" value="local" />
	<global-property doc:name="Global Property"
		doc:id="a732a422-ad61-4bdb-9267-78aa52bd752a" name="enc.key"
		value="mulesoft12345678" />
</mule>
