<?xml version="1.0" encoding="UTF-8"?>
<mule xmlns="http://www.mulesoft.org/schema/mule/core" xmlns:apikit="http://www.mulesoft.org/schema/mule/mule-apikit" xmlns:doc="http://www.mulesoft.org/schema/mule/documentation" xmlns:ee="http://www.mulesoft.org/schema/mule/ee/core" xmlns:http="http://www.mulesoft.org/schema/mule/http" xmlns:xsi="http://www.w3.org/2001/XMLSchema-instance" xsi:schemaLocation="http://www.mulesoft.org/schema/mule/core http://www.mulesoft.org/schema/mule/core/current/mule.xsd http://www.mulesoft.org/schema/mule/http http://www.mulesoft.org/schema/mule/http/current/mule-http.xsd http://www.mulesoft.org/schema/mule/mule-apikit http://www.mulesoft.org/schema/mule/mule-apikit/current/mule-apikit.xsd http://www.mulesoft.org/schema/mule/ee/core http://www.mulesoft.org/schema/mule/ee/core/current/mule-ee.xsd ">
    <http:listener-config name="mecp-prc-api-httpListenerConfig">
        <http:listener-connection host="0.0.0.0" port="8081" />
    </http:listener-config>
    <apikit:config name="mecp-prc-api-config" api="resource::f0f75bd1-aa51-4653-943a-180bae7ae809:mecp-prc-api:1.3.0:raml:zip:mecp-prc-api.raml" outboundHeadersMapName="outboundHeaders" httpStatusVarName="httpStatus" />
    <flow name="mecp-prc-api-main">
        <http:listener config-ref="mecp-prc-api-httpListenerConfig" path="/*">
            <http:response statusCode="#[vars.httpStatus default 200]">
                <http:headers><![CDATA[#[vars.outboundHeaders default {}]]]></http:headers>
            </http:response>
            <http:error-response statusCode="#[vars.httpStatus default 500]">
                <http:body><![CDATA[#[payload]]]></http:body>
                <http:headers><![CDATA[#[vars.outboundHeaders default {}]]]></http:headers>
            </http:error-response>
        </http:listener>
        <set-variable value="#[attributes.headers.&quot;x-correlation-id&quot; default correlationId]" doc:name="Set Variable correlationId" doc:id="6c1ef53a-2b8a-41d3-9239-c272a74f0175" variableName="correlationId" />
        <flow-ref doc:name="SettingRequiredHeaders" doc:id="4ec40b9e-0fdb-4c62-9bde-304773d7ec20" name="SettingRequiredHeaders" />
        <apikit:router config-ref="mecp-prc-api-config" />
        <error-handler>
            <on-error-propagate type="APIKIT:BAD_REQUEST">
                <ee:transform>
                    <ee:message>
                        <ee:set-payload><![CDATA[%dw 2.0
output application/json
---
{message: "Bad request"}]]></ee:set-payload>
                    </ee:message>
                    <ee:variables>
                        <ee:set-variable variableName="httpStatus">400</ee:set-variable>
                    </ee:variables>
                </ee:transform>
            </on-error-propagate>
            <on-error-propagate type="APIKIT:NOT_FOUND">
                <ee:transform>
                    <ee:message>
                        <ee:set-payload><![CDATA[%dw 2.0
output application/json
---
{message: "Resource not found"}]]></ee:set-payload>
                    </ee:message>
                    <ee:variables>
                        <ee:set-variable variableName="httpStatus">404</ee:set-variable>
                    </ee:variables>
                </ee:transform>
            </on-error-propagate>
            <on-error-propagate type="APIKIT:METHOD_NOT_ALLOWED">
                <ee:transform>
                    <ee:message>
                        <ee:set-payload><![CDATA[%dw 2.0
output application/json
---
{message: "Method not allowed"}]]></ee:set-payload>
                    </ee:message>
                    <ee:variables>
                        <ee:set-variable variableName="httpStatus">405</ee:set-variable>
                    </ee:variables>
                </ee:transform>
            </on-error-propagate>
            <on-error-propagate type="APIKIT:NOT_ACCEPTABLE">
                <ee:transform>
                    <ee:message>
                        <ee:set-payload><![CDATA[%dw 2.0
output application/json
---
{message: "Not acceptable"}]]></ee:set-payload>
                    </ee:message>
                    <ee:variables>
                        <ee:set-variable variableName="httpStatus">406</ee:set-variable>
                    </ee:variables>
                </ee:transform>
            </on-error-propagate>
            <on-error-propagate type="APIKIT:UNSUPPORTED_MEDIA_TYPE">
                <ee:transform>
                    <ee:message>
                        <ee:set-payload><![CDATA[%dw 2.0
output application/json
---
{message: "Unsupported media type"}]]></ee:set-payload>
                    </ee:message>
                    <ee:variables>
                        <ee:set-variable variableName="httpStatus">415</ee:set-variable>
                    </ee:variables>
                </ee:transform>
            </on-error-propagate>
            <on-error-propagate type="APIKIT:NOT_IMPLEMENTED">
                <ee:transform>
                    <ee:message>
                        <ee:set-payload><![CDATA[%dw 2.0
output application/json
---
{message: "Not Implemented"}]]></ee:set-payload>
                    </ee:message>
                    <ee:variables>
                        <ee:set-variable variableName="httpStatus">501</ee:set-variable>
                    </ee:variables>
                </ee:transform>
            </on-error-propagate>
        </error-handler>
    </flow>
    <flow name="mecp-prc-api-console">
        <http:listener config-ref="mecp-prc-api-httpListenerConfig" path="/console/*">
            <http:response statusCode="#[vars.httpStatus default 200]">
                <http:headers>#[vars.outboundHeaders default {}]</http:headers>
            </http:response>
            <http:error-response statusCode="#[vars.httpStatus default 500]">
                <http:body>#[payload]</http:body>
                <http:headers>#[vars.outboundHeaders default {}]</http:headers>
            </http:error-response>
        </http:listener>
        <apikit:console config-ref="mecp-prc-api-config" />
        <error-handler>
            <on-error-propagate type="APIKIT:NOT_FOUND">
                <ee:transform>
                    <ee:message>
                        <ee:set-payload><![CDATA[%dw 2.0
output application/json
---
{message: "Resource not found"}]]></ee:set-payload>
                    </ee:message>
                    <ee:variables>
                        <ee:set-variable variableName="httpStatus">404</ee:set-variable>
                    </ee:variables>
                </ee:transform>
            </on-error-propagate>
        </error-handler>
    </flow>
    <flow name="get:\api\v1\health-check:mecp-prc-api-config">
        <ee:transform>
            <ee:message>
                <ee:set-payload><![CDATA[%dw 2.0
output application/json
---
{
  response: {
    application: "${api.name}",
    buildversion: "1.0.0",
    buildTimestamp: now() as String {format: "dd/MM/yyyy HH:mm:SS"},
    status: "UP",
    env: "${env}",
    systems: [
      {
        name: "${api.name}",
        status: "UP"
      }
    ]
  }
}]]></ee:set-payload>
            </ee:message>
        </ee:transform>
    </flow>
    <flow name="get:\api\v1\ping:mecp-prc-api-config">
        <ee:transform>
            <ee:message>
                <ee:set-payload><![CDATA[%dw 2.0
output application/json
---
{
  status: "UP",
  api: "${api.name}",
  env: "${env}",
  timestamp: now() as String {format: "dd/MM/yyyy HH:mm:SS"}
}]]></ee:set-payload>
            </ee:message>
        </ee:transform>
    </flow>
    <flow name="post:\api\v1\sites:application\json:mecp-prc-api-config">
        <flow-ref doc:name="post-SitesFlow" doc:id="ae942f37-0eaa-43be-9d91-66909521594c" name="post-SitesFlow" />
    </flow>
    <flow name="get:\api\v1\files:mecp-prc-api-config">
        <ee:transform doc:name="set var fileId">
            <ee:message />
            <ee:variables>
                <ee:set-variable variableName="fileId"><![CDATA[attributes.queryParams.fileId]]></ee:set-variable>
            </ee:variables>
        </ee:transform>
        <flow-ref doc:name="fetch-file-by-fileIdFlow" doc:id="91fd8ff1-df3b-45c5-ad40-c94aa3e536a0" name="fetch-file-by-fileIdFlow" />
    </flow>
	<flow name="post:\api\v1\files:application\json:mecp-prc-api-config">
        <flow-ref doc:name="post:\api\v1\files:mecp-prc-api-config" doc:id="ff20b8cf-9dfc-4f33-9cc8-3afa87abcf2d" name="post:\api\v1\files:mecp-prc-api-config" />
    </flow>
	<flow name="post:\api\v1\files:mecp-prc-api-config" doc:id="a5f0b98e-4544-4a3c-8cb1-1221b073aa0c">
        <set-variable value="#[payload.appName]" doc:name="Set Variable folderName AKA businessLicenseApplicationName" doc:id="a48036bd-e0d5-4f5e-96ef-8d111dd57d2a" variableName="folderName" />
        <set-variable value="#[payload.appId]" doc:name="Set Variable appId AKA businessLicenseApplicationId" doc:id="eab3b823-becf-4403-80de-77ac73aac78c" variableName="appId" />
        <choice doc:name="Choice" doc:id="87b361ef-e654-4fb2-903b-7d377a4cd074">
            <when expression="#[!isEmpty(vars.folderName)]">
                <flow-ref doc:name="upload-file-main-logic" doc:id="b7bf48d2-a098-4886-bbf7-6197e806f20c" name="upload-file-main-logic" />
                <ee:transform doc:name="Set Response" doc:id="e39bc99c-b8e2-46a6-80be-244b2551334f">
                    <ee:message>
                        <ee:set-payload><![CDATA[%dw 2.0
output application/json
---
vars.consolidatedPayload default []]]></ee:set-payload>
                    </ee:message>
                </ee:transform>
            </when>
            <otherwise>
                <logger level="INFO" doc:name="Logger" doc:id="7dbcda49-8624-4e3c-adfa-2241141844e1" message="Application Id is empty" />
            </otherwise>
        </choice>
        <logger level="INFO" doc:name="End Log" doc:id="c2f768f6-29df-408e-a405-f42daf6efd02" message="#[%dw 2.0&#xA;output application/json&#xA;---&#xA;&quot;CorrelationId : &quot; ++ vars.correlationId ++ &quot; Upload file ended&quot;]" />
    </flow>
    <flow name="get:\api\v1\files\(fileId)\info:mecp-prc-api-config">
        <ee:transform doc:name="Transform Message">
            <ee:variables>
                <ee:set-variable variableName="fileId">attributes.uriParams.'fileId'</ee:set-variable>
            </ee:variables>
        </ee:transform>
		<flow-ref doc:name="fetch-fileInfo-by-fileIdFlow" doc:id="9cefa96a-20a1-4e88-a427-2af41374083f" name="fetch-fileInfo-by-fileIdFlow"/>
    </flow>
	<flow name="get:\api\v1\folders\(folderId)\info:mecp-prc-api-config">
        <ee:transform doc:name="Transform Message">
            <ee:variables>
                <ee:set-variable variableName="folderId">attributes.uriParams.'folderId'</ee:set-variable>
            </ee:variables>
        </ee:transform>
		<flow-ref doc:name="fetch-folderInfo-by-folderIdFlow" doc:id="9fc0a466-1265-4825-b5cc-9e1cc903b54b" name="fetch-folderInfo-by-folderIdFlow"/>
    </flow>
</mule>
