<?xml version="1.0" encoding="UTF-8"?>

<mule xmlns:ee="http://www.mulesoft.org/schema/mule/ee/core" xmlns="http://www.mulesoft.org/schema/mule/core"
	xmlns:doc="http://www.mulesoft.org/schema/mule/documentation"
	xmlns:xsi="http://www.w3.org/2001/XMLSchema-instance" xsi:schemaLocation="http://www.mulesoft.org/schema/mule/core http://www.mulesoft.org/schema/mule/core/current/mule.xsd
http://www.mulesoft.org/schema/mule/ee/core http://www.mulesoft.org/schema/mule/ee/core/current/mule-ee.xsd">
	<sub-flow name="SettingRequiredHeaders" doc:id="2ee9bb34-525f-457f-8434-337b34d1177a" >
		<ee:transform doc:name="Setting Required Headers" doc:id="8fdee431-6149-49be-ad75-15e57b38a90d">
			<ee:message />
			<ee:variables>
				<ee:set-variable variableName="settingRequiredHeaders"><![CDATA[%dw 2.0
output application/json
---
{
	client_id: "${secure::src.client_id}",
    client_secret: "${secure::src.client_secret}",
    correlationId: attributes.headers."x-correlation-id" default correlationId
}]]></ee:set-variable>
			</ee:variables>
		</ee:transform>
	</sub-flow>
</mule>
