<?xml version="1.0" encoding="UTF-8"?>

<mule
	xmlns:salesforce="http://www.mulesoft.org/schema/mule/salesforce"
	xmlns:secure-properties="http://www.mulesoft.org/schema/mule/secure-properties"
	xmlns:api-gateway="http://www.mulesoft.org/schema/mule/api-gateway"
	xmlns:tls="http://www.mulesoft.org/schema/mule/tls"
	xmlns:http="http://www.mulesoft.org/schema/mule/http"
	xmlns="http://www.mulesoft.org/schema/mule/core"
	xmlns:doc="http://www.mulesoft.org/schema/mule/documentation"
	xmlns:xsi="http://www.w3.org/2001/XMLSchema-instance" xsi:schemaLocation="
http://www.mulesoft.org/schema/mule/tls http://www.mulesoft.org/schema/mule/tls/current/mule-tls.xsd 
http://www.mulesoft.org/schema/mule/http http://www.mulesoft.org/schema/mule/http/current/mule-http.xsd http://www.mulesoft.org/schema/mule/core http://www.mulesoft.org/schema/mule/core/current/mule.xsd
http://www.mulesoft.org/schema/mule/api-gateway http://www.mulesoft.org/schema/mule/api-gateway/current/mule-api-gateway.xsd
http://www.mulesoft.org/schema/mule/secure-properties http://www.mulesoft.org/schema/mule/secure-properties/current/mule-secure-properties.xsd
http://www.mulesoft.org/schema/mule/salesforce http://www.mulesoft.org/schema/mule/salesforce/current/mule-salesforce.xsd">


	<http:listener-config name="HTTP_Listener_config"
		doc:name="HTTP Listener config"
		doc:id="9feed54b-429a-470c-a5da-d3aa1fb48935">
		<http:listener-connection host="${http.host}"
			port="${http.port}" />
	</http:listener-config>
	<http:request-config name="siebel-sys-api_request"
		doc:name="HTTP Request configuration"
		doc:id="465885e3-3524-496f-aed2-4c989b76ff04"
		basePath="${sys.basePath}" requestStreamingMode="ALWAYS">
		<http:request-connection host="${sys.host}"
			port="${sys.port}">
		</http:request-connection>
	</http:request-config>
	<configuration
		doc:name="Global Error Handler Configuration"
		doc:id="5166e828-78ee-47f4-8359-fb325b2b8a78"
		defaultErrorHandler-ref="global-error-handler" />
	<configuration-properties
		doc:name="Env Specific Configuration properties"
		doc:id="17bb060c-4e25-4dee-b37f-6775ea40f769"
		file="properties/${env}.yaml" />
	<configuration-properties
		doc:name="Secure Configuration properties"
		doc:id="0536ce86-6a16-4690-9c29-aae2ec61308c"
		file="secure/properties/${env}-secure.yaml" />
	<secure-properties:config
		name="Secure_Properties_Config" doc:name="Secure Properties Config"
		doc:id="9fd715cf-ee8e-4966-8c7d-10702b107d0c"
		file="secure/properties/${env}-secure.yaml" key="${enc.key}" />
	<global-property doc:name="Global Property" doc:id="5e87137d-09b1-4709-a0b7-189dcd2e0875" name="env" value="local" />
	<global-property doc:name="Global Property" doc:id="3862acda-f44d-4d25-b2aa-0e083ed2dbfb" name="enc.key" value="mulesoft12345678" />
	<api-gateway:autodiscovery apiId="${api.id}" ignoreBasePath="true" doc:name="API Autodiscovery" doc:id="9a46ff83-758d-4c72-82ab-b07806523849" flowRef="pollution-report-prc-api-main" />
	<salesforce:sfdc-config name="Salesforce_Config_OAuth_Username_Password" doc:name="Salesforce Config" doc:id="4de9a367-ff4b-461e-be23-7d8b4716eb5c" >
		<salesforce:oauth-user-pass-connection consumerKey="${secure::sf.consumerKey}" consumerSecret="${secure::sf.consumerSecret}" username="${secure::sf.username}" password="${secure::sf.password}" tokenEndpoint="https://test.salesforce.com/services/oauth2/token"/>
	</salesforce:sfdc-config>


</mule>
