<?xml version="1.0" encoding="UTF-8"?>

<mule xmlns:ee="http://www.mulesoft.org/schema/mule/ee/core" xmlns="http://www.mulesoft.org/schema/mule/core"
	xmlns:doc="http://www.mulesoft.org/schema/mule/documentation"
	xmlns:xsi="http://www.w3.org/2001/XMLSchema-instance" xsi:schemaLocation="http://www.mulesoft.org/schema/mule/core http://www.mulesoft.org/schema/mule/core/current/mule.xsd
http://www.mulesoft.org/schema/mule/ee/core http://www.mulesoft.org/schema/mule/ee/core/current/mule-ee.xsd">
	<sub-flow name="health-check" doc:id="b1f034f3-a14b-4720-8de2-7407e3be6d4e" >
		<ee:transform doc:name="Health Check Response" doc:id="a91a12fb-33f2-4a9b-b6e6-db59d64c210d">
			<ee:message>
				<ee:set-payload><![CDATA[%dw 2.0
output application/json
---
{
  response: {
    application: "${api.name}",
    buildversion: "1.0.0",
    buildTimestamp: now() as String {format: "dd/MM/yyyy HH:mm:SS"},
    status: "UP",
    env: "${env}",
    systems: [
      {
        name: "${api.name}",
        status: "UP"
      }
    ]
  }
}]]></ee:set-payload>
			</ee:message>
		</ee:transform>
	</sub-flow>
</mule>
