<?xml version="1.0" encoding="UTF-8"?>
<mule xmlns="http://www.mulesoft.org/schema/mule/core" xmlns:apikit="http://www.mulesoft.org/schema/mule/mule-apikit" xmlns:doc="http://www.mulesoft.org/schema/mule/documentation" xmlns:ee="http://www.mulesoft.org/schema/mule/ee/core" xmlns:http="http://www.mulesoft.org/schema/mule/http" xmlns:xsi="http://www.w3.org/2001/XMLSchema-instance" xsi:schemaLocation="http://www.mulesoft.org/schema/mule/core http://www.mulesoft.org/schema/mule/core/current/mule.xsd http://www.mulesoft.org/schema/mule/http http://www.mulesoft.org/schema/mule/http/current/mule-http.xsd http://www.mulesoft.org/schema/mule/mule-apikit http://www.mulesoft.org/schema/mule/mule-apikit/current/mule-apikit.xsd http://www.mulesoft.org/schema/mule/ee/core http://www.mulesoft.org/schema/mule/ee/core/current/mule-ee.xsd ">
    <apikit:config name="pollution-report-prc-api-config" api="pollution-report-prc-api.raml" outboundHeadersMapName="outboundHeaders" httpStatusVarName="httpStatus" />
    <flow name="pollution-report-prc-api-main">
        <http:listener doc:name="Listener" doc:id="e77cfd47-dd54-4617-81ae-601ceea517b3" config-ref="HTTP_Listener_config" path="${http.path}" />
        <set-variable value="#[attributes.headers.&quot;x-correlation-id&quot; default correlationId]" doc:name="Set Variable correlationId" doc:id="959a062c-c4b0-4d2f-a170-50a35c0021fb" variableName="correlationId" />
        <logger level="INFO" doc:name="Flow Start" doc:id="ddeb191b-3cfe-4d16-808b-8ce14919d8a0" message='#[%dw 2.0&#10;output application/json&#10;---&#10;"CorrelationId : " ++ vars.correlationId  ++ " Request Received"]' />
        <flow-ref doc:name="SettingRequiredHeaders" doc:id="aaea9dd0-0789-49d8-9354-b5889a0c1cd6" name="SettingRequiredHeaders" />
        <apikit:router config-ref="pollution-report-prc-api-config" />
        <logger level="INFO" doc:name="Flow End" doc:id="78e368c8-d49a-474e-bf77-cb24710f72b7" message='#[%dw 2.0&#10;output application/json&#10;---&#10;"CorrelationId : " ++ vars.correlationId ++ " Response Returned"]' />
        <error-handler ref="global-error-handler" />
    </flow>
    <flow name="pollution-report-prc-api-console">
        <http:listener config-ref="HTTP_Listener_config" path="/console/*">
            <http:response statusCode="#[vars.httpStatus default 200]">
                <http:headers>#[vars.outboundHeaders default {}]</http:headers>
            </http:response>
            <http:error-response statusCode="#[vars.httpStatus default 500]">
                <http:body>#[payload]</http:body>
                <http:headers>#[vars.outboundHeaders default {}]</http:headers>
            </http:error-response>
        </http:listener>
        <apikit:console config-ref="pollution-report-prc-api-config" />
        <error-handler>
            <on-error-propagate type="APIKIT:NOT_FOUND">
                <ee:transform>
                    <ee:message>
                        <ee:set-payload><![CDATA[%dw 2.0
output application/json
---
{message: "Resource not found"}]]></ee:set-payload>
                    </ee:message>
                    <ee:variables>
                        <ee:set-variable variableName="httpStatus">404</ee:set-variable>
                    </ee:variables>
                </ee:transform>
            </on-error-propagate>
        </error-handler>
    </flow>
    <flow name="get:\api\v1\ping:pollution-report-prc-api-config" doc:id="8e0a7493-a9dd-4431-8d04-cedb12ab3077">
        <ee:transform doc:name="Setting Success Response for Ping" doc:id="37413a9a-6c9e-43a2-acf4-e1530f071d21">
            <ee:message>
                <ee:set-payload><![CDATA[%dw 2.0
output application/json
---
{
  status: "UP",
  api: "${api.name}",
  env: "${env}",
  timestamp: now() as String {format: "dd/MM/yyyy HH:mm:SS"}
}]]></ee:set-payload>
            </ee:message>
        </ee:transform>
    </flow>
    <flow name="get:\api\v1\health-check:pollution-report-prc-api-config">
        <flow-ref doc:name="health-check" doc:id="4df62779-73c1-4612-a4df-b7ed21d03053" name="health-check" />
    </flow>
    <flow name="get:\api\v1\contacts:pollution-report-prc-api-config" doc:id="9b7d0c78-b6c0-4c5f-b0f8-b435b737aa87">
        <flow-ref doc:name="getContacts" doc:id="f7dd071f-dbcb-45ce-903f-58c4b85f18f0" name="getContacts" />
    </flow>
    <flow name="post:\api\v1\contacts:application\json:pollution-report-prc-api-config" doc:id="42b59f97-1a3d-481d-9972-dfca3ce27b2d">
        <flow-ref doc:name="createContacts" doc:id="08b8a0bd-97b6-4dd5-984b-dc5a04d54259" name="createContacts" />
    </flow>
    <flow name="get:\api\v1\contacts\(contactId):pollution-report-prc-api-config" doc:id="7fdda8d3-8516-44db-9962-4685db156a7e">
        <ee:transform doc:name="Setting Var contactId" doc:id="c5a44979-07b1-4c47-a105-46bceb4bacfc">
            <ee:message />
            <ee:variables>
                <ee:set-variable variableName="contactId"><![CDATA[%dw 2.0
output application/json
---
attributes.uriParams.contactId]]></ee:set-variable>
            </ee:variables>
        </ee:transform>
        <flow-ref doc:name="getContactByContactId" doc:id="6701eb81-a043-457e-967a-67f5c6ac5a0b" name="getContactByContactId" />
    </flow>
    <flow name="patch:\api\v1\contacts\(contactId):application\json:pollution-report-prc-api-config" doc:id="3bfdaa6d-890c-47dc-972b-3f9849799be3">
        <flow-ref doc:name="updateContactByContactId" doc:id="b2111ae1-1b64-4356-9047-bf81af33c967" name="updateContactByContactId" />
    </flow>
    <flow name="delete:\api\v1\contacts\(contactId):pollution-report-prc-api-config">
        <flow-ref doc:name="deleteContactByContactId" doc:id="4db902e1-a4f8-4d56-816e-15565631effb" name="deleteContactByContactId" />
    </flow>
    <flow name="post:\api\v1\call-reports:application\json:pollution-report-prc-api-config" doc:id="786b06fa-4bcb-47d3-9725-6b31dffec8d3">
        <flow-ref doc:name="createCallReportConsolidatedFlow" doc:id="f32d2a91-331b-4df6-8929-762f83c0e913" name="createCallReportConsolidatedFlow" />
    </flow>
    <flow name="get:\api\v1\call-reports\(reportId):pollution-report-prc-api-config" doc:id="882f5c74-0ff2-4559-98cb-c23d21a7f591">
        <flow-ref doc:name="getCallReportByReportId" doc:id="34fe4f27-9525-4cf2-9849-379fa7b3fd7b" name="getCallReportByReportId" />
    </flow>
    <flow name="get:\api\v1\contacts\(contactId)\call-reports:pollution-report-prc-api-config" doc:id="80f7c9dd-90a9-4c47-82d6-07d24a4c5448">
        <flow-ref doc:name="getCallReportByContactId" doc:id="c7f70666-8c4a-4d19-857d-c72b36e83f51" name="getCallReportByContactId" />
    </flow>
    <flow name="get:\api\v1\license:pollution-report-prc-api-config">
        <ee:transform doc:name="set var contactId as text">
            <ee:variables>
                <ee:set-variable variableName="contactId"><![CDATA[%dw 2.0
output text/plain
---
attributes.queryString replace "contactId=" with ""]]></ee:set-variable>
            </ee:variables>
        </ee:transform>
        <flow-ref doc:name="getLicenseFlow" doc:id="80eacedd-6cf4-4115-8e7a-ae344d033d7d" name="getLicenseFlow" />
    </flow>
    <flow name="get:\api\v1\contacts\(contactId)\license\qr-code:pollution-report-prc-api-config">
        <ee:transform doc:name="set var contactId">
            <ee:variables>
                <ee:set-variable variableName="contactId"><![CDATA[attributes.uriParams.'contactId']]></ee:set-variable>
            </ee:variables>
        </ee:transform>
        <flow-ref doc:name="generateQrCodeFlow" doc:id="62cc6756-dd35-42cb-acac-9bb848b42b79" name="generateQrCodeFlow" />
    </flow>
</mule>
