<?xml version="1.0" encoding="UTF-8"?>

<mule xmlns:ee="http://www.mulesoft.org/schema/mule/ee/core"
	xmlns:box="http://www.mulesoft.org/schema/mule/box"
	xmlns="http://www.mulesoft.org/schema/mule/core"
	xmlns:doc="http://www.mulesoft.org/schema/mule/documentation"
	xmlns:xsi="http://www.w3.org/2001/XMLSchema-instance"
	xsi:schemaLocation="http://www.mulesoft.org/schema/mule/core http://www.mulesoft.org/schema/mule/core/current/mule.xsd
http://www.mulesoft.org/schema/mule/box http://www.mulesoft.org/schema/mule/box/current/mule-box.xsd
http://www.mulesoft.org/schema/mule/ee/core http://www.mulesoft.org/schema/mule/ee/core/current/mule-ee.xsd">
	<sub-flow name="addSharedLinkToFileSubFlow"
		doc:id="95d65f26-d48d-48dd-8e5f-e85d1b135eea">
		<logger level="INFO" doc:name="Start Log"
			doc:id="e28db324-79a7-4c51-a03f-fe878f9f0d02"
			message='#[%dw 2.0 output application/json --- "add shared link to file flow started with fileId: " ++ vars.fileId default ""]' />
		<try doc:name="Try" doc:id="3c97e6a6-5fcb-4597-8b40-989249c8c55c">
			<box:update-files-add-shared-link-by-file-id
				doc:name="Add shared link to file"
				doc:id="d616f91c-d73e-4fa8-8ff4-3d8ae020c289"
				config-ref="Box_Connector_Config_jwt_custom_key"
				fileId="#[vars.'fileId']"
				fields="#[attributes.queryParams.'fields']">
			</box:update-files-add-shared-link-by-file-id>
			<error-handler>
				<on-error-continue enableNotifications="true" logException="true" doc:name="On Error Continue" doc:id="07d8684d-2055-4ad6-a4ac-a9774b74c707" when="error.errorMessage.payload.status &gt;=500 and error.errorMessage.payload.status &lt;=504">
					<until-successful maxRetries="${until-successful.maxRetries}" doc:name="Until Successful" doc:id="46627386-e65e-4041-9f58-8b328b3e89e6" millisBetweenRetries="${until-successful.millisBetweenRetries}">
			<logger level="INFO" doc:name="Start Log" doc:id="95aac54e-14f7-4203-95ab-8fb3e535526d" message='#["until successful started for fileId: " ++ vars.fileId]' />
						<box:update-files-add-shared-link-by-file-id
				doc:name="Add shared link to file"
				doc:id="11d35d74-75b9-49ee-aa8f-6bba773c7eed"
				config-ref="Box_Connector_Config_jwt_custom_key"
				fileId="#[vars.'fileId']"
				fields="#[attributes.queryParams.'fields']"/>
						<logger level="INFO" doc:name="End Log" doc:id="ebf8a701-0417-4f5d-8bb9-ef9b059c21d8" message='#["until successful ended for fileId: " ++ vars.fileId]' />					
</until-successful>
				</on-error-continue>
			</error-handler>
		</try>
		<logger level="INFO" doc:name="End Log" doc:id="2c888748-ad1a-46ef-8195-a5f815c0d0f3" message='#[%dw 2.0 output application/json --- "add shared link to file flow ended with fileId: " ++ vars.fileId default ""]' />
	</sub-flow>
</mule>
