<?xml version="1.0" encoding="UTF-8"?>

<mule xmlns:box="http://www.mulesoft.org/schema/mule/box" xmlns="http://www.mulesoft.org/schema/mule/core"
	xmlns:doc="http://www.mulesoft.org/schema/mule/documentation"
	xmlns:xsi="http://www.w3.org/2001/XMLSchema-instance" xsi:schemaLocation="http://www.mulesoft.org/schema/mule/core http://www.mulesoft.org/schema/mule/core/current/mule.xsd
http://www.mulesoft.org/schema/mule/box http://www.mulesoft.org/schema/mule/box/current/mule-box.xsd">
	<sub-flow name="findFileForSharedLinkSubFlow" doc:id="b3bf886b-5107-4c10-9b82-ab68dc75ff2c" >
		<logger level="INFO" doc:name="Start Log" doc:id="69d7ea9b-13a7-4fd5-96f5-17dce5ef6f44" message="#[%dw 2.0 output application/json --- &quot;find file for shared link: &quot; ++ attributes.headers.'shared_link' default &quot;&quot; ++ &quot; flow started&quot;]" />
		<try doc:name="Try" doc:id="9df245c1-a97d-4907-b50f-f763f74ba57a">
				<box:get-shared-items doc:name="Find file for shared link" doc:id="c8640292-da16-44ca-899b-89ffe9d0069e" config-ref="Box_Connector_Config_jwt_custom_key" boxapi="#[vars.BoxApi]" />
				<error-handler>
					<on-error-continue enableNotifications="true" logException="true" doc:name="On Error Continue" doc:id="7f5b19f7-1fa5-4b40-b805-7960bc043754" when='error.errorMessage.payload.status &gt;=500 and error.errorMessage.payload.status &lt;=504'>
					<until-successful maxRetries="${until-successful.maxRetries}" doc:name="Until Successful" doc:id="a215e7cd-0c1a-41b3-a7e5-83e9e9e6e7b5" millisBetweenRetries="${until-successful.millisBetweenRetries}">
							<logger level="INFO" doc:name="Start Log" doc:id="4aadd2c1-0620-4e2d-82de-06dfcf13c926" message="#[&quot;until successful started for shared link: &quot; ++ attributes.headers.'shared_link' default &quot;&quot;]" />
						<box:get-shared-items doc:name="Find file for shared link" doc:id="c797a242-1029-4741-b14e-3315e878ed01" config-ref="Box_Connector_Config_jwt_custom_key" boxapi="#[vars.BoxApi]" />
						<logger level="INFO" doc:name="End Log" doc:id="b62c9b9e-d950-4061-a145-d37259310beb" message="#[&quot;until successful ended for shared link: &quot; ++ attributes.headers.'shared_link' default &quot;&quot;]" />
						</until-successful>
					</on-error-continue>
				</error-handler>
			</try>
		<logger level="INFO" doc:name="End Log" doc:id="a7017a96-d254-448a-9b4e-a27c5b0d3069" message="#[%dw 2.0 output application/json --- &quot;find file for shared link: &quot; ++ attributes.headers.'shared_link' default &quot;&quot; ++ &quot; flow ended&quot;]" />
	</sub-flow>
</mule>
