<?xml version="1.0" encoding="UTF-8"?>

<mule xmlns:ee="http://www.mulesoft.org/schema/mule/ee/core"
	xmlns:box="http://www.mulesoft.org/schema/mule/box"
	xmlns="http://www.mulesoft.org/schema/mule/core"
	xmlns:doc="http://www.mulesoft.org/schema/mule/documentation"
	xmlns:xsi="http://www.w3.org/2001/XMLSchema-instance"
	xsi:schemaLocation="http://www.mulesoft.org/schema/mule/core http://www.mulesoft.org/schema/mule/core/current/mule.xsd
http://www.mulesoft.org/schema/mule/box http://www.mulesoft.org/schema/mule/box/current/mule-box.xsd
http://www.mulesoft.org/schema/mule/ee/core http://www.mulesoft.org/schema/mule/ee/core/current/mule-ee.xsd">
	<sub-flow name="getSharedLinkForFileSubFlow"
		doc:id="fb259627-6764-4700-be7a-22f8b793ffed">
		<logger level="INFO" doc:name="Start Log"
			doc:id="65b52d5b-1bc9-470a-b0dc-854eee1a192a"
			message="get shared link for file having fileId:  #[vars.fileId] flow started." />
		<try doc:name="Try" doc:id="7de606fa-7fd6-4f69-93f0-c662c5cc9e7e">
			<box:get-files-get-shared-link-by-file-id
				doc:name="Get shared link for file"
				doc:id="8e599421-c1d7-4887-86fe-03fa91d697a0"
				config-ref="Box_Connector_Config_jwt_custom_key"
				fileId="#[vars.fileId]" fields="#[attributes.queryParams.'fields']" />
			<error-handler>
				<on-error-continue enableNotifications="true" logException="true" doc:name="On Error Continue" doc:id="9b9a68af-2cab-4146-b746-b7e7fa971097" when="error.errorMessage.payload.status &gt;=500 and error.errorMessage.payload.status &lt;=504">
					<until-successful maxRetries="${until-successful.maxRetries}" doc:name="Until Successful" doc:id="839bd1a9-d448-4fc3-b95e-cb8d1bad2821" millisBetweenRetries="${until-successful.millisBetweenRetries}">
			<logger level="INFO" doc:name="Start Log" doc:id="ecae7262-0a09-4b9a-a79c-7a455e6c79a5" message="until successful started for fileId:  #[vars.fileId]" />
						<box:get-files-get-shared-link-by-file-id
				doc:name="Get shared link for file"
				doc:id="65a2b389-b4b6-48c7-b0d9-a39e4e2c1226"
				config-ref="Box_Connector_Config_jwt_custom_key"
				fileId="#[vars.fileId]" fields="#[attributes.queryParams.'fields']" />
						<logger level="INFO" doc:name="End Log" doc:id="59b98995-e64f-4374-919c-a6002e80287b" message="until successful ended for fileId:  #[vars.fileId]" />					
</until-successful>
				</on-error-continue>
			</error-handler>
		</try>
		<logger level="INFO" doc:name="End Log" doc:id="92581878-59c4-4eb3-9cd8-a641a7f794f5" message="get shared link for file having fileId:  #[vars.fileId] flow ended." />
	</sub-flow>
</mule>
