<?xml version="1.0" encoding="UTF-8"?>

<mule xmlns:ee="http://www.mulesoft.org/schema/mule/ee/core"
	xmlns:box="http://www.mulesoft.org/schema/mule/box"
	xmlns="http://www.mulesoft.org/schema/mule/core"
	xmlns:doc="http://www.mulesoft.org/schema/mule/documentation"
	xmlns:xsi="http://www.w3.org/2001/XMLSchema-instance"
	xsi:schemaLocation="http://www.mulesoft.org/schema/mule/core http://www.mulesoft.org/schema/mule/core/current/mule.xsd
http://www.mulesoft.org/schema/mule/box http://www.mulesoft.org/schema/mule/box/current/mule-box.xsd
http://www.mulesoft.org/schema/mule/ee/core http://www.mulesoft.org/schema/mule/ee/core/current/mule-ee.xsd">
	<sub-flow name="removeSharedLinkFromFileSubFlow"
		doc:id="4fd36342-4ac4-4b5c-9e2a-850dea95fa7d">
		<logger level="INFO" doc:name="Start Log"
			doc:id="4f4e6f20-96cd-4945-a9cd-fd55833c6dc0"
			message="delete shared link from file with fileId:  #[vars.fileId] flow started." />
		<try doc:name="Try" doc:id="5d7f52a8-66e2-4619-89e3-c2d87f747004">
			<box:update-files-remove-shared-link-by-file-id
				doc:name="Remove shared link from file"
				doc:id="ac6c86f4-2f93-4782-a793-797eba0ee09a"
				config-ref="Box_Connector_Config_jwt_custom_key"
				fileId="#[vars.fileId]" fields="#[attributes.queryParams.'fields']" />
			<error-handler>
				<on-error-continue enableNotifications="true" logException="true" doc:name="On Error Continue" doc:id="06895d60-5597-4975-9fdf-8302d3e069ed" when="error.errorMessage.payload.status &gt;=500 and error.errorMessage.payload.status &lt;=504">
					<until-successful maxRetries="${until-successful.maxRetries}" doc:name="Until Successful" doc:id="5eecfb68-6cf8-4945-bce3-b8b91d0b9281" millisBetweenRetries="${until-successful.millisBetweenRetries}">
			<logger level="INFO" doc:name="Start Log" doc:id="66e00d9b-5026-442d-890b-ff708b963b4e" message="until successful started for fileId:  #[vars.fileId]" />
						<box:update-files-remove-shared-link-by-file-id
				doc:name="Remove shared link from file"
				doc:id="4fa57c9d-7e14-4686-b31a-d21ac764a931"
				config-ref="Box_Connector_Config_jwt_custom_key"
				fileId="#[vars.fileId]" fields="#[attributes.queryParams.'fields']" />
						<logger level="INFO" doc:name="End Log" doc:id="30679373-fd31-4a97-8307-0417e68b540d" message="until successful ended for fileId:  #[vars.fileId]" />					
</until-successful>
				</on-error-continue>
			</error-handler>
		</try>
		<logger level="INFO" doc:name="End Log" doc:id="45c6341a-e779-455e-956b-28ed62f38160" message="delete shared link from file with fileId:  #[vars.fileId] flow ended." />
	</sub-flow>
</mule>
