<?xml version="1.0" encoding="UTF-8"?>

<mule xmlns:ee="http://www.mulesoft.org/schema/mule/ee/core"
	xmlns:box="http://www.mulesoft.org/schema/mule/box"
	xmlns="http://www.mulesoft.org/schema/mule/core"
	xmlns:doc="http://www.mulesoft.org/schema/mule/documentation"
	xmlns:xsi="http://www.w3.org/2001/XMLSchema-instance"
	xsi:schemaLocation="http://www.mulesoft.org/schema/mule/core http://www.mulesoft.org/schema/mule/core/current/mule.xsd
http://www.mulesoft.org/schema/mule/box http://www.mulesoft.org/schema/mule/box/current/mule-box.xsd
http://www.mulesoft.org/schema/mule/ee/core http://www.mulesoft.org/schema/mule/ee/core/current/mule-ee.xsd">
	<sub-flow name="updateSharedLinkOnFileSubFlow"
		doc:id="6fe77c06-a019-44e8-80f6-c16f7c4beb70">
		<logger level="INFO" doc:name="Start Log"
			doc:id="0b1171d8-d0e5-474f-9328-a65f49f9a99a"
			message="update shared link on file with fileId:  #[vars.fileId] flow started." />
		<try doc:name="Try" doc:id="38196ab3-330d-429b-a470-1e861777146f">
			<box:update-files-update-shared-link-by-file-id
				doc:name="Update shared link on file"
				doc:id="5785f9a7-4d2e-41d4-9da4-2e2cedde3edb"
				config-ref="Box_Connector_Config_jwt_custom_key"
				fileId="#[vars.fileId]" fields="#[attributes.queryParams.'fields']" />
			<error-handler>
				<on-error-continue enableNotifications="true" logException="true" doc:name="On Error Continue" doc:id="ea2530af-b614-4d5c-be97-3906e842d75f" when="error.errorMessage.payload.status &gt;=500 and error.errorMessage.payload.status &lt;=504">
					<until-successful maxRetries="${until-successful.maxRetries}" doc:name="Until Successful" doc:id="be3aa5da-05ff-4920-8dae-aeb1521af396" millisBetweenRetries="${until-successful.millisBetweenRetries}">
			<logger level="INFO" doc:name="Start Log" doc:id="5713db50-95b5-4bac-92cd-6fb0c26a852a" message="until successful started for fileId:  #[vars.fileId]" />
						<box:update-files-update-shared-link-by-file-id
				doc:name="Update shared link on file"
				doc:id="d3f359bd-0d0b-4875-872b-c1a58a153108"
				config-ref="Box_Connector_Config_jwt_custom_key"
				fileId="#[vars.fileId]" fields="#[attributes.queryParams.'fields']" />
						<logger level="INFO" doc:name="End Log" doc:id="9f324ec2-e0d1-4e34-bc0b-b4c0508d2e84" message="until successful ended for fileId:  #[vars.fileId]" />					
</until-successful>
				</on-error-continue>
			</error-handler>
		</try>
		<logger level="INFO" doc:name="End Log" doc:id="28cbe17e-0651-47c0-a793-7e50f0ce6db1" message="update shared link on file with fileId:  #[vars.fileId] flow ended." />
	</sub-flow>
</mule>
