{
    "payment": {
        "paymentType": "DRAW",
        "paymentDescription": "",
        "valueDate": "2018-02-14",
        "paymentAmount": 10,
        "paymentCurrency": "USD",
        "paymentIndicator": "CREDIT",
        "creditCurrency": "USD",
        "creditAmount": 10,
        "debitAmount": 10,
        "debitCurrency": "USD",
        "duplicateCheckFlag": false,
        "identifiers": {
            "thirdPartyReferenceNumber": "3rd party ref",
            "customerReferenceNumber": "cust ref"
        },
        "foreignExchangeInformation": {
            "contractId": "",
            "rate": ""
        },
        "information": {
            "feeAssigmentCode": "CREDIT",
            "paymentPurposeDescription": "Paying for art supplies",
            "doddFrankPaymentOriginatorType": "ORIGINAL_CUSTOMER",
            "paymentHoldIndicator": true,
            "instructionCodeForCreditorAgent": "",
            "remittanceInformation": [
                "OBI1",
                "OBI2",
                "OBI3",
                "OBI4"
            ]
        }
    },
    "payee": {
        "name": "",
        "shortName": "",
        "address": {
            "addressLine1": "originatorAdd1 20180208034202PM",
            "addressLine2": "originatorAdd2 20180208034240PM",
            "city": "Charlotte",
            "countrySubdivisionName": "KY",
            "postalCode": "566525",
            "countryCode": "US"
        },
        "identification": "20570",
        "contactInformation": {
            "name": "",
            "phone": "",
            "emails": []
        },
        "bankInformation": {
            "bankAccountNumber": "20570",
            "internationalBankAccountNumber": "",
            "accountTypeCode": "CASH",
            "accountName": "originatorName 20180208034109PM",
            "accountCurrency": "USD",
            "institutionInformation": {
                "name": "Payee Inst Info",
                "bankIdentifierCode": "",
                "unitedStatesClearingHouseInterbankPaymentSystemId": "",
                "routingTransitNumber": "091000019",
                "address": {
                    "addressLine1": "originatorAdd1 20180208034202PM",
                    "addressLine2": "originatorAdd2 20180208034240PM",
                    "city": "Charlotte",
                    "countrySubdivisionName": "KY",
                    "postalCode": "566525",
                    "countryCode": "US"
                }
            }
        }
    },
    "payer": {
        "name": "Payer Name",
        "shortName": "PN",
        "address": {
            "addressLine1": "originatorAdd1 20180208034202PM",
            "addressLine2": "originatorAdd2 20180208034240PM",
            "city": "Charlotte",
            "countrySubdivisionName": "KY",
            "postalCode": "566525",
            "countryCode": "US"
        },
        "identification": "1234",
        "contactInformation": {
            "name": "PAYER CONTACT",
            "phone": "8005551212",
            "mobilePhone": "8005551212",
            "emails": [
                "payer@test.com",
                "payer1@test.com"
            ]
        },
        "bankInformation": {
            "bankAccountNumber": "20570",
            "internationalBankAccountNumber": "",
            "accountTypeCode": "CASH",
            "accountName": "originatorName 20180208034109PM",
            "accountCurrency": "USD",
            "institutionInformation": {
                "name": "Payee Inst Info",
                "bankIdentifierCode": "",
                "unitedStatesClearingHouseInterbankPaymentSystemId": "",
                "routingTransitNumber": "091000019",
                "address": {
                    "addressLine1": "originatorAdd1 20180208034202PM",
                    "addressLine2": "originatorAdd2 20180208034240PM",
                    "city": "Charlotte",
                    "countrySubdivisionName": "KY",
                    "postalCode": "566525",
                    "countryCode": "US"
                }
            }
        }
    },
    "sender": {
        "name": "Payer Name",
        "shortName": "PN",
        "address": {
            "addressLine1": "originatorAdd1 20180208034202PM",
            "addressLine2": "originatorAdd2 20180208034240PM",
            "city": "Charlotte",
            "countrySubdivisionName": "KY",
            "postalCode": "566525",
            "countryCode": "US"
        },
        "identification": "1234",
        "contactInformation": {
            "name": "PAYER CONTACT",
            "phone": "8005551212"
        }
    },
    "ultimatePayer": {
        "name": "originatorName 20180208034109PM",
        "shortName": "",
        "address": {
            "addressLine1": "originatorAdd1 20180208034202PM",
            "addressLine2": "originatorAdd2 20180208034240PM",
            "city": "Charlotte",
            "countrySubdivisionName": "KY",
            "postalCode": "566525",
            "countryCode": "US"
        },
        "identification": "123456"
    },
    "ultimatePayee": {
        "name": "originatorName 20180208034109PM",
        "shortName": "",
        "address": {
            "addressLine1": "originatorAdd1 20180208034202PM",
            "addressLine2": "originatorAdd2 20180208034240PM",
            "city": "Charlotte",
            "countrySubdivisionName": "KY",
            "postalCode": "566525",
            "countryCode": "US"
        },
        "identification": "123456"
    },
    "onBehalfOfBank": {
        "name": "Int Bank.",
        "bankIdentifierCode": "",
        "unitedStatesClearingHouseInterbankPaymentSystemId": "",
        "routingTransitNumber": "021000018",
        "address": {
            "addressLine1": "originatorAdd1 20180208034202PM",
            "addressLine2": "originatorAdd2 20180208034240PM",
            "city": "Charlotte",
            "countrySubdivisionName": "KY",
            "postalCode": "566525",
            "countryCode": "US"
        }
    },
    "intermediaryBank": {
        "name": "Int Bank.",
        "bankIdentifierCode": "",
        "united_states_clearing_house_interbank_payment_system_id": "",
        "routingTransitNumber": "021000018",
        "address": {
            "addressLine1": "originatorAdd1 20180208034202PM",
            "addressLine2": "originatorAdd2 20180208034240PM",
            "city": "Charlotte",
            "countrySubdivisionName": "KY",
            "postalCode": "566525",
            "countryCode": "US"
        }
    },
    "paymentProcessingInformation": {
        "status": "SUCCESSFUL",
        "paymentId": "CORPUAT_394629",
        "appId": "CEO_WIRES_APPROVAL",
        "originatingApplicationId": "GTWAY",
        "paymentOriginationMethod": "FREEFORM",
        "paymentDescription": "",
        "cutOffTime": "2018-02-15T22:30:00.000Z",
        "templateName": "",
        "fileName": "",
        "clearingSystemInformation": [],
        "clearingSystemName": "",
        "clearingSystemReferenceNumber": "",
        "paymentAudit": {
            "lastModifiedBy": "CORPUAT_SYS",
            "lastModifiedTimestamp": "2018-02-09T12:21:17.869Z",
            "createdBy": "CORPUAT_SYS",
            "createdTimestamp": "2018-02-09T12:21:17.869Z"
        }
    }
}