<?xml version="1.0" encoding="UTF-8"?>
<mule xmlns="http://www.mulesoft.org/schema/mule/core" xmlns:apikit="http://www.mulesoft.org/schema/mule/mule-apikit" xmlns:doc="http://www.mulesoft.org/schema/mule/documentation" xmlns:ee="http://www.mulesoft.org/schema/mule/ee/core" xmlns:http="http://www.mulesoft.org/schema/mule/http" xmlns:xsi="http://www.w3.org/2001/XMLSchema-instance" xsi:schemaLocation="http://www.mulesoft.org/schema/mule/core http://www.mulesoft.org/schema/mule/core/current/mule.xsd http://www.mulesoft.org/schema/mule/http http://www.mulesoft.org/schema/mule/http/current/mule-http.xsd http://www.mulesoft.org/schema/mule/mule-apikit http://www.mulesoft.org/schema/mule/mule-apikit/current/mule-apikit.xsd http://www.mulesoft.org/schema/mule/ee/core http://www.mulesoft.org/schema/mule/ee/core/current/mule-ee.xsd ">
    <flow name="box-api-main">
        <http:listener config-ref="HTTP_Listener_config" path="${http.path}">
            <http:response statusCode="#[vars.httpStatus default 200]">
                <http:headers><![CDATA[#[vars.outboundHeaders default {}]]]></http:headers>
            </http:response>
            <http:error-response statusCode="#[vars.httpStatus default 500]">
                <http:body><![CDATA[#[payload]]]></http:body>
                <http:headers><![CDATA[#[vars.outboundHeaders default {}]]]></http:headers>
            </http:error-response>
        </http:listener>
		<ee:transform doc:name="Setting Required Headers" doc:id="b1e1f3ea-99f9-4fb9-af6b-261b8c5e86f7">
			<ee:message />
			<ee:variables>
				<ee:set-variable variableName="settingRequiredHeaders"><![CDATA[%dw 2.0
output application/json
---
{
	client_id: attributes.headers.client_id,
    client_secret :attributes.headers.client_secret,
    correlationId: attributes.headers."x-correlation-id" default correlationId
}]]></ee:set-variable>
			</ee:variables>
		</ee:transform>
		<apikit:router config-ref="box-api-config" />
		<error-handler>
            <on-error-propagate type="APIKIT:BAD_REQUEST">
                <ee:transform doc:name="Transform Message">
                    <ee:message>
                        <ee:set-payload><![CDATA[%dw 2.0
output application/json
---
{message: "Bad request"}]]></ee:set-payload>
                    </ee:message>
                    <ee:variables>
                        <ee:set-variable variableName="httpStatus">400</ee:set-variable>
                    </ee:variables>
                </ee:transform>
            </on-error-propagate>
            <on-error-propagate type="APIKIT:NOT_FOUND">
                <ee:transform doc:name="Transform Message">
                    <ee:message>
                        <ee:set-payload><![CDATA[%dw 2.0
output application/json
---
{message: "Resource not found"}]]></ee:set-payload>
                    </ee:message>
                    <ee:variables>
                        <ee:set-variable variableName="httpStatus">404</ee:set-variable>
                    </ee:variables>
                </ee:transform>
            </on-error-propagate>
            <on-error-propagate type="APIKIT:METHOD_NOT_ALLOWED">
                <ee:transform doc:name="Transform Message">
                    <ee:message>
                        <ee:set-payload><![CDATA[%dw 2.0
output application/json
---
{message: "Method not allowed"}]]></ee:set-payload>
                    </ee:message>
                    <ee:variables>
                        <ee:set-variable variableName="httpStatus">405</ee:set-variable>
                    </ee:variables>
                </ee:transform>
            </on-error-propagate>
            <on-error-propagate type="APIKIT:NOT_ACCEPTABLE">
                <ee:transform doc:name="Transform Message">
                    <ee:message>
                        <ee:set-payload><![CDATA[%dw 2.0
output application/json
---
{message: "Not acceptable"}]]></ee:set-payload>
                    </ee:message>
                    <ee:variables>
                        <ee:set-variable variableName="httpStatus">406</ee:set-variable>
                    </ee:variables>
                </ee:transform>
            </on-error-propagate>
            <on-error-propagate type="APIKIT:UNSUPPORTED_MEDIA_TYPE">
                <ee:transform doc:name="Transform Message">
                    <ee:message>
                        <ee:set-payload><![CDATA[%dw 2.0
output application/json
---
{message: "Unsupported media type"}]]></ee:set-payload>
                    </ee:message>
                    <ee:variables>
                        <ee:set-variable variableName="httpStatus">415</ee:set-variable>
                    </ee:variables>
                </ee:transform>
            </on-error-propagate>
            <on-error-propagate type="APIKIT:NOT_IMPLEMENTED">
                <ee:transform doc:name="Transform Message">
                    <ee:message>
                        <ee:set-payload><![CDATA[%dw 2.0
output application/json
---
{message: "Not Implemented"}]]></ee:set-payload>
                    </ee:message>
                    <ee:variables>
                        <ee:set-variable variableName="httpStatus">501</ee:set-variable>
                    </ee:variables>
                </ee:transform>
            </on-error-propagate>
        </error-handler>
    </flow>
    <flow name="box-api-console">
        <http:listener config-ref="HTTP_Listener_config" path="/console/*">
            <http:response statusCode="#[vars.httpStatus default 200]">
                <http:headers>#[vars.outboundHeaders default {}]</http:headers>
            </http:response>
            <http:error-response statusCode="#[vars.httpStatus default 500]">
                <http:body>#[payload]</http:body>
                <http:headers>#[vars.outboundHeaders default {}]</http:headers>
            </http:error-response>
        </http:listener>
        <apikit:console config-ref="box-api-config" />
        <error-handler>
            <on-error-propagate type="APIKIT:NOT_FOUND">
                <ee:transform doc:name="Transform Message">
                    <ee:message>
                        <ee:set-payload><![CDATA[%dw 2.0
output application/json
---
{message: "Resource not found"}]]></ee:set-payload>
                    </ee:message>
                    <ee:variables>
                        <ee:set-variable variableName="httpStatus">404</ee:set-variable>
                    </ee:variables>
                </ee:transform>
            </on-error-propagate>
        </error-handler>
    </flow>
    <flow name="get:\api\v1\health-check:box-api-config">
        <ee:transform doc:name="Transform Message">
            <ee:message>
                <ee:set-payload><![CDATA[%dw 2.0
output application/json
---
{
  response: {
    application: "Box System API",
    buildversion: "1.0.0",
    buildTimestamp: "02/09/2023 17:45:30",
    status: "UP",
    env: "dev",
    systems: [
      {
        name: "BOX API",
        status: "UP"
      }
    ]
  }
}]]></ee:set-payload>
            </ee:message>
        </ee:transform>
    </flow>
    <flow name="get:\api\v1\ping:box-api-config">
        <ee:transform doc:name="Transform Message">
            <ee:message>
                <ee:set-payload><![CDATA[%dw 2.0
output application/json
---
{
  status: "UP",
  api: "Box System API",
  env: "dev",
  timestamp: "02/10/2023 17:45:30"
}]]></ee:set-payload>
            </ee:message>
        </ee:transform>
    </flow>
    <flow name="post:\api\v1\folders:application\json:box-api-config">
        <flow-ref doc:name="createFolderFlow" doc:id="dca25237-c9d3-469b-8faf-0bb2e41b1bc1" name="createFolderFlow" />
    </flow>
    <flow name="get:\api\v1\folders\(folderId):box-api-config">
		<flow-ref doc:name="downloadAllFilesFromFolderFlow" doc:id="56d0e6e2-f605-46d8-8d6b-fb404023e7c3" name="downloadAllFilesFromFolderFlow" />
    </flow>
    <flow name="get:\api\v1\folders\(folderId)\AllFilesInfo:box-api-config">
        <flow-ref doc:name="listAllFilesByFolderIdFlow" doc:id="87b6d503-dca0-4dd6-b070-9413d84994b6" name="listAllFilesByFolderIdFlow" />
    </flow>
    <flow name="get:\api\v1\folders\(folderId)\info:box-api-config">
        <flow-ref doc:name="getFolderDetailsByFolderIdFlow" doc:id="7fd3046f-ef74-42f9-b79e-42d2fc167c7d" name="getFolderDetailsByFolderIdFlow" />
    </flow>
    <flow name="delete:\api\v1\folders\(folderId):box-api-config">
		<ee:transform doc:name="Setting Folder" doc:id="03d688b9-ed5b-4745-a33d-251199ff0acd">
			<ee:message />
			<ee:variables>
				<ee:set-variable variableName="folderId"><![CDATA[%dw 2.0
output application/json
---
attributes.uriParams.'folderId' default ""]]></ee:set-variable>
			</ee:variables>
		</ee:transform>
		<flow-ref doc:name="deleteFolderByFolderIdFlow" doc:id="de819811-a3d7-46e1-95d4-c451aa4327aa" name="deleteFolderByFolderIdFlow" />
    </flow>
    <flow name="post:\api\v1\files:application\json:box-api-config">
        <flow-ref doc:name="uploadFileSubFlow" doc:id="0c9ac6f4-1a33-4bbb-9098-771566a43d18" name="uploadFileSubFlow" />
    </flow>
    <flow name="get:\api\v1\files:box-api-config">
        <flow-ref doc:name="downloadFileByFileIdFlow" doc:id="59bc856d-75d9-4af0-ac53-217ecb2bb479" name="downloadFileByFileIdFlow" />
    </flow>
    <flow name="get:\api\v1\files\(fileId)\info:box-api-config">
        <flow-ref doc:name="getFileDetailsByFileIdFlow" doc:id="9d97b1e6-ab53-4157-8302-a11d856dd0e9" name="getFileDetailsByFileIdFlow" />
    </flow>
    <flow name="delete:\api\v1\files\(fileId):box-api-config">
		<ee:transform doc:name="Setting File Id" doc:id="fe395593-e662-472c-b78c-0a048eaeea49">
			<ee:message />
			<ee:variables>
				<ee:set-variable variableName="fileId"><![CDATA[%dw 2.0
output application/json
---
attributes.uriParams.'fileId' default ""]]></ee:set-variable>
			</ee:variables>
		</ee:transform>
		<flow-ref doc:name="deleteFileByFileIdFlow" doc:id="c5626da7-76be-4d2f-bdb1-84a26eb97dfe" name="deleteFileByFileIdFlow" />
    </flow>
</mule>
