<?xml version='1.0' encoding='UTF-8'?>
<types:mule xmlns:types="http://www.mulesoft.org/schema/mule/types">
  <types:catalog>
    <types:type name="auto_1d9394ba-056a-4d90-9299-8d35ab303630_Input-Payload" format="json">
      <types:shape format="weave" example="weave/autogenerated/1d9394ba-056a-4d90-9299-8d35ab303630/Input-Payload.wev" autogeneratedOrigin="4ba262c1-410c-4055-8a40-df1403aa364d"><![CDATA[%dw 2.0

type auto_1d9394ba_056a_4d90_9299_8d35ab303630_Input_Payload = {
  statusAsOf?: String, 
  paymentId?: String, 
  status?: String, 
  _?: Any
}

]]></types:shape>
    </types:type>
    <types:type name="auto_1d9394ba-056a-4d90-9299-8d35ab303630_Input-Attributes" format="java">
      <types:shape format="weave" example="weave/autogenerated/1d9394ba-056a-4d90-9299-8d35ab303630/Input-Attributes.wev" autogeneratedOrigin="4ba262c1-410c-4055-8a40-df1403aa364d"><![CDATA[%dw 2.0

type auto_1d9394ba_056a_4d90_9299_8d35ab303630_Input_Attributes = {|
  clientCertificate?: {|
    publicKey?: {|  |}, 
    "type"?: String, 
    encoded?: Binary
  |}, 
  headers: {|
    "x-correlation-id": String, 
    client_id: String, 
    client_secret: String
  |}, 
  listenerPath: String, 
  method: String, 
  queryParams: {|  |}, 
  queryString: String, 
  relativePath: String, 
  remoteAddress: String, 
  requestPath: String, 
  requestUri: String, 
  scheme: String, 
  uriParams: {|  |}, 
  version: String, 
  localAddress: String
|}

]]></types:shape>
    </types:type>
    <types:type name="auto_1d9394ba-056a-4d90-9299-8d35ab303630_Input-Variables-outboundHeaders" format="java">
      <types:shape format="weave" example="weave/autogenerated/1d9394ba-056a-4d90-9299-8d35ab303630/Input-Variables-outboundHeaders.wev" autogeneratedOrigin="4ba262c1-410c-4055-8a40-df1403aa364d"><![CDATA[%dw 2.0

type auto_1d9394ba_056a_4d90_9299_8d35ab303630_Input_Variables_outboundHeaders = {|  |}

]]></types:shape>
    </types:type>
    <types:type name="auto_1d9394ba-056a-4d90-9299-8d35ab303630_Input-Variables-httpStatus" format="java">
      <types:shape format="raml" autogeneratedOrigin="4ba262c1-410c-4055-8a40-df1403aa364d"><![CDATA[#%RAML 1.0 DataType
type: string]]></types:shape>
    </types:type>
    <types:type name="auto_1d9394ba-056a-4d90-9299-8d35ab303630_Output-Payload" format="json">
      <types:shape format="weave" example="weave/autogenerated/1d9394ba-056a-4d90-9299-8d35ab303630/Output-Payload.wev" autogeneratedOrigin="4ba262c1-410c-4055-8a40-df1403aa364d"><![CDATA[%dw 2.0

type auto_1d9394ba_056a_4d90_9299_8d35ab303630_Output_Payload = {
  statusAsOf?: String, 
  paymentId?: String, 
  status?: String, 
  _?: Any
}

]]></types:shape>
    </types:type>
    <types:type name="auto_1d9394ba-056a-4d90-9299-8d35ab303630_Output-Attributes" format="java">
      <types:shape format="weave" example="weave/autogenerated/1d9394ba-056a-4d90-9299-8d35ab303630/Output-Attributes.wev" autogeneratedOrigin="4ba262c1-410c-4055-8a40-df1403aa364d"><![CDATA[%dw 2.0

type auto_1d9394ba_056a_4d90_9299_8d35ab303630_Output_Attributes = {|
  clientCertificate?: {|
    publicKey?: {|  |}, 
    "type"?: String, 
    encoded?: Binary
  |}, 
  headers: {|
    "x-correlation-id": String, 
    client_id: String, 
    client_secret: String
  |}, 
  listenerPath: String, 
  method: String, 
  queryParams: {|  |}, 
  queryString: String, 
  relativePath: String, 
  remoteAddress: String, 
  requestPath: String, 
  requestUri: String, 
  scheme: String, 
  uriParams: {|  |}, 
  version: String, 
  localAddress: String
|}

]]></types:shape>
    </types:type>
    <types:type name="auto_1d9394ba-056a-4d90-9299-8d35ab303630_Output-Variables-outboundHeaders" format="java">
      <types:shape format="weave" example="weave/autogenerated/1d9394ba-056a-4d90-9299-8d35ab303630/Output-Variables-outboundHeaders.wev" autogeneratedOrigin="4ba262c1-410c-4055-8a40-df1403aa364d"><![CDATA[%dw 2.0

type auto_1d9394ba_056a_4d90_9299_8d35ab303630_Output_Variables_outboundHeaders = {|  |}

]]></types:shape>
    </types:type>
    <types:type name="auto_1d9394ba-056a-4d90-9299-8d35ab303630_Output-Variables-httpStatus" format="java">
      <types:shape format="raml" autogeneratedOrigin="4ba262c1-410c-4055-8a40-df1403aa364d"><![CDATA[#%RAML 1.0 DataType
type: string]]></types:shape>
    </types:type>
    <types:type name="auto_25d17164-c4b9-4018-b441-0e76ca1a2d0b_Input-Payload" format="json">
      <types:shape format="weave" example="weave/autogenerated/25d17164-c4b9-4018-b441-0e76ca1a2d0b/Input-Payload.wev" autogeneratedOrigin="a6cfe697-9a20-4ab4-864b-67dedba5c6ee"><![CDATA[%dw 2.0

type auto_25d17164_c4b9_4018_b441_0e76ca1a2d0b_Input_Payload = {
  fileName?: String, 
  data?: String, 
  size?: String, 
  docId?: String, 
  fileExtension?: String, 
  attachmentComment?: String, 
  appId?: String, 
  _?: Any
}

]]></types:shape>
    </types:type>
    <types:type name="auto_25d17164-c4b9-4018-b441-0e76ca1a2d0b_Input-Attributes" format="java">
      <types:shape format="weave" example="weave/autogenerated/25d17164-c4b9-4018-b441-0e76ca1a2d0b/Input-Attributes.wev" autogeneratedOrigin="a6cfe697-9a20-4ab4-864b-67dedba5c6ee"><![CDATA[%dw 2.0

type auto_25d17164_c4b9_4018_b441_0e76ca1a2d0b_Input_Attributes = {|
  clientCertificate?: {|
    publicKey?: {|  |}, 
    "type"?: String, 
    encoded?: Binary
  |}, 
  headers: {|
    "x-correlation-id": String, 
    client_id: String, 
    client_secret: String
  |}, 
  listenerPath: String, 
  method: String, 
  queryParams: {|  |}, 
  queryString: String, 
  relativePath: String, 
  remoteAddress: String, 
  requestPath: String, 
  requestUri: String, 
  scheme: String, 
  uriParams: {| docId: String |}, 
  version: String, 
  localAddress: String
|}

]]></types:shape>
    </types:type>
    <types:type name="auto_25d17164-c4b9-4018-b441-0e76ca1a2d0b_Input-Variables-outboundHeaders" format="java">
      <types:shape format="weave" example="weave/autogenerated/25d17164-c4b9-4018-b441-0e76ca1a2d0b/Input-Variables-outboundHeaders.wev" autogeneratedOrigin="a6cfe697-9a20-4ab4-864b-67dedba5c6ee"><![CDATA[%dw 2.0

type auto_25d17164_c4b9_4018_b441_0e76ca1a2d0b_Input_Variables_outboundHeaders = {|  |}

]]></types:shape>
    </types:type>
    <types:type name="auto_25d17164-c4b9-4018-b441-0e76ca1a2d0b_Input-Variables-httpStatus" format="java">
      <types:shape format="raml" autogeneratedOrigin="a6cfe697-9a20-4ab4-864b-67dedba5c6ee"><![CDATA[#%RAML 1.0 DataType
type: string]]></types:shape>
    </types:type>
    <types:type name="auto_25d17164-c4b9-4018-b441-0e76ca1a2d0b_Output-Payload" format="json">
      <types:shape format="weave" example="weave/autogenerated/25d17164-c4b9-4018-b441-0e76ca1a2d0b/Output-Payload.wev" autogeneratedOrigin="a6cfe697-9a20-4ab4-864b-67dedba5c6ee"><![CDATA[%dw 2.0

type auto_25d17164_c4b9_4018_b441_0e76ca1a2d0b_Output_Payload = {
  fileName?: String, 
  data?: String, 
  size?: String, 
  docId?: String, 
  fileExtension?: String, 
  attachmentComment?: String, 
  appId?: String, 
  _?: Any
}

]]></types:shape>
    </types:type>
    <types:type name="auto_25d17164-c4b9-4018-b441-0e76ca1a2d0b_Output-Attributes" format="java">
      <types:shape format="weave" example="weave/autogenerated/25d17164-c4b9-4018-b441-0e76ca1a2d0b/Output-Attributes.wev" autogeneratedOrigin="a6cfe697-9a20-4ab4-864b-67dedba5c6ee"><![CDATA[%dw 2.0

type auto_25d17164_c4b9_4018_b441_0e76ca1a2d0b_Output_Attributes = {|
  clientCertificate?: {|
    publicKey?: {|  |}, 
    "type"?: String, 
    encoded?: Binary
  |}, 
  headers: {|
    "x-correlation-id": String, 
    client_id: String, 
    client_secret: String
  |}, 
  listenerPath: String, 
  method: String, 
  queryParams: {|  |}, 
  queryString: String, 
  relativePath: String, 
  remoteAddress: String, 
  requestPath: String, 
  requestUri: String, 
  scheme: String, 
  uriParams: {| docId: String |}, 
  version: String, 
  localAddress: String
|}

]]></types:shape>
    </types:type>
    <types:type name="auto_25d17164-c4b9-4018-b441-0e76ca1a2d0b_Output-Variables-outboundHeaders" format="java">
      <types:shape format="weave" example="weave/autogenerated/25d17164-c4b9-4018-b441-0e76ca1a2d0b/Output-Variables-outboundHeaders.wev" autogeneratedOrigin="a6cfe697-9a20-4ab4-864b-67dedba5c6ee"><![CDATA[%dw 2.0

type auto_25d17164_c4b9_4018_b441_0e76ca1a2d0b_Output_Variables_outboundHeaders = {|  |}

]]></types:shape>
    </types:type>
    <types:type name="auto_25d17164-c4b9-4018-b441-0e76ca1a2d0b_Output-Variables-httpStatus" format="java">
      <types:shape format="raml" autogeneratedOrigin="a6cfe697-9a20-4ab4-864b-67dedba5c6ee"><![CDATA[#%RAML 1.0 DataType
type: string]]></types:shape>
    </types:type>
    <types:type name="auto_eccbdddc-c78c-43e3-a76b-b3a58429cb6b_Input-Payload" format="json">
      <types:shape format="weave" example="weave/autogenerated/eccbdddc-c78c-43e3-a76b-b3a58429cb6b/Input-Payload.wev" autogeneratedOrigin="357f2a13-291e-4ab0-87c9-bbcc0c25bfb4"><![CDATA[%dw 2.0

type auto_eccbdddc_c78c_43e3_a76b_b3a58429cb6b_Input_Payload = {
  fileName?: String, 
  data?: String, 
  size?: String, 
  fileExtension?: String, 
  attachmentComment?: String, 
  appId?: String, 
  _?: Any
}

]]></types:shape>
    </types:type>
    <types:type name="auto_eccbdddc-c78c-43e3-a76b-b3a58429cb6b_Input-Attributes" format="java">
      <types:shape format="weave" example="weave/autogenerated/eccbdddc-c78c-43e3-a76b-b3a58429cb6b/Input-Attributes.wev" autogeneratedOrigin="357f2a13-291e-4ab0-87c9-bbcc0c25bfb4"><![CDATA[%dw 2.0

type auto_eccbdddc_c78c_43e3_a76b_b3a58429cb6b_Input_Attributes = {|
  clientCertificate?: {|
    publicKey?: {|  |}, 
    "type"?: String, 
    encoded?: Binary
  |}, 
  headers: {|
    "x-correlation-id": String, 
    client_id: String, 
    client_secret: String
  |}, 
  listenerPath: String, 
  method: String, 
  queryParams: {|  |}, 
  queryString: String, 
  relativePath: String, 
  remoteAddress: String, 
  requestPath: String, 
  requestUri: String, 
  scheme: String, 
  uriParams: {|  |}, 
  version: String, 
  localAddress: String
|}

]]></types:shape>
    </types:type>
    <types:type name="auto_eccbdddc-c78c-43e3-a76b-b3a58429cb6b_Input-Variables-outboundHeaders" format="java">
      <types:shape format="weave" example="weave/autogenerated/eccbdddc-c78c-43e3-a76b-b3a58429cb6b/Input-Variables-outboundHeaders.wev" autogeneratedOrigin="357f2a13-291e-4ab0-87c9-bbcc0c25bfb4"><![CDATA[%dw 2.0

type auto_eccbdddc_c78c_43e3_a76b_b3a58429cb6b_Input_Variables_outboundHeaders = {|  |}

]]></types:shape>
    </types:type>
    <types:type name="auto_eccbdddc-c78c-43e3-a76b-b3a58429cb6b_Input-Variables-httpStatus" format="java">
      <types:shape format="raml" autogeneratedOrigin="357f2a13-291e-4ab0-87c9-bbcc0c25bfb4"><![CDATA[#%RAML 1.0 DataType
type: string]]></types:shape>
    </types:type>
    <types:type name="auto_eccbdddc-c78c-43e3-a76b-b3a58429cb6b_Output-Payload" format="json">
      <types:shape format="weave" example="weave/autogenerated/eccbdddc-c78c-43e3-a76b-b3a58429cb6b/Output-Payload.wev" autogeneratedOrigin="357f2a13-291e-4ab0-87c9-bbcc0c25bfb4"><![CDATA[%dw 2.0

type auto_eccbdddc_c78c_43e3_a76b_b3a58429cb6b_Output_Payload = Array<{  fileName?: String,   appId?: String,   fileURL?: String,   comment?: String,   folderId?: String,   _?: Any}>

]]></types:shape>
    </types:type>
    <types:type name="auto_eccbdddc-c78c-43e3-a76b-b3a58429cb6b_Output-Attributes" format="java">
      <types:shape format="weave" example="weave/autogenerated/eccbdddc-c78c-43e3-a76b-b3a58429cb6b/Output-Attributes.wev" autogeneratedOrigin="357f2a13-291e-4ab0-87c9-bbcc0c25bfb4"><![CDATA[%dw 2.0

type auto_eccbdddc_c78c_43e3_a76b_b3a58429cb6b_Output_Attributes = {|
  clientCertificate?: {|
    publicKey?: {|  |}, 
    "type"?: String, 
    encoded?: Binary
  |}, 
  headers: {|
    "x-correlation-id": String, 
    client_id: String, 
    client_secret: String
  |}, 
  listenerPath: String, 
  method: String, 
  queryParams: {|  |}, 
  queryString: String, 
  relativePath: String, 
  remoteAddress: String, 
  requestPath: String, 
  requestUri: String, 
  scheme: String, 
  uriParams: {|  |}, 
  version: String, 
  localAddress: String
|}

]]></types:shape>
    </types:type>
    <types:type name="auto_eccbdddc-c78c-43e3-a76b-b3a58429cb6b_Output-Variables-body" format="java">
      <types:shape format="weave" example="weave/autogenerated/eccbdddc-c78c-43e3-a76b-b3a58429cb6b/Output-Variables-body.wev" autogeneratedOrigin="357f2a13-291e-4ab0-87c9-bbcc0c25bfb4"><![CDATA[%dw 2.0

type auto_eccbdddc_c78c_43e3_a76b_b3a58429cb6b_Output_Variables_body = Any

]]></types:shape>
    </types:type>
    <types:type name="auto_eccbdddc-c78c-43e3-a76b-b3a58429cb6b_Output-Variables-outboundHeaders" format="java">
      <types:shape format="weave" example="weave/autogenerated/eccbdddc-c78c-43e3-a76b-b3a58429cb6b/Output-Variables-outboundHeaders.wev" autogeneratedOrigin="357f2a13-291e-4ab0-87c9-bbcc0c25bfb4"><![CDATA[%dw 2.0

type auto_eccbdddc_c78c_43e3_a76b_b3a58429cb6b_Output_Variables_outboundHeaders = {|  |}

]]></types:shape>
    </types:type>
    <types:type name="auto_eccbdddc-c78c-43e3-a76b-b3a58429cb6b_Output-Variables-httpStatus" format="java">
      <types:shape format="raml" autogeneratedOrigin="357f2a13-291e-4ab0-87c9-bbcc0c25bfb4"><![CDATA[#%RAML 1.0 DataType
type: string]]></types:shape>
    </types:type>
  </types:catalog>
  <types:enrichment select="#8ab2fc17-ff65-4823-996b-9939ceee6c51">
    <types:processor-declaration>
      <types:output-event>
        <types:variables>
          <types:variable name="outboundHeaders" type="null"/>
        </types:variables>
      </types:output-event>
    </types:processor-declaration>
  </types:enrichment>
  <types:enrichment select="#1d9394ba-056a-4d90-9299-8d35ab303630">
    <types:processor-declaration>
      <types:input-event>
        <types:message>
          <types:payload type="auto_1d9394ba-056a-4d90-9299-8d35ab303630_Input-Payload"/>
          <types:attributes type="auto_1d9394ba-056a-4d90-9299-8d35ab303630_Input-Attributes"/>
        </types:message>
        <types:variables>
          <types:variable name="outboundHeaders" type="auto_1d9394ba-056a-4d90-9299-8d35ab303630_Input-Variables-outboundHeaders"/>
          <types:variable name="httpStatus" type="auto_1d9394ba-056a-4d90-9299-8d35ab303630_Input-Variables-httpStatus"/>
        </types:variables>
      </types:input-event>
      <types:output-event>
        <types:message>
          <types:payload type="auto_1d9394ba-056a-4d90-9299-8d35ab303630_Output-Payload"/>
          <types:attributes type="auto_1d9394ba-056a-4d90-9299-8d35ab303630_Output-Attributes"/>
        </types:message>
        <types:variables>
          <types:variable name="outboundHeaders" type="auto_1d9394ba-056a-4d90-9299-8d35ab303630_Output-Variables-outboundHeaders"/>
          <types:variable name="httpStatus" type="auto_1d9394ba-056a-4d90-9299-8d35ab303630_Output-Variables-httpStatus"/>
        </types:variables>
      </types:output-event>
    </types:processor-declaration>
  </types:enrichment>
  <types:enrichment select="#25d17164-c4b9-4018-b441-0e76ca1a2d0b">
    <types:processor-declaration>
      <types:input-event>
        <types:message>
          <types:payload type="auto_25d17164-c4b9-4018-b441-0e76ca1a2d0b_Input-Payload"/>
          <types:attributes type="auto_25d17164-c4b9-4018-b441-0e76ca1a2d0b_Input-Attributes"/>
        </types:message>
        <types:variables>
          <types:variable name="outboundHeaders" type="auto_25d17164-c4b9-4018-b441-0e76ca1a2d0b_Input-Variables-outboundHeaders"/>
          <types:variable name="httpStatus" type="auto_25d17164-c4b9-4018-b441-0e76ca1a2d0b_Input-Variables-httpStatus"/>
        </types:variables>
      </types:input-event>
      <types:output-event>
        <types:message>
          <types:payload type="auto_25d17164-c4b9-4018-b441-0e76ca1a2d0b_Output-Payload"/>
          <types:attributes type="auto_25d17164-c4b9-4018-b441-0e76ca1a2d0b_Output-Attributes"/>
        </types:message>
        <types:variables>
          <types:variable name="outboundHeaders" type="auto_25d17164-c4b9-4018-b441-0e76ca1a2d0b_Output-Variables-outboundHeaders"/>
          <types:variable name="httpStatus" type="auto_25d17164-c4b9-4018-b441-0e76ca1a2d0b_Output-Variables-httpStatus"/>
        </types:variables>
      </types:output-event>
    </types:processor-declaration>
  </types:enrichment>
  <types:enrichment select="#eccbdddc-c78c-43e3-a76b-b3a58429cb6b">
    <types:processor-declaration>
      <types:input-event>
        <types:message>
          <types:payload type="auto_eccbdddc-c78c-43e3-a76b-b3a58429cb6b_Input-Payload"/>
          <types:attributes type="auto_eccbdddc-c78c-43e3-a76b-b3a58429cb6b_Input-Attributes"/>
        </types:message>
        <types:variables>
          <types:variable name="outboundHeaders" type="auto_eccbdddc-c78c-43e3-a76b-b3a58429cb6b_Input-Variables-outboundHeaders"/>
          <types:variable name="httpStatus" type="auto_eccbdddc-c78c-43e3-a76b-b3a58429cb6b_Input-Variables-httpStatus"/>
        </types:variables>
      </types:input-event>
      <types:output-event>
        <types:message>
          <types:payload type="auto_eccbdddc-c78c-43e3-a76b-b3a58429cb6b_Output-Payload"/>
          <types:attributes type="auto_eccbdddc-c78c-43e3-a76b-b3a58429cb6b_Output-Attributes"/>
        </types:message>
        <types:variables>
          <types:variable name="outboundHeaders" type="auto_eccbdddc-c78c-43e3-a76b-b3a58429cb6b_Output-Variables-outboundHeaders"/>
          <types:variable name="httpStatus" type="auto_eccbdddc-c78c-43e3-a76b-b3a58429cb6b_Output-Variables-httpStatus"/>
          <types:variable name="body" type="auto_eccbdddc-c78c-43e3-a76b-b3a58429cb6b_Output-Variables-body"/>
        </types:variables>
      </types:output-event>
    </types:processor-declaration>
  </types:enrichment>
</types:mule>