<?xml version="1.0" encoding="UTF-8"?>

<mule xmlns:http="http://www.mulesoft.org/schema/mule/http" xmlns:ee="http://www.mulesoft.org/schema/mule/ee/core"
	xmlns:salesforce="http://www.mulesoft.org/schema/mule/salesforce"
	xmlns="http://www.mulesoft.org/schema/mule/core" xmlns:doc="http://www.mulesoft.org/schema/mule/documentation" xmlns:xsi="http://www.w3.org/2001/XMLSchema-instance" xsi:schemaLocation="http://www.mulesoft.org/schema/mule/core http://www.mulesoft.org/schema/mule/core/current/mule.xsd
http://www.mulesoft.org/schema/mule/salesforce http://www.mulesoft.org/schema/mule/salesforce/current/mule-salesforce.xsd
http://www.mulesoft.org/schema/mule/ee/core http://www.mulesoft.org/schema/mule/ee/core/current/mule-ee.xsd
http://www.mulesoft.org/schema/mule/http http://www.mulesoft.org/schema/mule/http/current/mule-http.xsd">
	<flow name="getContentVersionDataFlow" doc:id="d988ae2c-0833-41e1-a616-19215c563e78" >
		<logger level="INFO" doc:name="Flow Start" doc:id="dd76448f-65e0-450c-ac12-ee8be2c2410c" message='#[vars.correlationId default "" ++ "Flow to fetch content version data has been started  - at :"++ now()]' />
		<set-variable value="#[payload]" doc:name="Set Variable temp" doc:id="b0459666-29b1-4b8e-a3a1-e9520f805964" variableName="temp"/>
		<logger level="INFO" doc:name="Log DocId and ReportId" doc:id="2a2276c1-4770-4fe6-95ed-ce3093bbf143" message="Fetch DocId : #[vars.temp.data] for CallReport Id : #[vars.reportId]"/>
		<salesforce:query doc:name="Query" doc:id="ea73b900-9669-43b9-9c56-3aec2a0f1d97" config-ref="Salesforce_Config_OAuth_Username_Password">
			<salesforce:salesforce-query ><![CDATA[SELECT VersionData, Id, FileExtension, ContentDocumentId FROM ContentVersion where ContentDocumentID=':docId']]></salesforce:salesforce-query>
			<salesforce:parameters ><![CDATA[#[output application/java
---
{
	"docId" : payload.data
}]]]></salesforce:parameters>
		</salesforce:query>
		<ee:transform doc:name="Set Response" doc:id="ce1cca1b-5a97-427a-94f5-b33dbae99869" >
			<ee:message >
				<ee:set-payload ><![CDATA[%dw 2.0
output application/json
---
{
  "reportId": vars.reportId,
  "fileName": vars.temp.fileName,
  "fileExtension": payload[0].FileExtension,
  "attachmentComment": "SF Id : " ++ payload[0].Id as String default "",
  "data": payload[0].VersionData
}]]></ee:set-payload>
			</ee:message>
			<ee:variables >
				<ee:set-variable variableName="sfId" ><![CDATA[%dw 2.0
output application/java
---
payload.Id]]></ee:set-variable>
			</ee:variables>
		</ee:transform>
		<logger level="INFO" doc:name="Flow End" doc:id="3f61fae8-0dd7-492f-b759-2e9a94497ecf" message='#[vars.correlationId default "" ++ "Flow to fetch content version data has been ended  - at :"++ now()]' />
	</flow>
	<flow name="deleteContentVersionDataFlow" doc:id="12e4f6f9-988b-483c-a030-c869517e0e34" >
		<logger level="INFO" doc:name="Flow Start" doc:id="767080cb-b92c-4733-abbc-ca51aca94fb1" message='#[vars.correlationId default "" ++ "Flow to delete content version data has been started  - at :"++ now()]' />
		<logger level="INFO" doc:name="Log DocId and ReportId" doc:id="7e3d1594-bf67-495a-abb0-94e5f934d9bc" message="Before delete DocId : #[vars.temp.data] for CallReport Id : #[vars.reportId]" />
		<salesforce:delete doc:name="Delete Document by DocumentId" doc:id="f53107ee-30ba-49de-acb0-0c421e398d80" config-ref="Salesforce_Config_OAuth_Username_Password">
			<salesforce:ids ><![CDATA[#[[vars.temp.data]]]]></salesforce:ids>
		</salesforce:delete>
		<logger level="INFO" doc:name="Log DocId and ReportId" doc:id="eaa9188d-76d6-4623-8d6b-9734b8e89ea6" message="After delete DocId : #[vars.temp.data] for CallReport Id : #[vars.reportId] and message is : #[payload.successful]" />
		<ee:transform doc:name="Set Response" doc:id="9203cf6f-64bb-402d-a4d7-d1b4fea4336a" >
			<ee:message >
				<ee:set-payload ><![CDATA[%dw 2.0
output application/json
---
{
	message: payload.successful,
	id: vars.temp.data
}]]></ee:set-payload>
			</ee:message>
		</ee:transform>
		<logger level="INFO" doc:name="Flow End" doc:id="529063dc-e7d0-43a4-99d6-3e6e3823f43a" message='#[vars.correlationId default "" ++ "Flow to delete content version data has been ended  - at :"++ now()]' />
	</flow>
</mule>
