<?xml version="1.0" encoding="UTF-8"?>

<mule xmlns:ee="http://www.mulesoft.org/schema/mule/ee/core"
	xmlns:box="http://www.mulesoft.org/schema/mule/box"
	xmlns="http://www.mulesoft.org/schema/mule/core"
	xmlns:doc="http://www.mulesoft.org/schema/mule/documentation"
	xmlns:xsi="http://www.w3.org/2001/XMLSchema-instance"
	xsi:schemaLocation="http://www.mulesoft.org/schema/mule/core http://www.mulesoft.org/schema/mule/core/current/mule.xsd
http://www.mulesoft.org/schema/mule/box http://www.mulesoft.org/schema/mule/box/current/mule-box.xsd
http://www.mulesoft.org/schema/mule/ee/core http://www.mulesoft.org/schema/mule/ee/core/current/mule-ee.xsd">
	<sub-flow name="addSharedLinkToFolderSubFlow"
		doc:id="438a3902-4331-4e6f-92d6-bf99c8991be4">
		<logger level="INFO" doc:name="Start Log"
			doc:id="cd436628-be79-490d-9fd7-91c7300190df"
			message='#[%dw 2.0 output application/json --- "add shared link to folder flow started with folderId: " ++ vars.folderId default ""]' />
		<try doc:name="Try" doc:id="adc90879-8532-4f32-8981-a992a5779fb8">
			<box:update-folders-add-shared-link-by-folder-id
				doc:name="Add shared link to folder"
				doc:id="74356910-8cfd-455b-afeb-356bb40b7000"
				config-ref="Box_Connector_Config_jwt_custom_key"
				folderId="#[vars.folderId]"
				fields="#[attributes.queryParams.'fields']" />
			<error-handler>
				<on-error-continue enableNotifications="true" logException="true" doc:name="On Error Continue" doc:id="578f42e4-342d-47d8-a6bb-4e73bff48c19" when="error.errorMessage.payload.status &gt;=500 and error.errorMessage.payload.status &lt;=504">
					<until-successful maxRetries="${until-successful.maxRetries}" doc:name="Until Successful" doc:id="33df8200-8273-460b-925d-4a031fa3cb04" millisBetweenRetries="${until-successful.millisBetweenRetries}">
			<logger level="INFO" doc:name="Start Log" doc:id="7c80fa7d-bd35-4d39-8d37-7574ae1ccee7" message='#["until successful started for folderId: " ++ vars.folderId]' />
						<box:update-folders-add-shared-link-by-folder-id
				doc:name="Add shared link to folder"
				doc:id="77c84d7d-540e-41c6-a3e5-c265418d9fc9"
				config-ref="Box_Connector_Config_jwt_custom_key"
				folderId="#[vars.folderId]"
				fields="#[attributes.queryParams.'fields']" />
						<logger level="INFO" doc:name="End Log" doc:id="85dec108-8cc9-43a9-b46f-d2fb987a3f65" message='#["until successful ended for folderId: " ++ vars.folderId]' />					
</until-successful>
				</on-error-continue>
			</error-handler>
		</try>
		<logger level="INFO" doc:name="End Log" doc:id="3600a8fd-1b49-45c6-9b4f-4c95b14da6a5" message='#[%dw 2.0 output application/json --- "add shared link to folder flow ended with folderId: " ++ vars.folderId default ""]' />
	</sub-flow>
</mule>
