<?xml version="1.0" encoding="UTF-8"?>

<mule xmlns:ee="http://www.mulesoft.org/schema/mule/ee/core"
	xmlns:box="http://www.mulesoft.org/schema/mule/box"
	xmlns="http://www.mulesoft.org/schema/mule/core"
	xmlns:doc="http://www.mulesoft.org/schema/mule/documentation"
	xmlns:xsi="http://www.w3.org/2001/XMLSchema-instance"
	xsi:schemaLocation="http://www.mulesoft.org/schema/mule/core http://www.mulesoft.org/schema/mule/core/current/mule.xsd
http://www.mulesoft.org/schema/mule/box http://www.mulesoft.org/schema/mule/box/current/mule-box.xsd
http://www.mulesoft.org/schema/mule/ee/core http://www.mulesoft.org/schema/mule/ee/core/current/mule-ee.xsd">
	<sub-flow name="findFolderForSharedLinkSubFlow"
		doc:id="4f616e6a-ea05-4356-a0fa-e173614598fa">
		<logger level="INFO" doc:name="Start Log"
			doc:id="7f03ebfd-6158-4596-8b6b-e40ae837430c"
			message="#[%dw 2.0 output application/json --- &quot;find folder for shared link: &quot; ++ attributes.headers.'shared_link' default &quot;&quot; ++ &quot; flow started&quot;]" />
		<try doc:name="Try" doc:id="0a980be2-05c2-4c72-ad5e-ebf5a5929ba3">
			<box:get-shared-itemsfolders
				doc:name="Find folder for shared link"
				doc:id="c0d6e071-54cc-45aa-af96-25cc41e66ecf"
				config-ref="Box_Connector_Config_jwt_custom_key"
				boxapi="#[vars.BoxApi]" />
			<error-handler>
				<on-error-continue enableNotifications="true" logException="true" doc:name="On Error Continue" doc:id="11e81a84-592c-4160-b746-8fc0a9447e6b" when="error.errorMessage.payload.status &gt;=500 and error.errorMessage.payload.status &lt;=504">
					<until-successful maxRetries="${until-successful.maxRetries}" doc:name="Until Successful" doc:id="1c184008-28ff-400f-9366-f3c6eedb9b4e" millisBetweenRetries="${until-successful.millisBetweenRetries}">
			<logger level="INFO" doc:name="Start Log" doc:id="30dc9d16-f8dc-45b1-a722-832380516bc6" message="#[&quot;until successful started for shared link: &quot; ++ attributes.headers.'shared_link']" />
						<box:get-shared-itemsfolders
				doc:name="Find folder for shared link"
				doc:id="5107662b-3e11-4409-bb8d-b6b368d7b274"
				config-ref="Box_Connector_Config_jwt_custom_key"
				boxapi="#[vars.BoxApi]" />
						<logger level="INFO" doc:name="End Log" doc:id="79c5d063-2212-4f7a-90bf-198331958bda" message="#[&quot;until successful ended for shared link: &quot; ++ attributes.headers.'shared_link']" />					
</until-successful>
				</on-error-continue>
			</error-handler>
		</try>
		<logger level="INFO" doc:name="End Log" doc:id="e1669f78-d3c3-471e-9d47-43ec9084191b" message="#[%dw 2.0 output application/json --- &quot;find folder for shared link: &quot; ++ attributes.headers.'shared_link' default &quot;&quot; ++ &quot; flow started&quot;]" />
	</sub-flow>
</mule>
