<?xml version="1.0" encoding="UTF-8"?>

<mule xmlns:ee="http://www.mulesoft.org/schema/mule/ee/core"
	xmlns:box="http://www.mulesoft.org/schema/mule/box"
	xmlns="http://www.mulesoft.org/schema/mule/core"
	xmlns:doc="http://www.mulesoft.org/schema/mule/documentation"
	xmlns:xsi="http://www.w3.org/2001/XMLSchema-instance"
	xsi:schemaLocation="http://www.mulesoft.org/schema/mule/core http://www.mulesoft.org/schema/mule/core/current/mule.xsd
http://www.mulesoft.org/schema/mule/box http://www.mulesoft.org/schema/mule/box/current/mule-box.xsd
http://www.mulesoft.org/schema/mule/ee/core http://www.mulesoft.org/schema/mule/ee/core/current/mule-ee.xsd">
	<sub-flow name="getSharedLinkForFolderSubFlow"
		doc:id="fc09cc97-6793-407f-b802-5fb41e88058b">
		<logger level="INFO" doc:name="Start Log"
			doc:id="98abb8d8-ebd2-42ea-99e0-562200bed5b4"
			message="get shared link for folder with folderId:  #[vars.folderId] flow started." />
		<try doc:name="Try" doc:id="28404471-2de6-4689-9d6b-50e49acd62eb">
			<box:get-folders-get-shared-link-by-folder-id
				doc:name="Get shared link for folder"
				doc:id="b5f35559-e6c1-48ac-ae6c-a2299945d3a0"
				config-ref="Box_Connector_Config_jwt_custom_key"
				folderId="#[vars.folderId]"
				fields="#[attributes.queryParams.'fields']" />
			<error-handler>
				<on-error-continue enableNotifications="true" logException="true" doc:name="On Error Continue" doc:id="966d7e0d-a1da-437a-9915-91d6e8fef69e" when="error.errorMessage.payload.status &gt;=500 and error.errorMessage.payload.status &lt;=504">
					<until-successful maxRetries="${until-successful.maxRetries}" doc:name="Until Successful" doc:id="0fd091ee-d5cb-4064-baf9-3e62a562a62e" millisBetweenRetries="${until-successful.millisBetweenRetries}">
			<logger level="INFO" doc:name="Start Log" doc:id="1a51132f-db5b-497f-9124-f68164f6beda" message="until successful started for folderId:  #[vars.folderId]" />
						<box:get-folders-get-shared-link-by-folder-id
				doc:name="Get shared link for folder"
				doc:id="b222d0f9-4718-47ae-8334-f80b776fd2f2"
				config-ref="Box_Connector_Config_jwt_custom_key"
				folderId="#[vars.folderId]"
				fields="#[attributes.queryParams.'fields']" />
						<logger level="INFO" doc:name="End Log" doc:id="02fb0254-736b-4942-90b5-d1a76486e395" message="until successful ended for folderId:  #[vars.folderId]" />					
</until-successful>
				</on-error-continue>
			</error-handler>
		</try>
		<logger level="INFO" doc:name="End Log" doc:id="00ebebf9-7fa0-4601-a83c-7d38e87991bc" message="get shared link for folder with folderId:  #[vars.folderId] flow ended." />
	</sub-flow>
</mule>
