<?xml version="1.0" encoding="UTF-8"?>

<mule xmlns:ee="http://www.mulesoft.org/schema/mule/ee/core"
	xmlns:box="http://www.mulesoft.org/schema/mule/box"
	xmlns="http://www.mulesoft.org/schema/mule/core"
	xmlns:doc="http://www.mulesoft.org/schema/mule/documentation"
	xmlns:xsi="http://www.w3.org/2001/XMLSchema-instance"
	xsi:schemaLocation="http://www.mulesoft.org/schema/mule/core http://www.mulesoft.org/schema/mule/core/current/mule.xsd
http://www.mulesoft.org/schema/mule/box http://www.mulesoft.org/schema/mule/box/current/mule-box.xsd
http://www.mulesoft.org/schema/mule/ee/core http://www.mulesoft.org/schema/mule/ee/core/current/mule-ee.xsd">
	<sub-flow name="removeSharedLinkFromFolderSubFlow"
		doc:id="22e97809-37d7-4518-803c-1543130936ff">
		<logger level="INFO" doc:name="Start Log"
			doc:id="22ac68bf-26da-46b8-98cc-5511b6b81a1f"
			message="delete shared link from folder with folderId:  #[vars.folderId] flow started." />
		<try doc:name="Try" doc:id="6f968173-687d-4912-9285-bedecb5d264a">
			<box:update-folders-remove-shared-link-by-folder-id
				doc:name="Remove shared link from folder"
				doc:id="7b603fb7-c743-49ad-99a0-c9d54de0f7df"
				config-ref="Box_Connector_Config_jwt_custom_key"
				folderId="#[vars.folderId]"
				fields="#[attributes.queryParams.'fields']" />
			<error-handler>
				<on-error-continue enableNotifications="true" logException="true" doc:name="On Error Continue" doc:id="21a272af-e2db-4749-b099-721d9ad01bcc" when="error.errorMessage.payload.status &gt;=500 and error.errorMessage.payload.status &lt;=504">
					<until-successful maxRetries="${until-successful.maxRetries}" doc:name="Until Successful" doc:id="a0bdd0e6-3ac5-485e-9943-af35e089d706" millisBetweenRetries="${until-successful.millisBetweenRetries}">
			<logger level="INFO" doc:name="Start Log" doc:id="4fd125fd-4158-476d-8d13-53eb6ade2ea2" message="until successful started for folderId:  #[vars.folderId]" />
						<box:update-folders-remove-shared-link-by-folder-id
				doc:name="Remove shared link from folder"
				doc:id="0cbf1d22-c05e-45b6-9926-568dfd65b8e0"
				config-ref="Box_Connector_Config_jwt_custom_key"
				folderId="#[vars.folderId]"
				fields="#[attributes.queryParams.'fields']" />
						<logger level="INFO" doc:name="End Log" doc:id="7df5e521-82e4-4769-83fe-8b20279e19df" message="until successful ended for folderId:  #[vars.folderId]" />					
</until-successful>
				</on-error-continue>
			</error-handler>
		</try>
		<logger level="INFO" doc:name="End Log" doc:id="a28770aa-74ce-4385-99fc-c19848dee952" message="delete shared link from folder with folderId:  #[vars.folderId] flow ended." />
	</sub-flow>
</mule>
