<?xml version="1.0" encoding="UTF-8"?>

<mule xmlns:ee="http://www.mulesoft.org/schema/mule/ee/core"
	xmlns:box="http://www.mulesoft.org/schema/mule/box"
	xmlns="http://www.mulesoft.org/schema/mule/core"
	xmlns:doc="http://www.mulesoft.org/schema/mule/documentation"
	xmlns:xsi="http://www.w3.org/2001/XMLSchema-instance"
	xsi:schemaLocation="http://www.mulesoft.org/schema/mule/core http://www.mulesoft.org/schema/mule/core/current/mule.xsd
http://www.mulesoft.org/schema/mule/box http://www.mulesoft.org/schema/mule/box/current/mule-box.xsd
http://www.mulesoft.org/schema/mule/ee/core http://www.mulesoft.org/schema/mule/ee/core/current/mule-ee.xsd">
	<sub-flow name="updateSharedLinkOnFolderSubFlow"
		doc:id="290dd060-9ead-43a3-9c5c-c31246d2434e">
		<logger level="INFO" doc:name="Start Log"
			doc:id="da24e183-6b4e-4c8a-9943-5d4ed6ca674e"
			message="update shared link on folder with folderId:  #[vars.folderId] flow started." />
		<try doc:name="Try" doc:id="00a84fe1-77aa-48a6-80ab-cd510ff7fc93">
			<box:update-folders-update-shared-link-by-folder-id
				doc:name="Update shared link on folder"
				doc:id="616bb090-e0d4-4e79-b7de-3fcd632e91c8"
				config-ref="Box_Connector_Config_jwt_custom_key"
				folderId="#[vars.folderId]"
				fields="#[attributes.queryParams.'fields']" />
			<error-handler>
				<on-error-continue enableNotifications="true" logException="true" doc:name="On Error Continue" doc:id="f210d5b7-6b79-49c5-af65-7c63be1a5888" when="error.errorMessage.payload.status &gt;=500 and error.errorMessage.payload.status &lt;=504">
					<until-successful maxRetries="${until-successful.maxRetries}" doc:name="Until Successful" doc:id="0540e5be-dd10-489b-b13a-0f2920efc387" millisBetweenRetries="${until-successful.millisBetweenRetries}">
									<logger level="INFO" doc:name="Start Log" doc:id="be1f32d6-6da5-41cb-a80a-6226e305c4bb" message="until successful started for folderId:  #[vars.folderId]" />
						<box:update-folders-update-shared-link-by-folder-id
				doc:name="Update shared link on folder"
				doc:id="4138554d-f6dc-4c27-8216-77ad1872a17b"
				config-ref="Box_Connector_Config_jwt_custom_key"
				folderId="#[vars.folderId]"
				fields="#[attributes.queryParams.'fields']" />
						<logger level="INFO" doc:name="End Log" doc:id="06abfe15-5207-4061-b815-b0faf3fcd6f2" message="until successful ended for folderId:  #[vars.folderId]" />
					</until-successful>
				</on-error-continue>
			</error-handler>
		</try>
		<logger level="INFO" doc:name="End Log" doc:id="c7f880c2-df3e-42dd-8a0f-923b81c540c1" message="update shared link on folder with folderId:  #[vars.folderId] flow ended." />
	</sub-flow>
</mule>
