<?xml version="1.0" encoding="UTF-8"?>

<mule xmlns:tracking="http://www.mulesoft.org/schema/mule/ee/tracking" xmlns:ee="http://www.mulesoft.org/schema/mule/ee/core"
	xmlns:http="http://www.mulesoft.org/schema/mule/http"
	xmlns="http://www.mulesoft.org/schema/mule/core" xmlns:doc="http://www.mulesoft.org/schema/mule/documentation" xmlns:xsi="http://www.w3.org/2001/XMLSchema-instance" xsi:schemaLocation="http://www.mulesoft.org/schema/mule/core http://www.mulesoft.org/schema/mule/core/current/mule.xsd
http://www.mulesoft.org/schema/mule/http http://www.mulesoft.org/schema/mule/http/current/mule-http.xsd
http://www.mulesoft.org/schema/mule/ee/core http://www.mulesoft.org/schema/mule/ee/core/current/mule-ee.xsd
http://www.mulesoft.org/schema/mule/ee/tracking http://www.mulesoft.org/schema/mule/ee/tracking/current/mule-tracking-ee.xsd">
	<sub-flow name="createCallReport" doc:id="e8ceb43f-565e-4161-8e8e-8ba3effbf821" >
		<logger level="INFO" doc:name="Flow Start" doc:id="659f2c2e-7537-44a6-a8a7-b9387ea77b92" message='#[%dw 2.0&#10;output application/json&#10;---&#10;"CorrelationId : " ++ vars.correlationId ++ " Create CallReports Started for Pollution Time : " ++ payload.PollutionReport.PollutionDateTime as String]'/>
		<ee:transform doc:name="Request Body For POST" doc:id="827b68a8-0a9a-4698-854c-c37eac51c61b">
			<ee:message />
			<ee:variables>
				<ee:set-variable variableName="body"><![CDATA[%dw 2.0
import * from dw::util::Timer
output application/json
var pr= payload.PollutionReport
var at= payload.AttachmentFiles
var moeRefNum = upper(pr.FirstName[0 to if(sizeOf(pr.FirstName)>12) 10 else -1]) ++"_MULE_" ++ currentMilliseconds()


fun level(value : String) = value match {
	case value matches  /1/ -> "1 (Weak)"
	case value matches  /2/ -> "2 (Weak to Moderate)"
	case value matches  /3/ -> "3 (Moderate)"
    case value matches  /4/ -> "4 (Moderate to Strong)"
    case value matches  /5/ -> "5 (Strong)"
    else -> "None"
}



---
{
    "contact": {
        "contactId": pr.SiebelContactId default "",
        "contactFirstName": pr.FirstName,
        "contactLastName": pr.LastName,
        "contactEmail": pr.Email,
        "citizenPhone": pr.PhoneNumber default "",
        "citizenAlternatePhone": "",
        "isRegisteredUser": pr.IsRegisteredContact default false
    },
    "callReport": {
        "referenceNumber": moeRefNum,
        "description": "PIR" ++ "_" ++ now() as String {format: "yyyyMMdd"
        },
        "reportMethod": "${reportMethod}",
        "callReport": "${callReport}",
        "pollutionAddress": pr.PollutionAddress default "",
        //Dust Info
        "isDust": pr.showDust default false, // no need to pass if it is false description for dust
        ("dustDescription": pr.DustSection.DustDescription default "") if(pr.showDust),
        //IllegalWasteDumping Info
        "isIllegalWasteDumping": false, //not specified 
        "illegalWasteDumpingDescription": "",
        //Noise Info
        "isNoise": pr.showNoise default false,
        (("noiseInfo": {
            "noiseDescription": pr.NoiseSection.NoiseDescription default "",
            "noiseFrequency": pr.NoiseSection.NoiseFrequency default "",
            "noiseDuration": pr.NoiseSection.NoiseDuration default "",
            "noiseIntensity": level(pr.NoiseSection.NoiseIntensity default "")
        }) if(pr.showNoise).noiseInfo),
        //Odour Info  
        "isOdour": pr.showOdour default false,
       (("odourInfo": {
            "odourDescription": pr.OdourSection.OdourDescription default "",
            "odourDuration": pr.OdourSection.OdourDuration default "",
            "odourFrequency": pr.OdourSection.OdourFreq default "",
            "odourIntensity": level(pr.OdourSection.OdourIntensity default "")
        }) if(pr.showOdour).odourInfo),
        //Other Info 
        "isOtherIssue": pr.showOther,
        ("otherIssueDescription": pr.OtherSection.OtherDescription default "") if(pr.showOther),
        //Smoke Info
        "isSmoke": false, // not specified 
        "smokeDescription": "",
        "pollutionEffectDescription": "",
        "pollutionSource": "",
        "weatherConditionsDescription": "",
        "windIntensity": level(""),
        "utilsServiceContactFirstName": pr.FirstName default "",
        "utilsServiceContactLastName": pr.LastName default "",
        "utilsServiceContactEmail": pr.Email default "",
        "eventDateUTC": "",
        "createdTime": pr.PollutionDateTime,
        "integrationId": "",
        "portalId": ""
    },
    "reportAttachment": at default [] map (item,index) -> 
        {
        "reportId": "",
        "fileName": item.filename,
        "fileExtension": item.fileExtension,
        "attachmentComment": "",
        "data": item.data
    }
}]]></ee:set-variable>
			</ee:variables>
		</ee:transform>
		<until-successful maxRetries="${until-successful.maxRetries}" doc:name="Until Successful" doc:id="8c60072d-a706-4aea-8064-331b525d2f26" millisBetweenRetries="${until-successful.millisBetweenRetries}">
			<try doc:name="Try" doc:id="9f76e53c-8a9f-4cd1-8da3-b8beb780c566">
				<http:request method="POST" doc:name="HTTP POST call to polluction-report-prc-api" doc:id="607039dc-9961-40d0-8f93-410b5cf45f3d" path="${prc.callReportPath}" sendCorrelationId="ALWAYS" correlationId="#[vars.correlationId]" config-ref="pollution-report-prc-api_request">
					<http:body><![CDATA[#[vars.body]]]></http:body>
					<http:headers ><![CDATA[#[vars.requiredHeaders]]]></http:headers>
				
</http:request>
				<error-handler>
					<on-error-propagate enableNotifications="true" logException="true" doc:name="On Error Propagate" doc:id="498856a2-ecea-4464-81f3-a884fc145678" type="ANY">
						<logger level="ERROR" doc:name="Error Message" doc:id="6a518999-9ec9-45a8-bee6-f5f9356024af" message='#[error.errorType.asString ++ " Error occured while connecting to SIEBEL"]' />
					</on-error-propagate>
				</error-handler>
			</try>
		</until-successful>
		<ee:transform doc:name="Response From POST Call" doc:id="6d82e4f1-1b5f-4acf-b9f4-76aaa4be03ee" >
			<ee:message >
				<ee:set-payload ><![CDATA[%dw 2.0
output application/json
---
payload]]></ee:set-payload>
			</ee:message>
		</ee:transform>
	</sub-flow>
	
</mule>
