<?xml version="1.0" encoding="UTF-8"?>

<mule xmlns:ee="http://www.mulesoft.org/schema/mule/ee/core"
	xmlns:http="http://www.mulesoft.org/schema/mule/http"
	xmlns="http://www.mulesoft.org/schema/mule/core"
	xmlns:doc="http://www.mulesoft.org/schema/mule/documentation" xmlns:xsi="http://www.w3.org/2001/XMLSchema-instance" xsi:schemaLocation="http://www.mulesoft.org/schema/mule/core http://www.mulesoft.org/schema/mule/core/current/mule.xsd
http://www.mulesoft.org/schema/mule/http http://www.mulesoft.org/schema/mule/http/current/mule-http.xsd
http://www.mulesoft.org/schema/mule/ee/core http://www.mulesoft.org/schema/mule/ee/core/current/mule-ee.xsd">
	<sub-flow name="fetch-all-payment-record-subflow"
		doc:id="a4eaa950-94ee-43ff-b033-b513088adc82">
		<logger level="INFO" doc:name="Flow Start" doc:id="6a2d0fa3-1bc5-4b7f-a2fb-f2224695fb05" message='#[vars.correlationId default "" ++ "Flow to fetch all payments has been started  - at :"++ now()]' />
		<ee:transform doc:name="Setting input paramters" doc:id="fe208d1a-f0a1-40ec-abb3-0e7ee5d22d93">
			<ee:message />
			<ee:variables>
				<ee:set-variable variableName="inputParams"><![CDATA[%dw 2.0
output application/java
---
{     
   "date" : payload.scheduledDate,
   "status" : payload.status
}]]></ee:set-variable>
			</ee:variables>
		</ee:transform>
		<until-successful maxRetries="${until-successful.maxRetries}" doc:name="Until Successful" doc:id="0f23986f-ecad-4355-8269-8619809f2afc" millisBetweenRetries="${until-successful.millisBetweenRetries}">
			<try doc:name="Try" doc:id="408e7327-275a-4830-b03f-d73cdb925014">
				<http:request method="GET" doc:name="HTTP Get All Payments sf-sys-api" doc:id="b4a5df3d-4dcb-4e3d-bfd4-814f36d84479" config-ref="sf-sys-api-request" path="${sf.sys.getPayments}" sendCorrelationId="ALWAYS" correlationId="#[vars.correlationId]">
					<http:headers><![CDATA[#[vars.settingRequiredHeaders]]]></http:headers>
					<http:query-params ><![CDATA[#[vars.inputParams]]]></http:query-params>
				</http:request>
				<error-handler>
					<on-error-propagate enableNotifications="true" logException="true" doc:name="On Error Propagate" doc:id="888f45b4-18df-4911-8983-e936b54f9f26" type="ANY">
						<logger level="ERROR" doc:name="Error Message" doc:id="cbd8f7f1-6de8-46ed-a8a1-986961a6b501" message='#[error.errorType.asString ++ " Error occured while connecting to sf sys api"]' />
					</on-error-propagate>
				</error-handler>
			</try>
		</until-successful>
		<ee:transform doc:name="Response" doc:id="57ec816c-ad23-4d86-9c20-97b6db9ad827" >
			<ee:message >
				<ee:set-payload ><![CDATA[%dw 2.0
output application/json
---
payload]]></ee:set-payload>
			</ee:message>
		</ee:transform>
		<logger level="INFO" doc:name="Flow End" doc:id="fc8318b2-29ca-4be8-a0dc-7ae682705a29" message='#[vars.correlationId default "" ++ "Flow to fetch all payments has been ended  - at :"++ now()]' />
	</sub-flow>
</mule>
