<?xml version="1.0" encoding="UTF-8"?>

<mule xmlns:ee="http://www.mulesoft.org/schema/mule/ee/core"
	xmlns:http="http://www.mulesoft.org/schema/mule/http"
	xmlns="http://www.mulesoft.org/schema/mule/core"
	xmlns:doc="http://www.mulesoft.org/schema/mule/documentation" xmlns:xsi="http://www.w3.org/2001/XMLSchema-instance" xsi:schemaLocation="http://www.mulesoft.org/schema/mule/core http://www.mulesoft.org/schema/mule/core/current/mule.xsd
http://www.mulesoft.org/schema/mule/http http://www.mulesoft.org/schema/mule/http/current/mule-http.xsd
http://www.mulesoft.org/schema/mule/ee/core http://www.mulesoft.org/schema/mule/ee/core/current/mule-ee.xsd">
	<sub-flow name="update-single-payment-record-subflow" doc:id="a7ad6866-ac23-4c32-b7fa-ad7f29a43e70" >
		<ee:transform doc:name="Set Request" doc:id="89694b43-6034-4b33-a893-74c69386d6a9" >
			<ee:message >
				<ee:set-payload ><![CDATA[%dw 2.0
output application/json
---
{
	"id": payload.id,
	"amount": payload.amount,
	"scheduledDate": payload.scheduledDate,
	"disbursementDate": payload.disbursementDate,
	"type": payload.'type'
}]]></ee:set-payload>
			</ee:message>
			<ee:variables >
			</ee:variables>
		</ee:transform>
		<flow-ref doc:name="process-payment-subflow" doc:id="6611d9c6-b86c-4f56-8405-7ab1f024d0da" name="process-payment-subflow" />
		<set-variable value="#[payload]" doc:name="Save process payment response" doc:id="de8bba3a-0dfa-4d6e-8872-ffa74e060080" variableName="paymentResp"/>
		<flow-ref doc:name="update-payment-record-operation-subflow" doc:id="24cd7591-1288-45c5-8191-986293b2de4e" name="update-payment-record-operation-subflow" />
		<set-payload value="#[vars.paymentResp]" doc:name="Set Response" doc:id="9827b91a-2707-44ce-a792-91c2142c0f25" />
	</sub-flow>
	<sub-flow name="update-payment-record-subflow"
		doc:id="a4eaa950-94ee-43ff-b033-b513088adc82">
		<logger level="INFO" doc:name="Flow Start" doc:id="67002800-18c8-44af-bd8e-6b6008c093af" message='#[vars.correlationId default "" ++ "Flow to update payment data has been started  - at :"++ now()]' />
		<flow-ref doc:name="fetch-all-payment-record-subflow" doc:id="ee332873-5999-4bd2-96b9-f11635b6e9a5" name="fetch-all-payment-record-subflow"/>
		<foreach doc:name="for each payment record." doc:id="678bf88b-c705-4629-81f5-1b47b893385a" collection="#[payload]">
			<flow-ref doc:name="process-payment-subflow" doc:id="ece43303-673b-420a-8f13-6de070c11417" name="process-payment-subflow" />
			<flow-ref doc:name="update-payment-record-operation-subflow" doc:id="b3248ffe-363c-405c-9dea-b371efc15442" name="update-payment-record-operation-subflow" />
		</foreach>
		<ee:transform doc:name="Set Response" doc:id="039cbdd0-9cf7-4d4d-bf44-403247b1975a" >
			<ee:message >
				<ee:set-payload ><![CDATA[%dw 2.0
output application/json
---
{
  "message" : "Success"
}]]></ee:set-payload>
			</ee:message>
		</ee:transform>
		<logger level="INFO" doc:name="Flow End" doc:id="642b6a8c-fa3d-40d4-af10-075f63834a03" message='#[vars.correlationId default "" ++ "Flow to update payment data has been ended  - at :"++ now()]' />
	</sub-flow>
	<sub-flow name="update-payment-record-operation-subflow" doc:id="5e0108bc-cc07-4e4a-abb7-bce621a22638">
		<until-successful maxRetries="${until-successful.maxRetries}" doc:name="Until Successful" doc:id="ef8d4c56-f9b0-47e7-a602-1b597150d0a7" millisBetweenRetries="${until-successful.millisBetweenRetries}">
			<try doc:name="Try" doc:id="3d6d53f2-837e-4749-8978-cde126429cdb">
				<http:request method="PATCH" doc:name="HTTP patch update payment sf-sys-api" doc:id="bb410e4b-9e22-4baf-a27a-55afc57e1d4c" config-ref="sf-sys-api-request" path="${sf.sys.getPayments}" sendCorrelationId="ALWAYS" correlationId="#[vars.correlationId]">
					<http:headers><![CDATA[#[vars.settingRequiredHeaders]]]></http:headers>
				</http:request>
				<error-handler>
					<on-error-propagate enableNotifications="true" logException="true" doc:name="On Error Propagate" doc:id="df5cbf22-2034-4d2d-b04d-2d18d03e795b" type="ANY">
						<logger level="ERROR" doc:name="Error Message" doc:id="6def5dc9-d069-42be-bd0d-5311b0a4f99a" message='#[error.errorType.asString ++ " Error occured while connecting to sf sys api"]' />
					</on-error-propagate>
				</error-handler>
			</try>
		</until-successful>
		<ee:transform doc:name="Set Response" doc:id="0934a744-4b8b-4a8f-a400-fafb75aed0ba">
			<ee:message>
				<ee:set-payload><![CDATA[%dw 2.0
output application/json
---
payload]]></ee:set-payload>
			</ee:message>
			<ee:variables>
			</ee:variables>
		</ee:transform>
	</sub-flow>
</mule>
