<?xml version='1.0' encoding='UTF-8'?>
<types:mule xmlns:types="http://www.mulesoft.org/schema/mule/types">
  <types:catalog>
    <types:type name="auto_15f6c7f6-592f-4d2f-9855-2f3382790d4d_Output-Attributes" format="java">
      <types:shape format="weave" example="weave/autogenerated/15f6c7f6-592f-4d2f-9855-2f3382790d4d/Output-Attributes.wev" autogeneratedOrigin="f3a8d925-5fb6-4014-92a6-05e8c60687f0"><![CDATA[%dw 2.0

type auto_15f6c7f6_592f_4d2f_9855_2f3382790d4d_Output_Attributes = {|
  listenerPath: String, 
  rawRequestPath: String, 
  relativePath: String, 
  maskedRequestPath: String, 
  version: String, 
  scheme: String, 
  method: String, 
  requestUri: String, 
  rawRequestUri: String, 
  queryString: String, 
  localAddress: String, 
  remoteAddress: String, 
  clientCertificate?: java_security_cert_Certificate, 
  queryParams: { _?: String }, 
  uriParams: { _?: String }, 
  requestPath: String, 
  headers: { _?: String }
|} {"typeAlias": "HttpRequestAttributes",
"typeId": "org.mule.extension.http.api.HttpRequestAttributes"}
type java_security_cert_Certificate = {|
  encoded?: Binary, 
  publicKey?: java_security_PublicKey, 
  "type"?: String
|} {"typeAlias": "Certificate",
"typeId": "java.security.cert.Certificate"}
type java_security_PublicKey = {|  |} {"typeAlias": "PublicKey",
"typeId": "java.security.PublicKey"}





]]></types:shape>
    </types:type>
    <types:type name="auto_15f6c7f6-592f-4d2f-9855-2f3382790d4d_Output-Variables-settingRequiredHeaders" format="java">
      <types:shape format="weave" example="weave/autogenerated/15f6c7f6-592f-4d2f-9855-2f3382790d4d/Output-Variables-settingRequiredHeaders.wev" autogeneratedOrigin="f3a8d925-5fb6-4014-92a6-05e8c60687f0"><![CDATA[%dw 2.0

type auto_15f6c7f6_592f_4d2f_9855_2f3382790d4d_Output_Variables_settingRequiredHeaders = Any

]]></types:shape>
    </types:type>
    <types:type name="auto_15f6c7f6-592f-4d2f-9855-2f3382790d4d_Input-Attributes" format="java">
      <types:shape format="weave" example="weave/autogenerated/15f6c7f6-592f-4d2f-9855-2f3382790d4d/Input-Attributes.wev" autogeneratedOrigin="f3a8d925-5fb6-4014-92a6-05e8c60687f0"><![CDATA[%dw 2.0

type auto_15f6c7f6_592f_4d2f_9855_2f3382790d4d_Input_Attributes = {|
  listenerPath: String, 
  rawRequestPath: String, 
  relativePath: String, 
  maskedRequestPath: String, 
  version: String, 
  scheme: String, 
  method: String, 
  requestUri: String, 
  rawRequestUri: String, 
  queryString: String, 
  localAddress: String, 
  remoteAddress: String, 
  clientCertificate?: java_security_cert_Certificate, 
  queryParams: { _?: String }, 
  uriParams: { _?: String }, 
  requestPath: String, 
  headers: { _?: String }
|} {"typeAlias": "HttpRequestAttributes",
"typeId": "org.mule.extension.http.api.HttpRequestAttributes"}
type java_security_cert_Certificate = {|
  encoded?: Binary, 
  publicKey?: java_security_PublicKey, 
  "type"?: String
|} {"typeAlias": "Certificate",
"typeId": "java.security.cert.Certificate"}
type java_security_PublicKey = {|  |} {"typeAlias": "PublicKey",
"typeId": "java.security.PublicKey"}





]]></types:shape>
    </types:type>
    <types:type name="auto_15f6c7f6-592f-4d2f-9855-2f3382790d4d_Output-Payload" format="java">
      <types:shape format="weave" example="weave/autogenerated/15f6c7f6-592f-4d2f-9855-2f3382790d4d/Output-Payload.wev" autogeneratedOrigin="f3a8d925-5fb6-4014-92a6-05e8c60687f0"><![CDATA[%dw 2.0

type auto_15f6c7f6_592f_4d2f_9855_2f3382790d4d_Output_Payload = Any

]]></types:shape>
    </types:type>
    <types:type name="auto_15f6c7f6-592f-4d2f-9855-2f3382790d4d_Input-Payload" format="java">
      <types:shape format="weave" example="weave/autogenerated/15f6c7f6-592f-4d2f-9855-2f3382790d4d/Input-Payload.wev" autogeneratedOrigin="f3a8d925-5fb6-4014-92a6-05e8c60687f0"><![CDATA[%dw 2.0

type auto_15f6c7f6_592f_4d2f_9855_2f3382790d4d_Input_Payload = Any

]]></types:shape>
    </types:type>
    <types:type name="auto_be934908-bf81-4fbb-bac5-c6c7242ad68e_Input-Payload" format="json">
      <types:shape format="weave" example="weave/autogenerated/be934908-bf81-4fbb-bac5-c6c7242ad68e/Input-Payload.wev" autogeneratedOrigin="a15f93f7-5bd3-4ab1-8b03-093188a44b10"><![CDATA[%dw 2.0

type auto_be934908_bf81_4fbb_bac5_c6c7242ad68e_Input_Payload = {
  fileName?: String, 
  data?: String, 
  size?: String, 
  fileExtension?: String, 
  attachmentComment?: String, 
  appId: String, 
  _?: Any
}

]]></types:shape>
    </types:type>
    <types:type name="auto_be934908-bf81-4fbb-bac5-c6c7242ad68e_Input-Attributes" format="java">
      <types:shape format="weave" example="weave/autogenerated/be934908-bf81-4fbb-bac5-c6c7242ad68e/Input-Attributes.wev" autogeneratedOrigin="a15f93f7-5bd3-4ab1-8b03-093188a44b10"><![CDATA[%dw 2.0

type auto_be934908_bf81_4fbb_bac5_c6c7242ad68e_Input_Attributes = {|
  clientCertificate?: {|
    publicKey?: {|  |}, 
    "type"?: String, 
    encoded?: Binary
  |}, 
  headers: {|
    client_id: String, 
    client_secret: String
  |}, 
  listenerPath: String, 
  method: String, 
  queryParams: {|  |}, 
  queryString: String, 
  relativePath: String, 
  remoteAddress: String, 
  requestPath: String, 
  requestUri: String, 
  scheme: String, 
  uriParams: {|  |}, 
  version: String, 
  localAddress: String
|}

]]></types:shape>
    </types:type>
    <types:type name="auto_be934908-bf81-4fbb-bac5-c6c7242ad68e_Input-Variables-outboundHeaders" format="java">
      <types:shape format="weave" example="weave/autogenerated/be934908-bf81-4fbb-bac5-c6c7242ad68e/Input-Variables-outboundHeaders.wev" autogeneratedOrigin="a15f93f7-5bd3-4ab1-8b03-093188a44b10"><![CDATA[%dw 2.0

type auto_be934908_bf81_4fbb_bac5_c6c7242ad68e_Input_Variables_outboundHeaders = {|  |}

]]></types:shape>
    </types:type>
    <types:type name="auto_be934908-bf81-4fbb-bac5-c6c7242ad68e_Input-Variables-httpStatus" format="java">
      <types:shape format="raml" autogeneratedOrigin="a15f93f7-5bd3-4ab1-8b03-093188a44b10"><![CDATA[#%RAML 1.0 DataType
type: string]]></types:shape>
    </types:type>
    <types:type name="auto_be934908-bf81-4fbb-bac5-c6c7242ad68e_Output-Payload" format="java">
      <types:shape format="weave" example="weave/autogenerated/be934908-bf81-4fbb-bac5-c6c7242ad68e/Output-Payload.wev" autogeneratedOrigin="a15f93f7-5bd3-4ab1-8b03-093188a44b10"><![CDATA[%dw 2.0

type auto_be934908_bf81_4fbb_bac5_c6c7242ad68e_Output_Payload = Any

]]></types:shape>
    </types:type>
    <types:type name="auto_be934908-bf81-4fbb-bac5-c6c7242ad68e_Output-Attributes" format="java">
      <types:shape format="weave" example="weave/autogenerated/be934908-bf81-4fbb-bac5-c6c7242ad68e/Output-Attributes.wev" autogeneratedOrigin="a15f93f7-5bd3-4ab1-8b03-093188a44b10"><![CDATA[%dw 2.0

type auto_be934908_bf81_4fbb_bac5_c6c7242ad68e_Output_Attributes = {|
  clientCertificate?: {|
    publicKey?: {|  |}, 
    "type"?: String, 
    encoded?: Binary
  |}, 
  headers: {|
    client_id: String, 
    client_secret: String
  |}, 
  listenerPath: String, 
  method: String, 
  queryParams: {|  |}, 
  queryString: String, 
  relativePath: String, 
  remoteAddress: String, 
  requestPath: String, 
  requestUri: String, 
  scheme: String, 
  uriParams: {|  |}, 
  version: String, 
  localAddress: String
|}

]]></types:shape>
    </types:type>
    <types:type name="auto_be934908-bf81-4fbb-bac5-c6c7242ad68e_Output-Variables-body" format="java">
      <types:shape format="weave" example="weave/autogenerated/be934908-bf81-4fbb-bac5-c6c7242ad68e/Output-Variables-body.wev" autogeneratedOrigin="a15f93f7-5bd3-4ab1-8b03-093188a44b10"><![CDATA[%dw 2.0

type auto_be934908_bf81_4fbb_bac5_c6c7242ad68e_Output_Variables_body = Any

]]></types:shape>
    </types:type>
    <types:type name="auto_be934908-bf81-4fbb-bac5-c6c7242ad68e_Output-Variables-outboundHeaders" format="java">
      <types:shape format="weave" example="weave/autogenerated/be934908-bf81-4fbb-bac5-c6c7242ad68e/Output-Variables-outboundHeaders.wev" autogeneratedOrigin="a15f93f7-5bd3-4ab1-8b03-093188a44b10"><![CDATA[%dw 2.0

type auto_be934908_bf81_4fbb_bac5_c6c7242ad68e_Output_Variables_outboundHeaders = {|  |}

]]></types:shape>
    </types:type>
    <types:type name="auto_be934908-bf81-4fbb-bac5-c6c7242ad68e_Output-Variables-httpStatus" format="java">
      <types:shape format="raml" autogeneratedOrigin="a15f93f7-5bd3-4ab1-8b03-093188a44b10"><![CDATA[#%RAML 1.0 DataType
type: string]]></types:shape>
    </types:type>
    <types:type name="auto_e4a6e66e-0638-4444-8100-5c21b8f78ddc_Input-Payload" format="java">
      <types:shape format="weave" example="weave/autogenerated/e4a6e66e-0638-4444-8100-5c21b8f78ddc/Input-Payload.wev" autogeneratedOrigin="4967eddb-1986-44a9-9c0a-9fe6e78cf950"><![CDATA[%dw 2.0

type auto_e4a6e66e_0638_4444_8100_5c21b8f78ddc_Input_Payload = Any

]]></types:shape>
    </types:type>
    <types:type name="auto_e4a6e66e-0638-4444-8100-5c21b8f78ddc_Input-Attributes" format="java">
      <types:shape format="weave" example="weave/autogenerated/e4a6e66e-0638-4444-8100-5c21b8f78ddc/Input-Attributes.wev" autogeneratedOrigin="4967eddb-1986-44a9-9c0a-9fe6e78cf950"><![CDATA[%dw 2.0

type auto_e4a6e66e_0638_4444_8100_5c21b8f78ddc_Input_Attributes = {|
  clientCertificate?: {|
    publicKey?: {|  |}, 
    "type"?: String, 
    encoded?: Binary
  |}, 
  headers: {|  |}, 
  listenerPath: String, 
  method: String, 
  queryParams: {|  |}, 
  queryString: String, 
  relativePath: String, 
  remoteAddress: String, 
  requestPath: String, 
  requestUri: String, 
  scheme: String, 
  uriParams: {| docId: String |}, 
  version: String, 
  localAddress: String
|}

]]></types:shape>
    </types:type>
    <types:type name="auto_e4a6e66e-0638-4444-8100-5c21b8f78ddc_Input-Variables-docId" format="java">
      <types:shape format="raml" autogeneratedOrigin="4967eddb-1986-44a9-9c0a-9fe6e78cf950"><![CDATA[#%RAML 1.0 DataType
type: string]]></types:shape>
    </types:type>
    <types:type name="auto_e4a6e66e-0638-4444-8100-5c21b8f78ddc_Input-Variables-outboundHeaders" format="java">
      <types:shape format="weave" example="weave/autogenerated/e4a6e66e-0638-4444-8100-5c21b8f78ddc/Input-Variables-outboundHeaders.wev" autogeneratedOrigin="4967eddb-1986-44a9-9c0a-9fe6e78cf950"><![CDATA[%dw 2.0

type auto_e4a6e66e_0638_4444_8100_5c21b8f78ddc_Input_Variables_outboundHeaders = {|  |}

]]></types:shape>
    </types:type>
    <types:type name="auto_e4a6e66e-0638-4444-8100-5c21b8f78ddc_Input-Variables-httpStatus" format="java">
      <types:shape format="raml" autogeneratedOrigin="4967eddb-1986-44a9-9c0a-9fe6e78cf950"><![CDATA[#%RAML 1.0 DataType
type: string]]></types:shape>
    </types:type>
    <types:type name="auto_e4a6e66e-0638-4444-8100-5c21b8f78ddc_Output-Payload" format="json">
      <types:shape format="weave" example="weave/autogenerated/e4a6e66e-0638-4444-8100-5c21b8f78ddc/Output-Payload.wev" autogeneratedOrigin="4967eddb-1986-44a9-9c0a-9fe6e78cf950"><![CDATA[%dw 2.0

type auto_e4a6e66e_0638_4444_8100_5c21b8f78ddc_Output_Payload = {
  fileName?: String, 
  data?: String, 
  size?: String, 
  docId: String, 
  fileExtension?: String, 
  attachmentComment?: String, 
  sfDocId: String, 
  _?: Any
}

]]></types:shape>
    </types:type>
    <types:type name="auto_e4a6e66e-0638-4444-8100-5c21b8f78ddc_Output-Attributes" format="java">
      <types:shape format="weave" example="weave/autogenerated/e4a6e66e-0638-4444-8100-5c21b8f78ddc/Output-Attributes.wev" autogeneratedOrigin="4967eddb-1986-44a9-9c0a-9fe6e78cf950"><![CDATA[%dw 2.0

type auto_e4a6e66e_0638_4444_8100_5c21b8f78ddc_Output_Attributes = {|
  clientCertificate?: {|
    publicKey?: {|  |}, 
    "type"?: String, 
    encoded?: Binary
  |}, 
  headers: {|  |}, 
  listenerPath: String, 
  method: String, 
  queryParams: {|  |}, 
  queryString: String, 
  relativePath: String, 
  remoteAddress: String, 
  requestPath: String, 
  requestUri: String, 
  scheme: String, 
  uriParams: {| docId: String |}, 
  version: String, 
  localAddress: String
|}

]]></types:shape>
    </types:type>
    <types:type name="auto_e4a6e66e-0638-4444-8100-5c21b8f78ddc_Output-Variables-docId" format="java">
      <types:shape format="raml" autogeneratedOrigin="4967eddb-1986-44a9-9c0a-9fe6e78cf950"><![CDATA[#%RAML 1.0 DataType
type: string]]></types:shape>
    </types:type>
    <types:type name="auto_e4a6e66e-0638-4444-8100-5c21b8f78ddc_Output-Variables-outboundHeaders" format="java">
      <types:shape format="weave" example="weave/autogenerated/e4a6e66e-0638-4444-8100-5c21b8f78ddc/Output-Variables-outboundHeaders.wev" autogeneratedOrigin="4967eddb-1986-44a9-9c0a-9fe6e78cf950"><![CDATA[%dw 2.0

type auto_e4a6e66e_0638_4444_8100_5c21b8f78ddc_Output_Variables_outboundHeaders = {|  |}

]]></types:shape>
    </types:type>
    <types:type name="auto_e4a6e66e-0638-4444-8100-5c21b8f78ddc_Output-Variables-httpStatus" format="java">
      <types:shape format="raml" autogeneratedOrigin="4967eddb-1986-44a9-9c0a-9fe6e78cf950"><![CDATA[#%RAML 1.0 DataType
type: string]]></types:shape>
    </types:type>
    <types:type name="auto_8138bcfe-9a6b-4087-9d47-fd0800df202a_Input-Payload" format="json">
      <types:shape format="weave" example="weave/autogenerated/8138bcfe-9a6b-4087-9d47-fd0800df202a/Input-Payload.wev" autogeneratedOrigin="bbc2dc93-1571-4832-b0f7-a52501eb0700"><![CDATA[%dw 2.0

type auto_8138bcfe_9a6b_4087_9d47_fd0800df202a_Input_Payload = {|
  nacis: String, 
  city: String, 
  country: String, 
  countryCode: String, 
  geocodeAccuracy: String, 
  latitude: String, 
  longitude: String, 
  postalCode: String, 
  state: String, 
  stateCode: String, 
  street: String
|}

]]></types:shape>
    </types:type>
    <types:type name="auto_8138bcfe-9a6b-4087-9d47-fd0800df202a_Input-Attributes" format="java">
      <types:shape format="weave" example="weave/autogenerated/8138bcfe-9a6b-4087-9d47-fd0800df202a/Input-Attributes.wev" autogeneratedOrigin="bbc2dc93-1571-4832-b0f7-a52501eb0700"><![CDATA[%dw 2.0

type auto_8138bcfe_9a6b_4087_9d47_fd0800df202a_Input_Attributes = {|
  clientCertificate?: {|
    publicKey?: {|  |}, 
    "type"?: String, 
    encoded?: Binary
  |}, 
  headers: {|
    client_id: String, 
    client_secret: String
  |}, 
  listenerPath: String, 
  method: String, 
  queryParams: {|  |}, 
  queryString: String, 
  relativePath: String, 
  remoteAddress: String, 
  requestPath: String, 
  requestUri: String, 
  scheme: String, 
  uriParams: {|  |}, 
  version: String, 
  localAddress: String
|}

]]></types:shape>
    </types:type>
    <types:type name="auto_8138bcfe-9a6b-4087-9d47-fd0800df202a_Input-Variables-outboundHeaders" format="java">
      <types:shape format="weave" example="weave/autogenerated/8138bcfe-9a6b-4087-9d47-fd0800df202a/Input-Variables-outboundHeaders.wev" autogeneratedOrigin="bbc2dc93-1571-4832-b0f7-a52501eb0700"><![CDATA[%dw 2.0

type auto_8138bcfe_9a6b_4087_9d47_fd0800df202a_Input_Variables_outboundHeaders = {|  |}

]]></types:shape>
    </types:type>
    <types:type name="auto_8138bcfe-9a6b-4087-9d47-fd0800df202a_Input-Variables-httpStatus" format="java">
      <types:shape format="raml" autogeneratedOrigin="bbc2dc93-1571-4832-b0f7-a52501eb0700"><![CDATA[#%RAML 1.0 DataType
type: string]]></types:shape>
    </types:type>
    <types:type name="auto_8138bcfe-9a6b-4087-9d47-fd0800df202a_Output-Payload" format="json">
      <types:shape format="weave" example="weave/autogenerated/8138bcfe-9a6b-4087-9d47-fd0800df202a/Output-Payload.wev" autogeneratedOrigin="bbc2dc93-1571-4832-b0f7-a52501eb0700"><![CDATA[%dw 2.0

type auto_8138bcfe_9a6b_4087_9d47_fd0800df202a_Output_Payload = {
  nacis?: String, 
  country?: String, 
  city?: String, 
  countryCode?: String, 
  street?: String, 
  latitude?: String, 
  postalCode?: String, 
  geocodeAccuracy?: String, 
  stateCode?: String, 
  state?: String, 
  longitude?: String, 
  _?: Any
}

]]></types:shape>
    </types:type>
    <types:type name="auto_8138bcfe-9a6b-4087-9d47-fd0800df202a_Output-Attributes" format="java">
      <types:shape format="weave" example="weave/autogenerated/8138bcfe-9a6b-4087-9d47-fd0800df202a/Output-Attributes.wev" autogeneratedOrigin="bbc2dc93-1571-4832-b0f7-a52501eb0700"><![CDATA[%dw 2.0

type auto_8138bcfe_9a6b_4087_9d47_fd0800df202a_Output_Attributes = {|
  clientCertificate?: {|
    publicKey?: {|  |}, 
    "type"?: String, 
    encoded?: Binary
  |}, 
  headers: {|
    client_id: String, 
    client_secret: String
  |}, 
  listenerPath: String, 
  method: String, 
  queryParams: {|  |}, 
  queryString: String, 
  relativePath: String, 
  remoteAddress: String, 
  requestPath: String, 
  requestUri: String, 
  scheme: String, 
  uriParams: {|  |}, 
  version: String, 
  localAddress: String
|}

]]></types:shape>
    </types:type>
    <types:type name="auto_8138bcfe-9a6b-4087-9d47-fd0800df202a_Output-Variables-body" format="java">
      <types:shape format="weave" example="weave/autogenerated/8138bcfe-9a6b-4087-9d47-fd0800df202a/Output-Variables-body.wev" autogeneratedOrigin="bbc2dc93-1571-4832-b0f7-a52501eb0700"><![CDATA[%dw 2.0

type auto_8138bcfe_9a6b_4087_9d47_fd0800df202a_Output_Variables_body = Any

]]></types:shape>
    </types:type>
    <types:type name="auto_8138bcfe-9a6b-4087-9d47-fd0800df202a_Output-Variables-outboundHeaders" format="java">
      <types:shape format="weave" example="weave/autogenerated/8138bcfe-9a6b-4087-9d47-fd0800df202a/Output-Variables-outboundHeaders.wev" autogeneratedOrigin="bbc2dc93-1571-4832-b0f7-a52501eb0700"><![CDATA[%dw 2.0

type auto_8138bcfe_9a6b_4087_9d47_fd0800df202a_Output_Variables_outboundHeaders = {|  |}

]]></types:shape>
    </types:type>
    <types:type name="auto_8138bcfe-9a6b-4087-9d47-fd0800df202a_Output-Variables-httpStatus" format="java">
      <types:shape format="raml" autogeneratedOrigin="bbc2dc93-1571-4832-b0f7-a52501eb0700"><![CDATA[#%RAML 1.0 DataType
type: string]]></types:shape>
    </types:type>
  </types:catalog>
  <types:enrichment select="#15f6c7f6-592f-4d2f-9855-2f3382790d4d">
    <types:processor-declaration>
      <types:input-event>
        <types:message>
          <types:payload type="auto_15f6c7f6-592f-4d2f-9855-2f3382790d4d_Input-Payload"/>
          <types:attributes type="auto_15f6c7f6-592f-4d2f-9855-2f3382790d4d_Input-Attributes"/>
        </types:message>
      </types:input-event>
      <types:output-event>
        <types:message>
          <types:payload type="auto_15f6c7f6-592f-4d2f-9855-2f3382790d4d_Output-Payload"/>
          <types:attributes type="auto_15f6c7f6-592f-4d2f-9855-2f3382790d4d_Output-Attributes"/>
        </types:message>
        <types:variables>
          <types:variable name="settingRequiredHeaders" type="auto_15f6c7f6-592f-4d2f-9855-2f3382790d4d_Output-Variables-settingRequiredHeaders"/>
        </types:variables>
      </types:output-event>
    </types:processor-declaration>
  </types:enrichment>
  <types:enrichment select="#be934908-bf81-4fbb-bac5-c6c7242ad68e">
    <types:processor-declaration>
      <types:input-event>
        <types:message>
          <types:payload type="auto_be934908-bf81-4fbb-bac5-c6c7242ad68e_Input-Payload"/>
          <types:attributes type="auto_be934908-bf81-4fbb-bac5-c6c7242ad68e_Input-Attributes"/>
        </types:message>
        <types:variables>
          <types:variable name="outboundHeaders" type="auto_be934908-bf81-4fbb-bac5-c6c7242ad68e_Input-Variables-outboundHeaders"/>
          <types:variable name="httpStatus" type="auto_be934908-bf81-4fbb-bac5-c6c7242ad68e_Input-Variables-httpStatus"/>
        </types:variables>
      </types:input-event>
      <types:output-event>
        <types:message>
          <types:payload type="auto_be934908-bf81-4fbb-bac5-c6c7242ad68e_Output-Payload"/>
          <types:attributes type="auto_be934908-bf81-4fbb-bac5-c6c7242ad68e_Output-Attributes"/>
        </types:message>
        <types:variables>
          <types:variable name="outboundHeaders" type="auto_be934908-bf81-4fbb-bac5-c6c7242ad68e_Output-Variables-outboundHeaders"/>
          <types:variable name="httpStatus" type="auto_be934908-bf81-4fbb-bac5-c6c7242ad68e_Output-Variables-httpStatus"/>
          <types:variable name="body" type="auto_be934908-bf81-4fbb-bac5-c6c7242ad68e_Output-Variables-body"/>
        </types:variables>
      </types:output-event>
    </types:processor-declaration>
  </types:enrichment>
  <types:enrichment select="#e4a6e66e-0638-4444-8100-5c21b8f78ddc">
    <types:processor-declaration>
      <types:input-event>
        <types:message>
          <types:payload type="auto_e4a6e66e-0638-4444-8100-5c21b8f78ddc_Input-Payload"/>
          <types:attributes type="auto_e4a6e66e-0638-4444-8100-5c21b8f78ddc_Input-Attributes"/>
        </types:message>
        <types:variables>
          <types:variable name="outboundHeaders" type="auto_e4a6e66e-0638-4444-8100-5c21b8f78ddc_Input-Variables-outboundHeaders"/>
          <types:variable name="docId" type="auto_e4a6e66e-0638-4444-8100-5c21b8f78ddc_Input-Variables-docId"/>
          <types:variable name="httpStatus" type="auto_e4a6e66e-0638-4444-8100-5c21b8f78ddc_Input-Variables-httpStatus"/>
        </types:variables>
      </types:input-event>
      <types:output-event>
        <types:message>
          <types:payload type="auto_e4a6e66e-0638-4444-8100-5c21b8f78ddc_Output-Payload"/>
          <types:attributes type="auto_e4a6e66e-0638-4444-8100-5c21b8f78ddc_Output-Attributes"/>
        </types:message>
        <types:variables>
          <types:variable name="outboundHeaders" type="auto_e4a6e66e-0638-4444-8100-5c21b8f78ddc_Output-Variables-outboundHeaders"/>
          <types:variable name="docId" type="auto_e4a6e66e-0638-4444-8100-5c21b8f78ddc_Output-Variables-docId"/>
          <types:variable name="httpStatus" type="auto_e4a6e66e-0638-4444-8100-5c21b8f78ddc_Output-Variables-httpStatus"/>
        </types:variables>
      </types:output-event>
    </types:processor-declaration>
  </types:enrichment>
  <types:enrichment select="#8138bcfe-9a6b-4087-9d47-fd0800df202a">
    <types:processor-declaration>
      <types:input-event>
        <types:message>
          <types:payload type="auto_8138bcfe-9a6b-4087-9d47-fd0800df202a_Input-Payload"/>
          <types:attributes type="auto_8138bcfe-9a6b-4087-9d47-fd0800df202a_Input-Attributes"/>
        </types:message>
        <types:variables>
          <types:variable name="outboundHeaders" type="auto_8138bcfe-9a6b-4087-9d47-fd0800df202a_Input-Variables-outboundHeaders"/>
          <types:variable name="httpStatus" type="auto_8138bcfe-9a6b-4087-9d47-fd0800df202a_Input-Variables-httpStatus"/>
        </types:variables>
      </types:input-event>
      <types:output-event>
        <types:message>
          <types:payload type="auto_8138bcfe-9a6b-4087-9d47-fd0800df202a_Output-Payload"/>
          <types:attributes type="auto_8138bcfe-9a6b-4087-9d47-fd0800df202a_Output-Attributes"/>
        </types:message>
        <types:variables>
          <types:variable name="outboundHeaders" type="auto_8138bcfe-9a6b-4087-9d47-fd0800df202a_Output-Variables-outboundHeaders"/>
          <types:variable name="httpStatus" type="auto_8138bcfe-9a6b-4087-9d47-fd0800df202a_Output-Variables-httpStatus"/>
          <types:variable name="body" type="auto_8138bcfe-9a6b-4087-9d47-fd0800df202a_Output-Variables-body"/>
        </types:variables>
      </types:output-event>
    </types:processor-declaration>
  </types:enrichment>
</types:mule>