{
    "AttachmentFiles": [
        {
            "filename": "Ontario Logo",
            "size": "7155",
            "data": "069DM000001ILLpYAO"
        }
    ],
    "PollutionReport": {
        "PollutionDateTime": "2023-02-24T17:00:00.000Z",
        "showOther": true,
        "showOdour": true,
        "LastName": "test",
        "OdourSection": {
            "OdourDuration": "test",
            "OdourFreq": "Hourly",
            "OdourIntensity": "2",
            "OdourDescription": "test"
        },
        "PhoneNumber": "1111111111",
        "PollutionSource": "test",
        "NoiseSection": {
            "NoiseDescription": "test",
            "NoiseFrequency": "Weekly",
            "NoiseIntensity": "1",
            "NoiseDuration": "test"
        },
        "DustSection": {
            "DustDescription": "test"
        },
        "showDust": true,
        "IssueType": "Odour;Noise;Dust, Particulate, Fall Out;Other",
        "showNoise": true,
        "FirstName": "test",
        "OtherSection": {
            "OtherDescription": "test"
        },
        "Email": "test@test.com",
        "SiebelContactId": "1-LH18MU",
        "IsRegisteredContact": true
    }
}