[{
    "referenceNumber": "MULESOFT0000000001",
    "description": "PIR_20230215",
    "reportMethod": "E-Submission",
    "callReport": "SF Pollution Report",
    "pollutionAddress": "this is pollution address",
    "isDust": true,
    "dustDescription": "this is dust description",
    "isIllegalWasteDumping": true,
    "illegalWasteDumpingDescription": "this is illegalWasteDumping description",
    "isNoise": true,
    "noiseDescription": "this is noise description",
    "noiseFrequency": "Hourly",
    "noiseDuration": "this is noise duration",
    "noiseIntensity": "None",
    "isOdour": true,
    "odourDescription": "this is odour description",
    "odourDuration": "this is odour duration",
    "odourFrequency": "Daily",
    "odourIntensity": "None",  
    "isOtherIssue": true,
    "otherIssueDescription": "this is other issue description",
    "isSmoke": true,
    "smokeDescription": "this is smoke description",
    "pollutionEffectDescription": "this is pollution effect description",
    "pollutionSource": "this is pollution source",   
    "weatherConditionsDescription": "this is weather conditions description",
    "windIntensity": "1 (Weak)",
    "utilsServiceContactFirstName": "CA",
    "utilsServiceContactLastName": "TA",
    "utilsServiceContactEmail": "ca@mailinator.com",
    "eventDateUTC": "05/26/2020 00:00:00",
    "createdTime": "04/17/2020 15:52:09",
    "integrationId": "5BNLCJ",
    "portalId": "5BNLCJ"
}]