<?xml version="1.0" encoding="UTF-8"?>

<mule xmlns:http="http://www.mulesoft.org/schema/mule/http"
	xmlns:ee="http://www.mulesoft.org/schema/mule/ee/core"
	xmlns:salesforce="http://www.mulesoft.org/schema/mule/salesforce"
	xmlns="http://www.mulesoft.org/schema/mule/core"
	xmlns:doc="http://www.mulesoft.org/schema/mule/documentation"
	xmlns:xsi="http://www.w3.org/2001/XMLSchema-instance"
	xsi:schemaLocation="http://www.mulesoft.org/schema/mule/core http://www.mulesoft.org/schema/mule/core/current/mule.xsd
http://www.mulesoft.org/schema/mule/salesforce http://www.mulesoft.org/schema/mule/salesforce/current/mule-salesforce.xsd
http://www.mulesoft.org/schema/mule/ee/core http://www.mulesoft.org/schema/mule/ee/core/current/mule-ee.xsd
http://www.mulesoft.org/schema/mule/http http://www.mulesoft.org/schema/mule/http/current/mule-http.xsd">
	<sub-flow name="get-all-payments-subflow"
		doc:id="37fb2d59-103f-4e0c-bfd5-124d92aec714">
		<logger level="INFO" doc:name="Flow Start"
			doc:id="f7cfa81b-5fed-4375-a080-ec7f8cb9afc2"
			message='#[vars.correlationId default "" ++ " flow started to get all payments. - at : " ++ now()]' />
		<ee:transform doc:name="Setting and | or query" doc:id="50d3fc83-08bd-4e7d-a83a-1d16ed1099bd">
			<ee:message />
			<ee:variables>
				<ee:set-variable variableName="orQuery"><![CDATA[%dw 2.0
output application/json
var qp = attributes.queryParams
var query = ("Select Id, outfunds__Amount__c, outfunds__Disbursement_Date__c, outfunds__Scheduled_Date__c, outfunds__Funding_Request__c, outfunds__Status__c, outfunds__Type__c From outfunds__Disbursement__c Where " ++
(if(!isBlank(qp.date))("outfunds__Scheduled_Date__c=:date" ++ if(sizeOf(qp)>1) " OR " else "" ) else "") ++ 
(if(!isBlank(qp.status))("outfunds__Status__c=':status'" ++ if(sizeOf(qp)>1) " OR " else "" ) else ""))  
---
if(sizeOf(qp)<1) "Select Id, outfunds__Amount__c, outfunds__Disbursement_Date__c, outfunds__Scheduled_Date__c, outfunds__Funding_Request__c, outfunds__Status__c, outfunds__Type__c From outfunds__Disbursement__c" else if (query[-4 to -2] contains "OR") query[0 to -5] else query[0 to -1]]]></ee:set-variable>
				<ee:set-variable variableName="andQuery"><![CDATA[%dw 2.0
output application/json
var qp = attributes.queryParams
var query = ("Select Id, outfunds__Amount__c, outfunds__Disbursement_Date__c, outfunds__Scheduled_Date__c, outfunds__Funding_Request__c, outfunds__Status__c, outfunds__Type__c From outfunds__Disbursement__c Where " ++
(if(!isBlank(qp.date))("outfunds__Scheduled_Date__c=:date" ++ if(sizeOf(qp)>1) " AND " else "" ) else "") ++ 
(if(!isBlank(qp.status))("outfunds__Status__c=':status'" ++ if(sizeOf(qp)>1) " AND " else "" ) else ""))  
---
if(sizeOf(qp)<1) "Select Id, outfunds__Amount__c, outfunds__Disbursement_Date__c, outfunds__Scheduled_Date__c, outfunds__Funding_Request__c, outfunds__Status__c, outfunds__Type__c From outfunds__Disbursement__c" else if (query[-4 to -2] contains "AND") query[0 to -5] else query[0 to -1]]]></ee:set-variable>
			</ee:variables>
		</ee:transform>
		<ee:transform doc:name="Setting Query for Select" doc:id="d9221875-5fdd-408f-a8e6-0a2a22d233c8">
			<ee:message />
			<ee:variables>
				<ee:set-variable variableName="query"><![CDATA[%dw 2.0
output application/json
---
vars.andQuery]]></ee:set-variable>
			</ee:variables>
		</ee:transform>
		<flow-ref doc:name="request-to-get-all-payments-subflow" doc:id="a69dba83-0456-41e0-b096-fb2b77c45d94" name="request-to-get-all-payments-subflow"/>
		<ee:transform doc:name="Response"
			doc:id="fd6d080e-c6e8-4a5d-8632-f50e2e9de423">
			<ee:message>
				<ee:set-payload><![CDATA[%dw 2.0
output application/json
---
payload map
{
    "id": $.'Id',
    "amount": $.'outfunds__Amount__c',
    "disbursementDate": $.'outfunds__Disbursement_Date__c',
    "scheduledDate": $.'outfunds__Scheduled_Date__c',
    "fundingRequest": $.'outfunds__Funding_Request__c',
    "status": $.'outfunds__Status__c',
    "type": $.'outfunds__Type__c'
}]]></ee:set-payload>
			</ee:message>
		</ee:transform>
		<logger level="INFO" doc:name="Flow End"
			doc:id="0f724873-9230-4179-818b-14b31bffc129"
			message='#[vars.correlationId default "" ++ " flow ended to get all payments. - at : " ++ now()]' />
	</sub-flow>
	<sub-flow name="request-to-get-all-payments-subflow" doc:id="ba924a0d-b758-469d-bfa6-cc377749c8be" >
		<try doc:name="Try" doc:id="9b168bd1-44e7-4a87-9b89-cd9f813855f3" >
			<flow-ref doc:name="get-all-payments-operation-subflow" doc:id="00c18e71-2ed8-48eb-8c31-e7b27633731a" name="get-all-payments-operation-subflow" />
			<error-handler >
				<on-error-continue enableNotifications="true" logException="true" doc:name="On Error Continue" doc:id="cb1867fe-040c-47b2-b1db-ad06f3321003" type="SALESFORCE:CONNECTIVITY" >
					<until-successful maxRetries="${until-successful.maxRetries}" doc:name="Until Successful" doc:id="561919f9-adb7-4145-af0b-713a62a38fc0" millisBetweenRetries="${until-successful.millisBetweenRetries}" >
						<logger level="INFO" doc:name="Start Log" doc:id="7bd9d22a-6144-415f-99ff-d8893a88958d" message='#[vars.correlationId default "" ++ " Until Successful started to get all payments. - at : " ++ now()]' />
						<flow-ref doc:name="get-all-payments-operation-subflow" doc:id="3828ae45-30e6-4e0e-ab13-b0c5f443b54f" name="get-all-payments-operation-subflow" />
						<logger level="INFO" doc:name="End Log" doc:id="98507bd9-4b4a-4b33-96a1-76dba54c27d1" message='#[vars.correlationId default "" ++ " Until Successful ended to get all payments. - at : " ++ now()]' />
					</until-successful>
				</on-error-continue>
			</error-handler>
		</try>
	</sub-flow>
	<sub-flow name="get-all-payments-operation-subflow" doc:id="238a8db3-2e7a-49d7-a9c2-711d9f13d6c3" >
		<salesforce:query doc:id="677cab42-3ae8-413d-8513-4e6fa8b56762" config-ref="salesforce-configuration" doc:name="Request to get all payments">
			<salesforce:salesforce-query><![CDATA[#[vars.query]]]></salesforce:salesforce-query>
			<salesforce:parameters><![CDATA[#[vars.inputParams]]]></salesforce:parameters>
		</salesforce:query>
	</sub-flow>
</mule>
