<?xml version="1.0" encoding="UTF-8"?>

<mule xmlns:http="http://www.mulesoft.org/schema/mule/http"
	xmlns:ee="http://www.mulesoft.org/schema/mule/ee/core"
	xmlns:salesforce="http://www.mulesoft.org/schema/mule/salesforce"
	xmlns="http://www.mulesoft.org/schema/mule/core"
	xmlns:doc="http://www.mulesoft.org/schema/mule/documentation"
	xmlns:xsi="http://www.w3.org/2001/XMLSchema-instance"
	xsi:schemaLocation="http://www.mulesoft.org/schema/mule/core http://www.mulesoft.org/schema/mule/core/current/mule.xsd
http://www.mulesoft.org/schema/mule/salesforce http://www.mulesoft.org/schema/mule/salesforce/current/mule-salesforce.xsd
http://www.mulesoft.org/schema/mule/ee/core http://www.mulesoft.org/schema/mule/ee/core/current/mule-ee.xsd
http://www.mulesoft.org/schema/mule/http http://www.mulesoft.org/schema/mule/http/current/mule-http.xsd">
	<sub-flow name="update-payment-subflow"
		doc:id="37fb2d59-103f-4e0c-bfd5-124d92aec714">
		<logger level="INFO" doc:name="Flow Start"
			doc:id="f7cfa81b-5fed-4375-a080-ec7f8cb9afc2"
			message='#[vars.correlationId default "" ++ " flow started to update payment with Id: " ++ payload.recordId ++ " - at : " ++ now()]' />
		<ee:transform doc:name="Setting Request" doc:id="35de0eec-0d11-499f-8cc0-aff76f4c2227" >
			<ee:message >
				<ee:set-payload ><![CDATA[%dw 2.0
output application/java
---
{
	"Id": payload.recordId,
	"Payment_Transaction_Id__c": payload.paymentId,
	"outfunds__Status__c": payload.status,
	"outfunds__Disbursement_Date__c": payload.disbursementDate as Date default "",
	"outfunds__Type__c": payload.'type',
	"outfunds__Disbursement_Method__c": payload.disbursementMethod
}]]></ee:set-payload>
			</ee:message>
		</ee:transform>
		<flow-ref doc:name="request-to-update-payment-subflow" doc:id="a69dba83-0456-41e0-b096-fb2b77c45d94" name="request-to-update-payment-subflow"/>
		<ee:transform doc:name="Response"
			doc:id="fd6d080e-c6e8-4a5d-8632-f50e2e9de423">
			<ee:message>
				<ee:set-payload><![CDATA[%dw 2.0
output application/json
---
payload]]></ee:set-payload>
			</ee:message>
		</ee:transform>
		<logger level="INFO" doc:name="Flow End"
			doc:id="0f724873-9230-4179-818b-14b31bffc129"
			message='#[vars.correlationId default "" ++ " flow ended to update payment with Id: " ++ payload.items.id[0] ++ " - at : " ++ now()]' />
	</sub-flow>
	<sub-flow name="request-to-update-payment-subflow" doc:id="ba924a0d-b758-469d-bfa6-cc377749c8be" >
		<try doc:name="Try" doc:id="9b168bd1-44e7-4a87-9b89-cd9f813855f3" >
			<flow-ref doc:name="update-payment-operation-subflow" doc:id="00c18e71-2ed8-48eb-8c31-e7b27633731a" name="update-payment-operation-subflow" />
			<error-handler >
				<on-error-continue enableNotifications="true" logException="true" doc:name="On Error Continue" doc:id="cb1867fe-040c-47b2-b1db-ad06f3321003" type="SALESFORCE:CONNECTIVITY" >
					<until-successful maxRetries="${until-successful.maxRetries}" doc:name="Until Successful" doc:id="561919f9-adb7-4145-af0b-713a62a38fc0" millisBetweenRetries="${until-successful.millisBetweenRetries}" >
						<logger level="INFO" doc:name="Start Log" doc:id="7bd9d22a-6144-415f-99ff-d8893a88958d" message='#[vars.correlationId default "" ++ " Until Successful started to update payment with Id: " ++ payload.recordId ++ " - at : " ++ now()]' />
						<flow-ref doc:name="update-payment-operation-subflow" doc:id="3828ae45-30e6-4e0e-ab13-b0c5f443b54f" name="update-payment-operation-subflow" />
						<logger level="INFO" doc:name="End Log" doc:id="98507bd9-4b4a-4b33-96a1-76dba54c27d1" message='#[vars.correlationId default "" ++ " Until Successful ended to update payment with Id: " ++ payload.items.id[0] ++ " - at : " ++ now()]' />
					</until-successful>
				</on-error-continue>
			</error-handler>
		</try>
	</sub-flow>
	<sub-flow name="update-payment-operation-subflow" doc:id="238a8db3-2e7a-49d7-a9c2-711d9f13d6c3" >
		<salesforce:update doc:name="Request to update payment" doc:id="60c0e6b5-1749-4ba6-ba5f-1ca7b31f7fef" config-ref="salesforce-configuration" type="outfunds__Disbursement__c">
			<salesforce:records ><![CDATA[#[[payload]]]]></salesforce:records>
		</salesforce:update>
	</sub-flow>
</mule>
