<?xml version="1.0" encoding="UTF-8"?>

<mule xmlns:http="http://www.mulesoft.org/schema/mule/http"
	xmlns:ee="http://www.mulesoft.org/schema/mule/ee/core"
	xmlns:salesforce="http://www.mulesoft.org/schema/mule/salesforce"
	xmlns="http://www.mulesoft.org/schema/mule/core"
	xmlns:doc="http://www.mulesoft.org/schema/mule/documentation"
	xmlns:xsi="http://www.w3.org/2001/XMLSchema-instance"
	xsi:schemaLocation="http://www.mulesoft.org/schema/mule/core http://www.mulesoft.org/schema/mule/core/current/mule.xsd
http://www.mulesoft.org/schema/mule/salesforce http://www.mulesoft.org/schema/mule/salesforce/current/mule-salesforce.xsd
http://www.mulesoft.org/schema/mule/ee/core http://www.mulesoft.org/schema/mule/ee/core/current/mule-ee.xsd
http://www.mulesoft.org/schema/mule/http http://www.mulesoft.org/schema/mule/http/current/mule-http.xsd">
	<sub-flow name="delete-content-version-subflow"
		doc:id="257f3049-8398-49f4-be33-9f852bf624c5">
		<logger level="INFO" doc:name="Flow Start"
			doc:id="cbd1f70a-26ad-4aa7-a4de-b03184567cdd"
			message='#[vars.correlationId default "" ++ " flow started to delete content version with docId: " ++ vars.docId[0] ++ " - at : " ++ now()]' />
		<flow-ref doc:name="request-to-delete-content-version-subflow" doc:id="8e439acd-5372-4381-aac0-408fe5f3d591" name="request-to-delete-content-version-subflow"/>
		<ee:transform doc:name="Response"
			doc:id="fdfd8594-d1cc-40e7-8568-d5e85d37d8f0">
			<ee:message>
				<ee:set-payload><![CDATA[%dw 2.0
output application/json
---
{
	"id": vars.docId[0],
    "message": payload.successful
}]]></ee:set-payload>
			</ee:message>
		</ee:transform>
		<logger level="INFO" doc:name="Flow End"
			doc:id="f8e54d47-96c3-49dc-a7db-016262aefd39"
			message='#[vars.correlationId default "" ++ " flow ended to delete content version with docId: " ++ vars.docId[0] ++ " - at : " ++ now()]' />
	</sub-flow>
	<sub-flow name="request-to-delete-content-version-subflow" doc:id="45877368-1dfd-4305-ab1f-1e5205eabb55" >
		<try doc:name="Try" doc:id="f60f9f0e-06d4-430a-a281-6897ee48b1bc" >
			<flow-ref doc:name="delete-content-version-operation-subflow" doc:id="e73b64b0-231b-4bbd-bb86-0965b9214f37" name="delete-content-version-operation-subflow" />
			<error-handler >
				<on-error-continue enableNotifications="true" logException="true" doc:name="On Error Continue" doc:id="6a1131d3-cf1f-495e-b5a6-094daa6fd80e" type="SALESFORCE:CONNECTIVITY" >
					<until-successful maxRetries="${until-successful.maxRetries}" doc:name="Until Successful" doc:id="8b138b77-e8a2-4bc6-84a2-6481d3674e24" millisBetweenRetries="${until-successful.millisBetweenRetries}" >
						<logger level="INFO" doc:name="Start Log" doc:id="820cdc8a-c2f6-4d66-8185-56cc8e0b298d" message='#[vars.correlationId default "" ++ " Until Successful started to delete content version with docId: " ++ vars.docId[0] ++ " - at : " ++ now()]' />
						<flow-ref doc:name="delete-content-version-operation-subflow" doc:id="26170a18-d780-439f-b40a-b1f27a7e60d9" name="delete-content-version-operation-subflow" />
						<logger level="INFO" doc:name="End Log" doc:id="ba9204ad-b02f-4920-a4af-047333200326" message='#[vars.correlationId default "" ++ " Until Successful ended to delete content version with docId: " ++ vars.docId[0] ++ " - at : " ++ now()]' />
					</until-successful>
				</on-error-continue>
			</error-handler>
		</try>
	</sub-flow>
	<sub-flow name="delete-content-version-operation-subflow" doc:id="c24eeed8-cff0-4811-adf0-cc7a3b41e4eb" >
		<salesforce:delete doc:id="618ce5fc-525b-485e-8f31-b9011d687fb3" config-ref="salesforce-configuration" doc:name="Request to delete content version">
			<salesforce:ids><![CDATA[#[vars.docId]]]></salesforce:ids>
		</salesforce:delete>
	</sub-flow>
</mule>
