<?xml version="1.0" encoding="UTF-8"?>

<mule xmlns:ee="http://www.mulesoft.org/schema/mule/ee/core"
	xmlns:http="http://www.mulesoft.org/schema/mule/http"
	xmlns:salesforce="http://www.mulesoft.org/schema/mule/salesforce"
	xmlns="http://www.mulesoft.org/schema/mule/core"
	xmlns:doc="http://www.mulesoft.org/schema/mule/documentation"
	xmlns:xsi="http://www.w3.org/2001/XMLSchema-instance"
	xsi:schemaLocation="http://www.mulesoft.org/schema/mule/core http://www.mulesoft.org/schema/mule/core/current/mule.xsd
http://www.mulesoft.org/schema/mule/salesforce http://www.mulesoft.org/schema/mule/salesforce/current/mule-salesforce.xsd
http://www.mulesoft.org/schema/mule/http http://www.mulesoft.org/schema/mule/http/current/mule-http.xsd
http://www.mulesoft.org/schema/mule/ee/core http://www.mulesoft.org/schema/mule/ee/core/current/mule-ee.xsd">
	<sub-flow name="get-content-document-id-subflow"
		doc:id="1149aa12-bbff-42bc-90bd-76a0b43d99ed">
		<logger level="INFO" doc:name="Flow Start" doc:id="fb670985-d816-4b8c-9785-37b02da8eb7c" message='#[vars.correlationId default "" ++ " flow started to get content document ID with entityId: " ++ vars.entityId ++ " - at : " ++ now()]' />
		<flow-ref doc:name="request-to-get-content-document-id-subflow" doc:id="565be7ae-72d3-4f53-b993-d72f50912746" name="request-to-get-content-document-id-subflow"/>
		<ee:transform doc:name="Response"
			doc:id="790d2118-47f0-4554-94be-f9fe1bddb16c">
			<ee:message>
				<ee:set-payload><![CDATA[%dw 2.0
output application/json
---
{
    "contentDocumentId": payload.ContentDocumentId,
    "linkedEntityId": payload.LinkedEntityId,
    "id": payload.Id
}]]></ee:set-payload>
			</ee:message>
		</ee:transform>
		<logger level="INFO" doc:name="Flow End" doc:id="65cf2a44-3146-4f75-b346-5a85f5dc50bd" message='#[vars.correlationId default "" ++ " flow ended to get content document ID with entityId: " ++ vars.entityId ++ " - at : " ++ now()]' />
	</sub-flow>
	<sub-flow name="request-to-get-content-document-id-subflow" doc:id="90fd2547-f88d-46b0-b78f-cf03866b67bb" >
		<try doc:name="Try" doc:id="799874df-df00-42e7-a6db-61c16cba8129" >
			<flow-ref doc:name="get-content-document-id-operation-subflow" doc:id="65be37ed-de98-4ac3-b53b-cfffd743b4ae" name="get-content-document-id-operation-subflow" />
			<error-handler >
				<on-error-continue enableNotifications="true" logException="true" doc:name="On Error Continue" doc:id="9001c020-bd9c-4886-b598-5026d6a9562b" type="SALESFORCE:CONNECTIVITY" >
					<until-successful maxRetries="${until-successful.maxRetries}" doc:name="Until Successful" doc:id="942f4f47-1ed1-4d07-ae81-a47566845959" millisBetweenRetries="${until-successful.millisBetweenRetries}" >
						<logger level="INFO" doc:name="Start Log" doc:id="004e7300-140c-4617-b9b8-222c2203ad9c" message='#[vars.correlationId default "" ++ " Until Successful started to get content document ID with entityId: " ++ vars.entityId ++ " - at : " ++ now()]' />
						<flow-ref doc:name="get-content-document-id-operation-subflow" doc:id="384a5fe3-0f4d-447b-a6a0-97d88a016c58" name="get-content-document-id-operation-subflow" />
						<logger level="INFO" doc:name="End Log" doc:id="1e17df9e-63af-4d0f-ae65-477bc60c29a2" message='#[vars.correlationId default "" ++ " Until Successful ended to get content document ID with entityId: " ++ vars.entityId ++ " - at : " ++ now()]' />
					</until-successful>
				</on-error-continue>
			</error-handler>
		</try>
	</sub-flow>
	<sub-flow name="get-content-document-id-operation-subflow" doc:id="1211a840-c00e-44a8-a88b-06d6a720c573" >
		<salesforce:query doc:name="Request to get content document id" doc:id="d30c9a5b-78fe-486d-93f5-815a630f11ae" config-ref="salesforce-configuration">
			<salesforce:salesforce-query><![CDATA[SELECT ContentDocumentId,Id,LinkedEntityId FROM ContentDocumentLink WHERE LinkedEntityId=':entityId']]></salesforce:salesforce-query>
			<salesforce:parameters><![CDATA[#[output application/json
---
{
	"entityId" : vars.entityId
}]]]></salesforce:parameters>
		</salesforce:query>
	</sub-flow>
</mule>
