<?xml version="1.0" encoding="UTF-8"?>

<mule xmlns:db="http://www.mulesoft.org/schema/mule/db"
	xmlns:sharepoint="http://www.mulesoft.org/schema/mule/sharepoint"
	xmlns:ee="http://www.mulesoft.org/schema/mule/ee/core"
	xmlns:box="http://www.mulesoft.org/schema/mule/box"
	xmlns:http="http://www.mulesoft.org/schema/mule/http"
	xmlns="http://www.mulesoft.org/schema/mule/core"
	xmlns:doc="http://www.mulesoft.org/schema/mule/documentation"
	xmlns:xsi="http://www.w3.org/2001/XMLSchema-instance"
	xsi:schemaLocation="http://www.mulesoft.org/schema/mule/core http://www.mulesoft.org/schema/mule/core/current/mule.xsd
http://www.mulesoft.org/schema/mule/http http://www.mulesoft.org/schema/mule/http/current/mule-http.xsd
http://www.mulesoft.org/schema/mule/box http://www.mulesoft.org/schema/mule/box/current/mule-box.xsd
http://www.mulesoft.org/schema/mule/ee/core http://www.mulesoft.org/schema/mule/ee/core/current/mule-ee.xsd
http://www.mulesoft.org/schema/mule/sharepoint http://www.mulesoft.org/schema/mule/sharepoint/current/mule-sharepoint.xsd
http://www.mulesoft.org/schema/mule/db http://www.mulesoft.org/schema/mule/db/current/mule-db.xsd">
	<sub-flow name="getJobListingByJobIdSubFlow"
		doc:id="cfe2f6be-526f-493c-9c97-4a74e901625e">
		<logger level="INFO" doc:name="Start Log"
			doc:id="f71470ad-5991-4797-abb6-d71734013b83"
			message="flow started to get Job Listing jobId: #[vars.jobId]" />
		<ee:transform doc:name="Setting Query and input Parameters" doc:id="8a60dd89-4aca-4fe9-a105-0c9be5cf7868" >
			<ee:message />
			<ee:variables >
				<ee:set-variable variableName="query" ><![CDATA[%dw 2.0
output application/json
---
"Select jobid, jtitle, jdescription, jlocation, cname, jtype, salaryrange, applicationdeadline, explevel, skillandqual, jstatus, createddate, add1, add2, add3, add4 from joblisting where jobid = :jobId"]]></ee:set-variable>
				<ee:set-variable variableName="inputParams" ><![CDATA[%dw 2.0
output application/json
---
{
	"jobId" : vars.jobId
}]]></ee:set-variable>
			</ee:variables>
		</ee:transform>
		<flow-ref doc:name="JLSelectQuerySubFlow" doc:id="0302f817-26b4-4cd8-b654-0bb2a33f141b" name="JLSelectQuerySubFlow" />
		<ee:transform doc:name="Set Response" doc:id="886c5aa1-a967-4ef4-bf5a-e05ff1d11f8f" >
			<ee:message >
				<ee:set-payload ><![CDATA[%dw 2.0
output application/json
---
payload reduce $]]></ee:set-payload>
			</ee:message>
		</ee:transform>
		<logger level="INFO" doc:name="End Log" doc:id="93ad67d2-dbe5-429a-9b1b-23b8210410f6" message="flow ended to get Job Listing jobId: #[vars.jobId]" />
	</sub-flow>
</mule>
