<?xml version="1.0" encoding="UTF-8"?>

<mule xmlns:db="http://www.mulesoft.org/schema/mule/db"
	xmlns:sharepoint="http://www.mulesoft.org/schema/mule/sharepoint"
	xmlns:ee="http://www.mulesoft.org/schema/mule/ee/core"
	xmlns:box="http://www.mulesoft.org/schema/mule/box"
	xmlns:http="http://www.mulesoft.org/schema/mule/http"
	xmlns="http://www.mulesoft.org/schema/mule/core"
	xmlns:doc="http://www.mulesoft.org/schema/mule/documentation"
	xmlns:xsi="http://www.w3.org/2001/XMLSchema-instance"
	xsi:schemaLocation="http://www.mulesoft.org/schema/mule/core http://www.mulesoft.org/schema/mule/core/current/mule.xsd
http://www.mulesoft.org/schema/mule/http http://www.mulesoft.org/schema/mule/http/current/mule-http.xsd
http://www.mulesoft.org/schema/mule/box http://www.mulesoft.org/schema/mule/box/current/mule-box.xsd
http://www.mulesoft.org/schema/mule/ee/core http://www.mulesoft.org/schema/mule/ee/core/current/mule-ee.xsd
http://www.mulesoft.org/schema/mule/sharepoint http://www.mulesoft.org/schema/mule/sharepoint/current/mule-sharepoint.xsd
http://www.mulesoft.org/schema/mule/db http://www.mulesoft.org/schema/mule/db/current/mule-db.xsd">
	<sub-flow name="getJobListingsSubFlow" doc:id="024fca0e-d6e0-4afa-8a7c-f7d49c7734d9">
		<logger level="INFO" doc:name="Start Log" doc:id="3b8d34f9-5c5e-4669-a3a8-b09256d4f5aa" message="flow started to fetch job listings." />
		<ee:transform doc:name="Setting input paramters for DB" doc:id="5599c650-dc50-4e62-82e0-e6166ea26f6b">
			<ee:message />
			<ee:variables>
				<ee:set-variable variableName="inputParams"><![CDATA[%dw 2.0
output application/json
var qp = attributes.queryParams
---
{     
   ("jobId" : qp.jobId) if (!isBlank(qp.jobId  default ""))
}]]></ee:set-variable>
			</ee:variables>
		</ee:transform>
		<ee:transform doc:name="Setting and | or query" doc:id="77e236fa-15b3-4efb-922a-8ddcb1d4dd8b">
			<ee:message />
			<ee:variables>
				<ee:set-variable variableName="orQuery"><![CDATA[%dw 2.0
output application/json
var qp = attributes.queryParams

var query = ("Select jobid, jtitle, jdescription, jlocation, cname, jtype, salaryrange, applicationdeadline, explevel, skillandqual, jstatus, createddate, add1, add2, add3, add4 from joblisting where " ++
(if (!isBlank(qp.jobId)) ("jobid=:jobId") else ""))
---
if(sizeOf(qp)<1) "Select jobid, jtitle, jdescription, jlocation, cname, jtype, salaryrange, applicationdeadline, explevel, skillandqual, jstatus, createddate, add1, add2, add3, add4 from joblisting" else if (query[-3 to -2] contains "OR") query[0 to -5] else query[0 to -1]]]></ee:set-variable>
				<ee:set-variable variableName="andQuery"><![CDATA[%dw 2.0
output application/json
var qp = attributes.queryParams

var query = ("Select jobid, jtitle, jdescription, jlocation, cname, jtype, salaryrange, applicationdeadline, explevel, skillandqual, jstatus, createddate, add1, add2, add3, add4 from joblisting where " ++
(if (!isBlank(qp.jobId)) ("jobid=:jobId") else ""))
---
if(sizeOf(qp)<1) "Select jobid, jtitle, jdescription, jlocation, cname, jtype, salaryrange, applicationdeadline, explevel, skillandqual, jstatus, createddate, add1, add2, add3, add4 from joblisting" else if (query[-4 to -2] contains "AND") query[0 to -5] else query[0 to -1]]]></ee:set-variable>
			</ee:variables>
		</ee:transform>
		<ee:transform doc:name="Setting Query for Select" doc:id="d191c945-0d70-4f07-bfe2-136bee065c8f">
			<ee:message />
			<ee:variables>
				<ee:set-variable variableName="query"><![CDATA[%dw 2.0
output application/json
---
vars.orQuery]]></ee:set-variable>
			</ee:variables>
		</ee:transform>
		<flow-ref doc:name="JLSelectQuerySubFlow" doc:id="c32b9e93-4d23-4dc4-9d68-9ca98db292df" name="JLSelectQuerySubFlow" />
		<logger level="INFO" doc:name="End Log" doc:id="8bec334d-6d1d-4b28-87d9-25bd210c1cf4" message="flow ended to fetch job listings." />
	</sub-flow>
	<sub-flow name="JLSelectQuerySubFlow" doc:id="45cb4e18-3a81-4518-9f84-91dd96b7dcd2">
		<flow-ref doc:name="JLSelectConnectorSubFlow" doc:id="2abe5ae8-0ea8-4f67-8d6d-4d380944f098" name="JLSelectConnectorSubFlow" />
		<choice doc:name="Does the Job Listing exist?" doc:id="634432e1-e678-4da0-8649-52de98fd8a69">
			<when expression="#[sizeOf(payload) &gt; 0]">
				<ee:transform doc:name="Set Response" doc:id="520ad8ca-6c10-40de-a013-f612c7ef9b14">
			<ee:message>
				<ee:set-payload><![CDATA[%dw 2.0
output application/json  
---
payload map {
    "jobId": $.jobid,
    "jTitle": $.jtitle,
    "jDescription": $.jdescription,
    "jLocation": $.jlocation,
    "cName": $.cname,
    "jType": $.jtype,
    "salaryRange": $.salaryrange,
    "applicationDeadline": $.applicationdeadline,
    "expLevel": $.explevel,
    "skillAndQual": $.skillandqual,
    "jStatus": $.jstatus,
    "createdDate": $.createddate
}]]></ee:set-payload>
			</ee:message>
		</ee:transform>
			</when>
			<otherwise>
				<raise-error doc:name="JOBLISTING:NOT_FOUND" doc:id="f48023e8-1d38-42e3-b1c0-c32a9582522c" type="JOBLISTING:NOT_FOUND" description="job listing details does not exists." />
			</otherwise>
		</choice>
	</sub-flow>
	<sub-flow name="JLSelectConnectorSubFlow"
		doc:id="cd385261-5128-4527-ae4a-c91f2366336c">
		<try doc:name="Try" doc:id="46bd21ae-4102-4d6a-98e2-abd5b3f5c24d" >
			<flow-ref doc:name="JLSelectConnectorOperationSubFlow" doc:id="6e498b53-1e52-4ceb-8558-09c86aeece0e" name="JLSelectConnectorOperationSubFlow" />
			<error-handler >
				<on-error-continue enableNotifications="true" logException="true" doc:name="On Error Continue" doc:id="c0b63951-3f22-4fb5-858c-c18ca242c59b" type="DB:CONNECTIVITY" >
					<until-successful maxRetries="${until-successful.maxRetries}" doc:name="Until Successful" doc:id="b5bc093e-f218-4478-9519-b6ec90a1032b" millisBetweenRetries="${until-successful.millisBetweenRetries}" >
						<logger level="INFO" doc:name="Start Log" doc:id="ecde80ac-bb87-497b-82a7-098d3ea7e532" message="Until Successful started to fetch job listings." />
						<flow-ref doc:name="JLSelectConnectorOperationSubFlow" doc:id="47e7db67-6fec-42aa-bf15-f531bc17b827" name="JLSelectConnectorOperationSubFlow" />
						<logger level="INFO" doc:name="End Log" doc:id="1b251b93-4092-41e0-9eb9-b56855fe5d5c" message="Until Successful ended to fetch job listings." />
					</until-successful>
				</on-error-continue>
			</error-handler>
		</try>
	</sub-flow>
	<sub-flow name="JLSelectConnectorOperationSubFlow" doc:id="521b3557-4eaf-4c70-9328-6766fc783c6f">
		<db:select doc:name="SELECT JobListing" doc:id="9ced7ecb-94f0-4ef1-9bae-589c37e6da2d" config-ref="Database_Config">
			<db:sql><![CDATA[#[vars.query]]]></db:sql>
			<db:input-parameters><![CDATA[#[vars.inputParams]]]></db:input-parameters>
		</db:select>
	</sub-flow>
</mule>
