<?xml version="1.0" encoding="UTF-8"?>

<mule
	xmlns:db="http://www.mulesoft.org/schema/mule/db"
	xmlns:sharepoint="http://www.mulesoft.org/schema/mule/sharepoint"
	xmlns:ee="http://www.mulesoft.org/schema/mule/ee/core"
	xmlns:box="http://www.mulesoft.org/schema/mule/box"
	xmlns:http="http://www.mulesoft.org/schema/mule/http"
	xmlns="http://www.mulesoft.org/schema/mule/core"
	xmlns:doc="http://www.mulesoft.org/schema/mule/documentation"
	xmlns:xsi="http://www.w3.org/2001/XMLSchema-instance" xsi:schemaLocation="http://www.mulesoft.org/schema/mule/core http://www.mulesoft.org/schema/mule/core/current/mule.xsd
http://www.mulesoft.org/schema/mule/http http://www.mulesoft.org/schema/mule/http/current/mule-http.xsd
http://www.mulesoft.org/schema/mule/box http://www.mulesoft.org/schema/mule/box/current/mule-box.xsd
http://www.mulesoft.org/schema/mule/ee/core http://www.mulesoft.org/schema/mule/ee/core/current/mule-ee.xsd
http://www.mulesoft.org/schema/mule/sharepoint http://www.mulesoft.org/schema/mule/sharepoint/current/mule-sharepoint.xsd
http://www.mulesoft.org/schema/mule/db http://www.mulesoft.org/schema/mule/db/current/mule-db.xsd">
	<sub-flow name="postJobListingSubFlow" doc:id="024fca0e-d6e0-4afa-8a7c-f7d49c7734d9">
		<logger level="INFO" doc:name="Start Log" doc:id="3b8d34f9-5c5e-4669-a3a8-b09256d4f5aa" message="flow started to create job listing." />
		<ee:transform doc:name="Mapping" doc:id="ad89bec1-363a-4c47-a169-6cc1f3762c94">
				<ee:message />
				<ee:variables>
				<ee:set-variable variableName="jobListingPayload" ><![CDATA[%dw 2.0
output application/json  
---
payload map {
    "jTitle": $.jTitle,
    ("jDescription": $.jDescription) if(!isBlank($.jDescription)),
    ("jLocation": $.jLocation) if(!isBlank($.jLocation)),
    "cName": $.cName,
    ("jType": $.jType) if(!isBlank($.jType)),
    ("salaryRange": $.salaryRange) if(!isBlank($.salaryRange)),
    ("applicationDeadline": $.applicationDeadline) if(!isBlank($.applicationDeadline)),
    ("expLevel": $.expLevel) if(!isBlank($.expLevel)),
    ("skillAndQual": $.skillAndQual) if(!isBlank($.skillAndQual)),
    "jStatus": $.jStatus,
    ("createdDate": $.createdDate as Date) if(!isBlank($.createdDate))
}
]]></ee:set-variable>
				</ee:variables>
			</ee:transform>
		<flow-ref doc:name="JLInsertConnectorSubFlow" doc:id="a3889a86-16a2-4fc7-aa62-3d982bdd308c" name="JLInsertConnectorSubFlow" />
		<ee:transform doc:name="Response" doc:id="fed6e331-a86c-4c7a-8ff2-14c74a7c7c69">
			<ee:message>
				<ee:set-payload><![CDATA[%dw 2.0
output application/json
---
{
  message: "Details Inserted Successfully"
}]]></ee:set-payload>
			</ee:message>
		</ee:transform>
		<logger level="INFO" doc:name="End Log" doc:id="8bec334d-6d1d-4b28-87d9-25bd210c1cf4" message="flow ended to create job listing." />
	</sub-flow>
	<sub-flow name="JLInsertConnectorSubFlow" doc:id="bde5644e-de7f-4d2d-ac8c-5182707a8c9b" >
		<try doc:name="Try" doc:id="1ad61f91-af0d-49c2-86d9-44ad4a06e0a4" >
			<flow-ref doc:name="JLInsertConnectorOperationSubFlow" doc:id="22806362-665b-461f-ab37-f0ea14c710e4" name="JLInsertConnectorOperationSubFlow" />
			<error-handler >
				<on-error-continue enableNotifications="true" logException="true" doc:name="On Error Continue" doc:id="e25a38dd-c2f0-4ce0-9767-960b52d75d54" type="DB:CONNECTIVITY" >
					<until-successful maxRetries="${until-successful.maxRetries}" doc:name="Until Successful" doc:id="c6355f5e-cb36-4f74-a62c-dca011173493" millisBetweenRetries="${until-successful.millisBetweenRetries}" >
						<logger level="INFO" doc:name="Start Log" doc:id="abd4ce77-321a-4a9d-867b-54e492ba6abe" message="Until Successful started to create job listing." />
						<flow-ref doc:name="JLInsertConnectorOperationSubFlow" doc:id="1b7b5056-18ff-42ed-a0f7-5e60299e5ce5" name="JLInsertConnectorOperationSubFlow" />
						<logger level="INFO" doc:name="End Log" doc:id="91dcc8b5-4650-4cd7-9609-4aef2372260f" message="Until Successful ended to create job listing." />
					</until-successful>
				</on-error-continue>
			</error-handler>
		</try>
	</sub-flow>
	<sub-flow name="JLInsertConnectorOperationSubFlow" doc:id="f43135ec-f2ad-46d1-a91b-6032698d3784">
		<db:bulk-insert doc:name="Insert Job Listings" doc:id="1261484b-d4cd-40bf-af43-1f2aef0cd71e" config-ref="Database_Config">
			<db:bulk-input-parameters ><![CDATA[#[%dw 2.0
output application/json
---
vars.jobListingPayload map {
    "jTitle": $.jTitle,
    "jDescription": $.jDescription,
    "jLocation": $.jLocation,
    "cName": $.cName,
    "jType": $.jType,
    "salaryRange": $.salaryRange,
    "applicationDeadline": $.applicationDeadline,
    "expLevel": $.expLevel,
    "skillAndQual": $.skillAndQual,
    "jStatus": $.jStatus,
    "createdDate": $.createdDate,
    "add1": $.add1,
    "add2": $.add2,
    "add3": $.add3,
    "add4": $.add4
}]]]></db:bulk-input-parameters>
			<db:sql ><![CDATA[INSERT INTO `joblisting` (
                `jtitle`,
                `jdescription`,
                `jlocation`,
                `cname`,
                `jtype`,
                `salaryrange`,
                `applicationdeadline`,
                `explevel`,
                `skillandqual`,
                `jstatus`,
                `createddate`,
                `add1`,
                `add2`,
                `add3`,
                `add4`) VALUES (
                :jTitle,
                :jDescription,
                :jLocation,
                :cName,
                :jType,
                :salaryRange,
                :applicationDeadline,
                :expLevel,
                :skillAndQual,
                :jStatus,
                :createdDate,
                :add1,
                :add2,
                :add3,
                :add4
                ) ]]></db:sql>
		</db:bulk-insert>
	</sub-flow>
</mule>
