<?xml version="1.0" encoding="UTF-8"?>

<mule
	xmlns:db="http://www.mulesoft.org/schema/mule/db"
	xmlns:sharepoint="http://www.mulesoft.org/schema/mule/sharepoint"
	xmlns:ee="http://www.mulesoft.org/schema/mule/ee/core"
	xmlns:box="http://www.mulesoft.org/schema/mule/box"
	xmlns:http="http://www.mulesoft.org/schema/mule/http"
	xmlns="http://www.mulesoft.org/schema/mule/core"
	xmlns:doc="http://www.mulesoft.org/schema/mule/documentation"
	xmlns:xsi="http://www.w3.org/2001/XMLSchema-instance" xsi:schemaLocation="http://www.mulesoft.org/schema/mule/core http://www.mulesoft.org/schema/mule/core/current/mule.xsd
http://www.mulesoft.org/schema/mule/http http://www.mulesoft.org/schema/mule/http/current/mule-http.xsd
http://www.mulesoft.org/schema/mule/box http://www.mulesoft.org/schema/mule/box/current/mule-box.xsd
http://www.mulesoft.org/schema/mule/ee/core http://www.mulesoft.org/schema/mule/ee/core/current/mule-ee.xsd
http://www.mulesoft.org/schema/mule/sharepoint http://www.mulesoft.org/schema/mule/sharepoint/current/mule-sharepoint.xsd
http://www.mulesoft.org/schema/mule/db http://www.mulesoft.org/schema/mule/db/current/mule-db.xsd">
	<sub-flow name="updateJobListingByJobIdSubFlow" doc:id="024fca0e-d6e0-4afa-8a7c-f7d49c7734d9">
		<logger level="INFO" doc:name="Start Log" doc:id="3b8d34f9-5c5e-4669-a3a8-b09256d4f5aa" message="flow started to update job listing by jobId: #[vars.jobId]" />
		<set-variable value="#[payload]" doc:name="save upload request payload" doc:id="4b002560-a190-48c6-8ff1-770d40884671" variableName="updateBody"/>
		<flow-ref doc:name="getJobListingByJobIdSubFlow" doc:id="7cd10015-0a14-4852-ae06-5ed0a84ce4bc" name="getJobListingByJobIdSubFlow"/>
		<ee:transform doc:name="Setting Update Input Paramters" doc:id="919f4fb8-9ea2-49f1-9a66-280426fc6892">
			<ee:message>
			</ee:message>
			<ee:variables>
				<ee:set-variable variableName="updatePayload"><![CDATA[%dw 2.0
output application/json
---
{
	"jobId": vars.jobId,
	("jTitle": vars.updateBody.jTitle) if(vars.updateBody.jTitle?),
	("jDescription": vars.updateBody.jDescription) if(vars.updateBody.jDescription?),
	("jLocation": vars.updateBody.jLocation) if(vars.updateBody.jLocation?),
	("cName": vars.updateBody.cName) if(vars.updateBody.cName?),
	("jType": vars.updateBody.jType) if(vars.updateBody.jType?),
	("salaryRange": vars.updateBody.salaryRange) if(vars.updateBody.salaryRange?),
	("applicationDeadline": vars.updateBody.applicationDeadline) if(vars.updateBody.applicationDeadline?),
	("expLevel": vars.updateBody.expLevel) if(vars.updateBody.expLevel?),
	("skillAndQual": vars.updateBody.skillAndQual) if(vars.updateBody.skillAndQual?),
	("jStatus": vars.updateBody.jStatus) if(vars.updateBody.jStatus?),
	("createdDate": vars.updateBody.createdDate) if(vars.updateBody.createdDate?)

}]]></ee:set-variable>
			</ee:variables>
		</ee:transform>
		<ee:transform doc:name="Setting Update Query" doc:id="7cff4fa2-1055-4818-aca3-3c16a06a9e61">
			<ee:message>
			</ee:message>
			<ee:variables>
				<ee:set-variable variableName="updateQuery"><![CDATA[%dw 2.0
output application/json

fun isStringType(value : String | Null) = (typeOf(value) contains "String")

var d= vars.updatePayload
var query = "Update joblisting set " ++ 
(if(isStringType(d.jTitle) and (sizeOf(d)>2)) "jtitle= :jTitle," else if (isStringType(d.jTitle)) "jtitle= :jTitle" else "")
++
(if(isStringType(d.jDescription) and (sizeOf(d)>2)) "jdescription= :jDescription," else if (isStringType(d.jDescription)) "jdescription= :jDescription" else "")
++
(if(isStringType(d.jLocation) and (sizeOf(d)>2)) "jlocation= :jLocation," else if (isStringType(d.jLocation)) "jlocation= :jLocation" else "")
++
(if(isStringType(d.cName) and (sizeOf(d)>2)) "cname= :cName," else if (isStringType(d.cName)) "cname= :cName" else "")
++
(if(isStringType(d.jType) and (sizeOf(d)>2)) "jtype= :jType," else if (isStringType(d.jType)) "jtype= :jType" else "")
++
(if(isStringType(d.salaryRange) and (sizeOf(d)>2)) "salaryrange= :salaryRange," else if (isStringType(d.salaryRange)) "salaryrange= :salaryRange" else "")
++
(if(isStringType(d.applicationDeadline) and (sizeOf(d)>2)) "applicationdeadline= :applicationDeadline," else if (isStringType(d.applicationDeadline)) "applicationdeadline= :applicationDeadline" else "")
++
(if(isStringType(d.expLevel) and (sizeOf(d)>2)) "explevel= :expLevel," else if (isStringType(d.expLevel)) "explevel= :expLevel" else "")
++
(if(isStringType(d.skillAndQual) and (sizeOf(d)>2)) "skillandqual= :skillAndQual," else if (isStringType(d.skillAndQual)) "skillandqual= :skillAndQual" else "")
++
(if(isStringType(d.jStatus) and (sizeOf(d)>2)) "jstatus= :jStatus," else if (isStringType(d.jStatus)) "jstatus= :jStatus" else "")
++
(if(isStringType(d.createdDate) and (sizeOf(d)>2)) "createddate= :createdDate," else if (isStringType(d.createdDate)) "createddate= :createdDate" else "")
---
(if(query[-1] contains ",") query[0 to -2] else query) ++ " where jobid= :jobId"]]></ee:set-variable>
			</ee:variables>
		</ee:transform>
		<flow-ref doc:name="JLUpdateConnectorSubFlow" doc:id="09dd0a44-44af-41be-a855-9d860be200ac" name="JLUpdateConnectorSubFlow" />
		<ee:transform doc:name="Response" doc:id="630ded95-f270-4844-ae2b-0c56756a2544">
			<ee:message>
				<ee:set-payload><![CDATA[%dw 2.0
output application/json
---
{
  message: "Job Listing Details Updated Successfully",
  id: vars.jobId
}]]></ee:set-payload>
			</ee:message>
		</ee:transform>
		<logger level="INFO" doc:name="End Log" doc:id="8bec334d-6d1d-4b28-87d9-25bd210c1cf4" message="flow ended to update job listing by jobId: #[vars.jobId]" />
	</sub-flow>
	<sub-flow name="JLUpdateConnectorSubFlow" doc:id="1a527ce4-6a01-4b44-96d0-99ab4365c1c5" >
		<try doc:name="Try" doc:id="9e7bd96a-84c3-414c-95ba-e2e9d48abf40" >
			<flow-ref doc:name="JLUpdateConnectorOperationSubFlow" doc:id="d4a372c8-b4be-45ab-bd4b-5e6bb63d92b3" name="JLUpdateConnectorOperationSubFlow" />
			<error-handler >
				<on-error-continue enableNotifications="true" logException="true" doc:name="On Error Continue" doc:id="cbda33b9-7377-4efb-bab1-b2ca15f544e4" type="DB:CONNECTIVITY" >
					<until-successful maxRetries="${until-successful.maxRetries}" doc:name="Until Successful" doc:id="3fe91a75-03a8-4f6b-9630-38624597a5db" millisBetweenRetries="${until-successful.millisBetweenRetries}" >
						<logger level="INFO" doc:name="Start Log" doc:id="62453edf-ca78-45b0-ad27-8e2afbfebdea" message="Until Successful started to update job listing by jobId: #[vars.jobId]" />
						<flow-ref doc:name="JLUpdateConnectorOperationSubFlow" doc:id="1d61e557-6f71-4824-9087-328cfa91abd0" name="JLUpdateConnectorOperationSubFlow" />
						<logger level="INFO" doc:name="End Log" doc:id="8a5b666b-8670-46aa-80a7-20f2d21e5b30" message="Until Successful ended to update job listing by jobId: #[vars.jobId]" />
					</until-successful>
				</on-error-continue>
			</error-handler>
		</try>
	</sub-flow>
	<sub-flow name="JLUpdateConnectorOperationSubFlow" doc:id="fdd59b45-d518-4af7-b692-cdcf50f04241">
		<db:update doc:name="Update Job Listing" doc:id="fda04f65-2156-4d78-86bc-af995a3a3242" config-ref="Database_Config">
				<db:sql><![CDATA[#[vars.updateQuery]]]></db:sql>
				<db:input-parameters><![CDATA[#[vars.updatePayload]]]></db:input-parameters>
			</db:update>
	</sub-flow>
</mule>
