{
    "metadata": {
        "id": "https://cloudsynapps.sharepoint.com/sites/Sharepoint1/_api/Web/GetFolderByServerRelativePath(decodedurl='/sites/Sharepoint1/Shared Documents/F1/Folder1')",
        "type": "SP.Folder",
        "uri": "https://cloudsynapps.sharepoint.com/sites/Sharepoint1/_api/Web/GetFolderByServerRelativePath(decodedurl='/sites/Sharepoint1/Shared%20Documents/F1/Folder1')"
    },
    "folders": {
        "__deferred": {
            "uri": "https://cloudsynapps.sharepoint.com/sites/Sharepoint1/_api/Web/GetFolderByServerRelativePath(decodedurl='/sites/Sharepoint1/Shared%20Documents/F1/Folder1')/Folders"
        }
    },
    "timeLastModified": "2023-07-28T06:50:55Z",
    "itemCount": 0,
    "serverRelativeUrl": "/sites/Sharepoint1/Shared Documents/F1/Folder1",
    "parentFolder": {
        "__deferred": {
            "uri": "https://cloudsynapps.sharepoint.com/sites/Sharepoint1/_api/Web/GetFolderByServerRelativePath(decodedurl='/sites/Sharepoint1/Shared%20Documents/F1/Folder1')/ParentFolder"
        }
    },
    "welcomePage": "",
    "name": "Folder1",
    "files": {
        "__deferred": {
            "uri": "https://cloudsynapps.sharepoint.com/sites/Sharepoint1/_api/Web/GetFolderByServerRelativePath(decodedurl='/sites/Sharepoint1/Shared%20Documents/F1/Folder1')/Files"
        }
    },
    "exists": true,
    "listItemAllFields": {
        "__deferred": {
            "uri": "https://cloudsynapps.sharepoint.com/sites/Sharepoint1/_api/Web/GetFolderByServerRelativePath(decodedurl='/sites/Sharepoint1/Shared%20Documents/F1/Folder1')/ListItemAllFields"
        }
    },
    "timeCreated": "2023-07-28T06:50:55Z",
    "properties": {
        "__deferred": {
            "uri": "https://cloudsynapps.sharepoint.com/sites/Sharepoint1/_api/Web/GetFolderByServerRelativePath(decodedurl='/sites/Sharepoint1/Shared%20Documents/F1/Folder1')/Properties"
        }
    },
    "uniqueId": "61915b5e-a723-4c90-9576-fc2818d81258"
}