[
    {
        "jTitle": "Software Engineer",
        "jDescription": "We are seeking a highly skilled software engineer to join our development team.",
        "jLocation": "San Francisco CA",
        "cName": "Tech Solutions Inc",
        "jType": "Full-time",
        "salaryRange": "$80,000 - $100,000",
        "applicationDeadline": "2023-11-30",
        "expLevel": "Entry Level",
        "skillAndQual": "Bachelors degree in Computer Science",
        "jStatus": "Yes",
        "createdDate": "2023-10-12"
    }
]