{
    "total_count": 1,
    "entries": [
        {
            "type": "file",
            "id": "1250948130882",
            "file_version": {
                "type": "file_version",
                "id": "1366607279682",
                "sha1": "2034425aafc11d9cd38809a1d7b4ad3f8afc6c3c"
            },
            "sequence_id": "0",
            "etag": "0",
            "sha1": "2034425aafc11d9cd38809a1d7b4ad3f8afc6c3c",
            "name": "dummy-1.pdf",
            "description": "",
            "size": 43609,
            "path_collection": {
                "total_count": 2,
                "entries": [
                    {
                        "type": "folder",
                        "id": "0",
                        "sequence_id": "",
                        "etag": "",
                        "name": "All Files"
                    },
                    {
                        "type": "folder",
                        "id": "215189690874",
                        "sequence_id": "0",
                        "etag": "0",
                        "name": "SampleFolder1"
                    }
                ]
            },
            "created_at": "2023-06-30T20:30:02-07:00",
            "modified_at": "2023-06-30T20:30:02-07:00",
            "trashed_at": null,
            "purged_at": null,
            "content_created_at": "2023-06-30T20:30:02-07:00",
            "content_modified_at": "2023-06-30T20:30:02-07:00",
            "created_by": {
                "type": "user",
                "id": "26749807932",
                "name": "Mule-integration-PoC-with-JWT",
                "login": "AutomationUser_2063104_ArWR7avWp2@boxdevedition.com"
            },
            "modified_by": {
                "type": "user",
                "id": "26749807932",
                "name": "Mule-integration-PoC-with-JWT",
                "login": "AutomationUser_2063104_ArWR7avWp2@boxdevedition.com"
            },
            "owned_by": {
                "type": "user",
                "id": "26749807932",
                "name": "Mule-integration-PoC-with-JWT",
                "login": "AutomationUser_2063104_ArWR7avWp2@boxdevedition.com"
            },
            "shared_link": null,
            "parent": {
                "type": "folder",
                "id": "215189690874",
                "sequence_id": "0",
                "etag": "0",
                "name": "SampleFolder1"
            },
            "item_status": "active"
        }
    ]
}