{
  "id": "12345",
  "type": "folder",
  "allowed_invitee_roles": [
    "editor"
  ],
  "allowed_shared_link_access_levels": [
    "open"
  ],
  "can_non_owners_invite": true,
  "can_non_owners_view_collaborators": true,
  "classification": {
    "color": "#FF0000",
    "definition": "Content that should not be shared outside the company.",
    "name": "Top Secret"
  },
  "content_created_at": "2012-12-12T10:53:43-08:00",
  "content_modified_at": "2012-12-12T10:53:43-08:00",
  "created_at": "2012-12-12T10:53:43-08:00",
  "created_by": {
    "id": "11446498",
    "type": "user",
    "login": "ceo@example.com",
    "name": "Aaron Levie"
  },
  "description": "Legal contracts for the new ACME deal",
  "etag": "1",
  "folder_upload_email": {
    "access": "open",
    "email": "upload.Contracts.asd7asd@u.box.com"
  },
  "has_collaborations": true,
  "is_accessible_via_shared_link": true,
  "is_collaboration_restricted_to_enterprise": true,
  "is_externally_owned": true,
  "item_collection": {
    "entries": [
      {
        "id": "12345",
        "etag": "1",
        "type": "file",
        "sequence_id": "3",
        "name": "Contract.pdf",
        "sha1": "85136C79CBF9FE36BB9D05D0639C70C265C18D37",
        "file_version": {
          "id": "12345",
          "type": "file_version",
          "sha1": "134b65991ed521fcfe4724b7d814ab8ded5185dc"
        }
      }
    ],
    "limit": 1000,
    "offset": 2000,
    "order": [
      {
        "by": "type",
        "direction": "ASC"
      }
    ],
    "total_count": 5000
  },
  "item_status": "active",
  "metadata": {
    "enterprise_27335": {
      "marketingCollateral": {
        "$canEdit": true,
        "$id": "01234500-12f1-1234-aa12-b1d234cb567e",
        "$parent": "folder_59449484661",
        "$scope": "enterprise_27335",
        "$template": "marketingCollateral",
        "$type": "properties-6bcba49f-ca6d-4d2a-a758-57fe6edf44d0",
        "$typeVersion": 2,
        "$version": 1
      }
    }
  },
  "modified_at": "2012-12-12T10:53:43-08:00",
  "modified_by": {
    "id": "11446498",
    "type": "user",
    "login": "ceo@example.com",
    "name": "Aaron Levie"
  },
  "name": "Contracts",
  "owned_by": {
    "id": "11446498",
    "type": "user",
    "login": "ceo@example.com",
    "name": "Aaron Levie"
  },
  "parent": {
    "id": "12345",
    "type": "folder",
    "etag": "1",
    "name": "Contracts",
    "sequence_id": "3"
  },
  "path_collection": {
    "entries": [
      {
        "id": "12345",
        "etag": "1",
        "type": "folder",
        "name": "Contracts",
        "sequence_id": "3"
      }
    ],
    "total_count": 1
  },
  "permissions": {
    "can_delete": true,
    "can_download": true,
    "can_invite_collaborator": true,
    "can_rename": true,
    "can_set_share_access": true,
    "can_share": true,
    "can_upload": true
  },
  "purged_at": "2012-12-12T10:53:43-08:00",
  "sequence_id": "3",
  "shared_link": {
    "access": "open",
    "download_count": 3,
    "download_url": "https://www.box.com/shared/static/rh935iit6ewrmw0unyul.jpeg",
    "effective_access": "company",
    "effective_permission": "can_download",
    "is_password_enabled": true,
    "permissions": {
      "can_download": true,
      "can_edit": false,
      "can_preview": true
    },
    "preview_count": 3,
    "unshared_at": "2018-04-13T13:53:23-07:00",
    "url": "https://www.box.com/s/vspke7y05sb214wjokpk",
    "vanity_name": "my_url",
    "vanity_url": "https://acme.app.box.com/v/my_url/"
  },
  "size": 629644,
  "sync_state": "synced",
  "tags": [
    "approved"
  ],
  "trashed_at": "2012-12-12T10:53:43-08:00",
  "watermark_info": {
    "is_watermarked": true
  }
}