<?xml version="1.0" encoding="UTF-8"?>

<mule xmlns:http="http://www.mulesoft.org/schema/mule/http"
	xmlns:ee="http://www.mulesoft.org/schema/mule/ee/core"
	xmlns="http://www.mulesoft.org/schema/mule/core"
	xmlns:doc="http://www.mulesoft.org/schema/mule/documentation"
	xmlns:xsi="http://www.w3.org/2001/XMLSchema-instance"
	xsi:schemaLocation="
http://www.mulesoft.org/schema/mule/http http://www.mulesoft.org/schema/mule/http/current/mule-http.xsd 
http://www.mulesoft.org/schema/mule/ee/core http://www.mulesoft.org/schema/mule/ee/core/current/mule-ee.xsd http://www.mulesoft.org/schema/mule/core http://www.mulesoft.org/schema/mule/core/current/mule.xsd">
	<sub-flow name="update-db-record-by-jobId-subflow"
		doc:id="72a2380e-96c0-4079-9bba-e3b6553fbf32">
		<logger level="INFO" doc:name="Flow Start"
			doc:id="fe13e8a9-486f-4c8f-b4d7-4cdb45a53c87"
			message='#[%dw 2.0&#10;output application/json&#10;---&#10;vars.correlationId default "" ++ " Flow to update database has been started with jobId: " ++ vars.jobId ++ " - at :" ++ now()]' />
		<ee:transform doc:name="set request" doc:id="9c461e51-8ffa-49d2-8bb8-475275dccae4" >
			<ee:message >
				<ee:set-payload ><![CDATA[%dw 2.0
output application/json
---
payload]]></ee:set-payload>
			</ee:message>
		</ee:transform>
		<until-successful
			maxRetries="${until-successful.maxRetries}"
			doc:name="Until Successful"
			doc:id="b0a8527d-48bb-42d4-a537-0dc8554b496a"
			millisBetweenRetries="${until-successful.millisBetweenRetries}">
			<try doc:name="Try" doc:id="c2a9ff1b-dfc8-4c85-b25c-c6e65881a4a4">
				<http:request method="PATCH"
					doc:name="HTTP Update call to mssql-acc-api"
					doc:id="8322359d-f875-4fb5-afab-6f41de390763"
					config-ref="mssql-sys-api-request" path="${db.sys.byJobIdPath}"
					sendCorrelationId="ALWAYS" correlationId="#[vars.correlationId]">
					<http:headers><![CDATA[#[vars.settingRequiredHeaders]]]></http:headers>
					<http:uri-params ><![CDATA[#[output application/json
---
{
	jobId : vars.jobId
}]]]></http:uri-params>

				
</http:request>
				<error-handler>
					<on-error-propagate enableNotifications="true"
						logException="true" doc:name="On Error Propagate"
						doc:id="7ea82a51-8e2b-49e1-a45a-e1f23195d63e" type="ANY">
						<logger level="ERROR" doc:name="Error Message"
							doc:id="a1efab15-19d8-4a4a-9734-cbc8f4db370d"
							message='#[error.errorType.asString ++ " Error occured while connecting to mssql-acc-api"]' />
					</on-error-propagate>
				</error-handler>
			</try>
		</until-successful>
		<ee:transform doc:name="set response" doc:id="511ecea8-b95e-4b4e-814e-ccb4803bbd48" >
			<ee:message >
				<ee:set-payload ><![CDATA[%dw 2.0
output application/json
---
payload]]></ee:set-payload>
			</ee:message>
		</ee:transform>
		<logger level="INFO" doc:name="Flow End"
			doc:id="d6abe820-55b5-4245-8e57-30e6dd92e7fd"
			message='#[%dw 2.0&#10;output application/json&#10;---&#10;vars.correlationId default "" ++ " Flow to update database has been ended with jobId: " ++ vars.jobId ++ " - at :" ++ now()]' />
	</sub-flow>
</mule>
