<?xml version="1.0" encoding="UTF-8"?>

<mule xmlns:http="http://www.mulesoft.org/schema/mule/http"
	xmlns:ee="http://www.mulesoft.org/schema/mule/ee/core"
	xmlns="http://www.mulesoft.org/schema/mule/core" xmlns:doc="http://www.mulesoft.org/schema/mule/documentation"
	xmlns:xsi="http://www.w3.org/2001/XMLSchema-instance"
	xsi:schemaLocation="
http://www.mulesoft.org/schema/mule/http http://www.mulesoft.org/schema/mule/http/current/mule-http.xsd 
http://www.mulesoft.org/schema/mule/ee/core http://www.mulesoft.org/schema/mule/ee/core/current/mule-ee.xsd http://www.mulesoft.org/schema/mule/core http://www.mulesoft.org/schema/mule/core/current/mule.xsd">
	<flow name="fetch-fileInfo-by-fileIdFlow" doc:id="e4a6e66e-0638-4444-8100-5c21b8f78ddc" >
		<logger level="INFO" doc:name="Flow Start" doc:id="ad49cc16-8971-4a8f-b88d-02022148be3a" message='#[%dw 2.0&#10;output application/json&#10;---&#10;"CorrelationId : " ++ vars.correlationId ++ " fetch fileInfo flow Started"]' />
		<until-successful maxRetries="${until-successful.maxRetries}" doc:name="Until Successful" doc:id="a5a8fac8-e26c-4b42-8233-70446ade8954" millisBetweenRetries="${until-successful.millisBetweenRetries}">
			<try doc:name="Try" doc:id="d6dc5ee0-76de-4eee-a955-83815cd10c5b">
				<http:request method="GET" doc:name="HTTP fetch docInfo by docId to mecp-prc-api" doc:id="50739344-87f3-4c4a-bc1e-54c3579b9ab8" config-ref="mecp_prc_api_request" path="${prc.fileInfoPath}" sendCorrelationId="ALWAYS" correlationId="#[vars.correlationId]">
					<http:headers ><![CDATA[#[vars.settingRequiredHeaders]]]></http:headers>
					<http:uri-params ><![CDATA[#[output application/java
---
{
	"fileId" : vars.docId
}]]]></http:uri-params>
				

</http:request>
				<error-handler>
					<on-error-propagate enableNotifications="true" logException="true" doc:name="On Error Propagate" doc:id="fc66a51b-cdf6-4b2c-9337-abc2fa0e0431" type="ANY">
						<logger level="ERROR" doc:name="Error Message" doc:id="a6e8a9f7-b5e2-4ebd-98ea-e6f4d83758ac" message='#[error.errorType.asString ++ " Error occured while connecting to SIEBEL"]' />
					</on-error-propagate>
				</error-handler>
			</try>
		</until-successful> 
		<ee:transform doc:name="Response From GET Call" doc:id="b9a1a600-210a-4145-b2a8-b187fa695bd4">
			<ee:message>
				<ee:set-payload><![CDATA[%dw 2.0
output application/json
---
payload]]></ee:set-payload>
			</ee:message>
		</ee:transform>
		<logger level="INFO" doc:name="Flow End" doc:id="f9a476c1-9dd7-4b98-873b-b3889494b03d" message='#[%dw 2.0&#10;output application/json&#10;---&#10;"CorrelationId : " ++ vars.correlationId ++ " fetch fileInfo flow ended"]'/>
	</flow>
</mule>
