<?xml version="1.0" encoding="UTF-8"?>

<mule xmlns:tracking="http://www.mulesoft.org/schema/mule/ee/tracking" xmlns:ee="http://www.mulesoft.org/schema/mule/ee/core"
	xmlns:http="http://www.mulesoft.org/schema/mule/http"
	xmlns="http://www.mulesoft.org/schema/mule/core" xmlns:doc="http://www.mulesoft.org/schema/mule/documentation" xmlns:xsi="http://www.w3.org/2001/XMLSchema-instance" xsi:schemaLocation="http://www.mulesoft.org/schema/mule/core http://www.mulesoft.org/schema/mule/core/current/mule.xsd
http://www.mulesoft.org/schema/mule/http http://www.mulesoft.org/schema/mule/http/current/mule-http.xsd
http://www.mulesoft.org/schema/mule/ee/core http://www.mulesoft.org/schema/mule/ee/core/current/mule-ee.xsd
http://www.mulesoft.org/schema/mule/ee/tracking http://www.mulesoft.org/schema/mule/ee/tracking/current/mule-tracking-ee.xsd">
	<sub-flow name="upload-Doc-Flow" doc:id="be934908-bf81-4fbb-bac5-c6c7242ad68e" >
		<logger level="INFO" doc:name="Flow Start" doc:id="8b1f24aa-bfe1-402d-9675-45a5c6acdd28" message='#[%dw 2.0&#10;output application/json&#10;---&#10;"CorrelationId : " ++ vars.correlationId ++ " Upload file Started"]' />
		<ee:transform doc:name="Request Body For POST" doc:id="1fb2b031-c41f-47a9-b425-7ebac4f8f00e">
			<ee:message />
			<ee:variables>
				<ee:set-variable variableName="body"><![CDATA[%dw 2.0
output application/json
---
payload]]></ee:set-variable>
			</ee:variables>
		</ee:transform>
		<until-successful maxRetries="${until-successful.maxRetries}" doc:name="Until Successful" doc:id="e4528e79-5661-4ced-ae76-deb73c12293e" millisBetweenRetries="${until-successful.millisBetweenRetries}">
			<try doc:name="Try" doc:id="a7ab96a7-aa53-4435-974e-818f4d851f93">
				<http:request method="POST" doc:name="HTTP POST Docs to mecp-prc-api" doc:id="36600e97-254c-4854-afae-d0e71a2e2dae" config-ref="mecp_prc_api_request" path="${prc.docPath}" sendCorrelationId="ALWAYS" correlationId="#[vars.correlationId]">
					<http:body><![CDATA[#[vars.body]]]></http:body>
					<http:headers ><![CDATA[#[vars.settingRequiredHeaders]]]></http:headers>
				
</http:request>
				<error-handler>
					<on-error-propagate enableNotifications="true" logException="true" doc:name="On Error Propagate" doc:id="a533dc3d-6531-4543-b4c5-d1cdfd5c26a6" type="ANY">
						<logger level="ERROR" doc:name="Error Message" doc:id="6c7d14b6-81de-473f-9990-47793bd1f72b" message='#[error.errorType.asString ++ " Error occured while connecting to SIEBEL"]' />
					</on-error-propagate>
				</error-handler>
			</try>
		</until-successful> 
		<ee:transform doc:name="Response From POST Call" doc:id="8fac5a82-c2f3-4ba0-b06d-1b965b5affc0">
			<ee:message>
				<ee:set-payload><![CDATA[%dw 2.0
output application/json
---
payload]]></ee:set-payload>
			</ee:message>
		</ee:transform>
		<logger level="INFO" doc:name="Flow End" doc:id="d8dbcf56-bf5c-42eb-ab50-92749e5474b6" message='#[%dw 2.0&#10;output application/json&#10;---&#10;"CorrelationId : " ++ vars.correlationId ++ " Upload file ended"]'/>
	</sub-flow>
	
</mule>
