{
    "type": "file",
    "id": "1251027910741",
    "file_version": {
        "type": "file_version",
        "id": "1366692183541",
        "sha1": "affd82f2b6add32d156349b7607991f539e98df0"
    },
    "sequence_id": "0",
    "etag": "0",
    "sha1": "affd82f2b6add32d156349b7607991f539e98df0",
    "name": "a1.json",
    "description": "",
    "size": 216,
    "path_collection": {
        "total_count": 2,
        "entries": [
            {
                "type": "folder",
                "id": "0",
                "sequence_id": "",
                "etag": "",
                "name": "All Files"
            },
            {
                "type": "folder",
                "id": "215322813894",
                "sequence_id": "0",
                "etag": "0",
                "name": "testFolder"
            }
        ]
    },
    "created_at": "2023-06-30T23:46:26-07:00",
    "modified_at": "2023-06-30T23:46:26-07:00",
    "trashed_at": null,
    "purged_at": null,
    "content_created_at": "2023-06-30T23:46:26-07:00",
    "content_modified_at": "2023-06-30T23:46:26-07:00",
    "created_by": {
        "type": "user",
        "id": "26749807932",
        "name": "Mule-integration-PoC-with-JWT",
        "login": "AutomationUser_2063104_ArWR7avWp2@boxdevedition.com"
    },
    "modified_by": {
        "type": "user",
        "id": "26749807932",
        "name": "Mule-integration-PoC-with-JWT",
        "login": "AutomationUser_2063104_ArWR7avWp2@boxdevedition.com"
    },
    "owned_by": {
        "type": "user",
        "id": "26749807932",
        "name": "Mule-integration-PoC-with-JWT",
        "login": "AutomationUser_2063104_ArWR7avWp2@boxdevedition.com"
    },
    "shared_link": null,
    "parent": {
        "type": "folder",
        "id": "215322813894",
        "sequence_id": "0",
        "etag": "0",
        "name": "testFolder"
    },
    "item_status": "active"
}