<?xml version="1.0" encoding="UTF-8"?>

<mule xmlns:os="http://www.mulesoft.org/schema/mule/os"
	xmlns:db="http://www.mulesoft.org/schema/mule/db"
	xmlns:sharepoint="http://www.mulesoft.org/schema/mule/sharepoint"
	xmlns:ee="http://www.mulesoft.org/schema/mule/ee/core"
	xmlns:box="http://www.mulesoft.org/schema/mule/box"
	xmlns:http="http://www.mulesoft.org/schema/mule/http"
	xmlns="http://www.mulesoft.org/schema/mule/core"
	xmlns:doc="http://www.mulesoft.org/schema/mule/documentation"
	xmlns:xsi="http://www.w3.org/2001/XMLSchema-instance"
	xsi:schemaLocation="http://www.mulesoft.org/schema/mule/core http://www.mulesoft.org/schema/mule/core/current/mule.xsd
http://www.mulesoft.org/schema/mule/http http://www.mulesoft.org/schema/mule/http/current/mule-http.xsd
http://www.mulesoft.org/schema/mule/box http://www.mulesoft.org/schema/mule/box/current/mule-box.xsd
http://www.mulesoft.org/schema/mule/ee/core http://www.mulesoft.org/schema/mule/ee/core/current/mule-ee.xsd
http://www.mulesoft.org/schema/mule/sharepoint http://www.mulesoft.org/schema/mule/sharepoint/current/mule-sharepoint.xsd
http://www.mulesoft.org/schema/mule/db http://www.mulesoft.org/schema/mule/db/current/mule-db.xsd
http://www.mulesoft.org/schema/mule/os http://www.mulesoft.org/schema/mule/os/current/mule-os.xsd">
	<sub-flow name="create-credit-transfers-subflow"
		doc:id="1d9394ba-056a-4d90-9299-8d35ab303630">
		<logger level="INFO" doc:name="Start Log" doc:id="b9f9821e-f7f4-4f44-836e-ba953e226db2" message='#[vars.correlationId default "" ++ " flow started to create credit transfers. - at : " ++ now()]' />
		<ee:transform doc:name="Setting the actual payload"
			doc:id="16195404-aa69-447a-8924-d29eb7384c23">
			<ee:message />
			<ee:variables>
				<ee:set-variable variableName="inputPayload"><![CDATA[%dw 2.0
output application/json
var p = payload
---
{
    "sec_code": p.secCode,
    "entry_description": p.entryDescription default "",
    "requested_execution_date": p.requestedExecutionDate default "",
    "debtor": {
        "ach_company_id": p.debtor.achCompanyId default "",
        ("name": p.debtor.name  default "") if(! isBlank(p.debtor.name)),
        ("address": {
            "address_line_1": p.debtor.address.addressLine1 default "",
          ("address_line_2": p.debtor.address.addressLine2  default "") if(! isBlank(p.debtor.address.addressLine2)),
            "city": p.debtor.address.city default "",
            "state": p.debtor.address.state default "",
            "postal_code": p.debtor.address.postalCode default "",
            "country_code": p.debtor.address.countryCode default ""
        }) if(! isBlank(p.debtor.address.addressLine1))
    },
    "credit_transfer": {
        ("end_to_end_id": p.creditTransfer.endToEndId  default "") if(! isBlank(p.creditTransfer.endToEndId)),
        ("trace_number": p.creditTransfer.traceNumber  default "") if(! isBlank(p.creditTransfer.traceNumber)),
        "is_prenote": p.creditTransfer.isPrenote default "",
        ("discretionary_data": p.creditTransfer.discretionaryData default "") if(! isBlank(p.creditTransfer.discretionaryData)),
        "payment": {
            "amount": p.creditTransfer.payment.amount default "",
            "currency": p.creditTransfer.payment.currency default ""
        },
        "creditor": {
            "name": p.creditTransfer.creditor.name,
            ("address": {
                "address_line_1": p.creditTransfer.creditor.address.addressLine1 default "",
                ("address_line_2": p.creditTransfer.creditor.address.addressLine2  default "") if(! isBlank(p.creditTransfer.creditor.address.addressLine2)),
                "city": p.creditTransfer.creditor.address.city default "",
                "state": p.creditTransfer.creditor.address.state default "",
                "postal_code": p.creditTransfer.creditor.address.postalCode default "",
                "country_code": p.creditTransfer.creditor.address.countryCode default ""
            }) if(! isBlank(p.creditTransfer.creditor.address.addressLine1)),
            "bank_account": {
                "account_type": p.creditTransfer.creditor.bankAccount.accountType,
                "currency": p.creditTransfer.creditor.bankAccount.currency,
                "country_code": p.creditTransfer.creditor.bankAccount.countryCode,
                "account_number_type": p.creditTransfer.creditor.bankAccount.accountNumberType,
                "account_number": p.creditTransfer.creditor.bankAccount.accountNumber,
                "routing_number_type": p.creditTransfer.creditor.bankAccount.routingNumberType,
                "routing_number": p.creditTransfer.creditor.bankAccount.routingNumber
            }
        },
        ("remittance_information": {
            ("unstructured_addenda": p.creditTransfer.remittanceInformation.unstructuredAddenda default "") if(! isBlank(p.creditTransfer.remittanceInformation.unstructuredAddenda[
                0
            ]))
        }) if((p.creditTransfer.remittanceInformation)!=null)
    }
}]]></ee:set-variable>
			</ee:variables>
		</ee:transform>
		<flow-ref doc:name="retrieve-token-subflow" doc:id="4b10cf52-67c3-4848-b8f6-f932e5ac9052" name="retrieve-token-subflow" />
		<flow-ref doc:name="request-to-create-credit-transfers-subflow" doc:id="976d5e15-37b2-408a-9b3b-77e6c7c7c71e" name="request-to-create-credit-transfers-subflow" />
		<ee:transform doc:name="Response" doc:id="4d93406f-ce3f-4b9e-8a29-90c46c74b792">
					<ee:message>
						<ee:set-payload><![CDATA[%dw 2.0
output application/json
---
{
    "paymentId": payload.payment_id,
    "status": payload.status,
    "statusAsOf": payload.status_as_of
}]]></ee:set-payload>
					</ee:message>
				</ee:transform>
		<logger level="INFO" doc:name="End Log" doc:id="1d1acfac-9c5f-402d-b9b7-1fa8ad60bfa2" message='#[vars.correlationId default "" ++ " flow ended to create credit transfers. - at : " ++ now()]' />
	</sub-flow>
	<sub-flow name="request-to-create-credit-transfers-subflow" doc:id="019e138b-11e3-4b27-a9f3-7f84b4e6356b">
		<try doc:name="Try" doc:id="66a0970a-ae77-4235-af9d-2cdcaf65ca4a">
			<flow-ref doc:name="create-credit-operation-subflow" doc:id="6b7f8785-796b-4a4d-8238-7b6660478a08" name="create-credit-operation-subflow" />
			<error-handler>
				<on-error-continue enableNotifications="true" logException="true" doc:name="On Error Continue" doc:id="2308c205-ccc1-4281-bb5a-5b1283c6d6e5" type="HTTP:CONNECTIVITY, HTTP:INTERNAL_SERVER_ERROR">
					<until-successful maxRetries="${until-successful.maxRetries}" doc:name="Until Successful" doc:id="6e7eb1d1-aa91-4a06-86c9-a65330faca9e" millisBetweenRetries="${until-successful.millisBetweenRetries}">
						<logger level="INFO" doc:name="Start Log" doc:id="162de7dd-fac4-4930-b8c8-bb09965ac32f" message='#[vars.correlationId default "" ++ " Until Successful started to create credit transfers. - at : " ++ now()]' />
						<flow-ref doc:name="create-credit-operation-subflow" doc:id="3f2e9a41-bc0d-46c7-98e1-d161ee5ac69f" name="create-credit-operation-subflow" />
						<logger level="INFO" doc:name="End Log" doc:id="ed05c372-2a69-4618-9151-2633bfd5b6ef" message='#[vars.correlationId default "" ++ " Until Successful ended to create credit transfers. - at : " ++ now()]' />
		</until-successful>
				</on-error-continue>
			</error-handler>
		</try>
	</sub-flow>
	<sub-flow name="create-credit-operation-subflow" doc:id="02b9b9f2-1044-46af-8570-2d52d055819c">
		<http:request method="POST" doc:name="Request to create credit transfers" doc:id="185e1dc2-e20d-4dc8-bd75-454638139f44" config-ref="ach-payments-request-configuration" path="${req.ach.creditTransfersPath}">
					<http:body><![CDATA[#[vars.inputPayload]]]></http:body>
					<http:headers><![CDATA[#[vars.bearerToken]]]></http:headers>
				</http:request>
	</sub-flow>
</mule>