<?xml version="1.0" encoding="UTF-8"?>

<mule xmlns:os="http://www.mulesoft.org/schema/mule/os"
	xmlns:db="http://www.mulesoft.org/schema/mule/db"
	xmlns:sharepoint="http://www.mulesoft.org/schema/mule/sharepoint"
	xmlns:ee="http://www.mulesoft.org/schema/mule/ee/core"
	xmlns:box="http://www.mulesoft.org/schema/mule/box"
	xmlns:http="http://www.mulesoft.org/schema/mule/http"
	xmlns="http://www.mulesoft.org/schema/mule/core"
	xmlns:doc="http://www.mulesoft.org/schema/mule/documentation"
	xmlns:xsi="http://www.w3.org/2001/XMLSchema-instance"
	xsi:schemaLocation="http://www.mulesoft.org/schema/mule/core http://www.mulesoft.org/schema/mule/core/current/mule.xsd
http://www.mulesoft.org/schema/mule/http http://www.mulesoft.org/schema/mule/http/current/mule-http.xsd
http://www.mulesoft.org/schema/mule/box http://www.mulesoft.org/schema/mule/box/current/mule-box.xsd
http://www.mulesoft.org/schema/mule/ee/core http://www.mulesoft.org/schema/mule/ee/core/current/mule-ee.xsd
http://www.mulesoft.org/schema/mule/sharepoint http://www.mulesoft.org/schema/mule/sharepoint/current/mule-sharepoint.xsd
http://www.mulesoft.org/schema/mule/db http://www.mulesoft.org/schema/mule/db/current/mule-db.xsd
http://www.mulesoft.org/schema/mule/os http://www.mulesoft.org/schema/mule/os/current/mule-os.xsd">
	<sub-flow name="create-direct-debits-subflow"
		doc:id="5f9307de-5c80-4509-abc5-43ecfd7a83bc">
		<logger level="INFO" doc:name="Start Log" doc:id="18b08084-9dc1-462e-85d3-53e727be7827" message='#[vars.correlationId default "" ++ " flow started to create direct debits. - at : " ++ now()]' />
		<ee:transform doc:name="Setting the actual payload"
			doc:id="d9d0f3fa-cabd-4997-aa97-8a7f103b21fd">
			<ee:message />
			<ee:variables>
				<ee:set-variable variableName="inputPayload"><![CDATA[%dw 2.0
output application/json
var p = payload
---
{
    "sec_code": p.secCode default "",
    "entry_description": p.entryDescription default "",
    "requested_execution_date": p.requestedExecutionDate default "",
    "creditor": {
        "ach_company_id": p.creditor.achCompanyId default "",
        ("name": p.creditor.name  default "") if(! isBlank(p.creditor.name)),
        ("address": {
            "address_line_1": p.creditor.address.addressLine1,
          ("address_line_2": p.creditor.address.addressLine2  default "") if(! isBlank(p.creditor.address.addressLine2)),
            "city": p.creditor.address.city,
            "state": p.creditor.address.state,
            "postal_code": p.creditor.address.postalCode,
            "country_code": p.creditor.address.countryCode
        }) if(! isBlank(p.creditor.address.addressLine1))
    },
    "direct_debit": {
        ("end_to_end_id": p.directDebit.endToEndId  default "") if(! isBlank(p.directDebit.endToEndId)),
        ("trace_number": p.directDebit.traceNumber  default "") if(! isBlank(p.directDebit.traceNumber)),
        "is_prenote": p.directDebit.isPrenote default "",
        ("discretionary_data": p.directDebit.discretionaryData default "") if(! isBlank(p.directDebit.discretionaryData)),
        "payment": {
            "amount": p.directDebit.payment.amount default "",
            "currency": p.directDebit.payment.currency default ""
        },
        "debtor": {
            "name": p.directDebit.debtor.name default "",
            ("address": {
                "address_line_1": p.directDebit.debtor.address.addressLine1 default "",
                ("address_line_2": p.directDebit.debtor.address.addressLine2  default "") if(! isBlank(p.directDebit.debtor.address.addressLine2)),
                "city": p.directDebit.debtor.address.city default "",
                "state": p.directDebit.debtor.address.state default "",
                "postal_code": p.directDebit.debtor.address.postalCode default "",
                "country_code": p.directDebit.debtor.address.countryCode default ""
            }) if(! isBlank(p.directDebit.debtor.address.addressLine1)),
            "bank_account": {
                "account_type": p.directDebit.debtor.bankAccount.accountType,
                "currency": p.directDebit.debtor.bankAccount.currency,
                "country_code": p.directDebit.debtor.bankAccount.countryCode,
                "account_number_type": p.directDebit.debtor.bankAccount.accountNumberType,
                "account_number": p.directDebit.debtor.bankAccount.accountNumber,
                "routing_number_type": p.directDebit.debtor.bankAccount.routingNumberType,
                "routing_number": p.directDebit.debtor.bankAccount.routingNumber
            }
        },
        ("remittance_information": {
            ("unstructured_addenda": p.directDebit.remittanceInformation.unstructuredAddenda default "") if(! isBlank(p.directDebit.remittanceInformation.unstructuredAddenda[
                0
            ]))
        }) if((p.directDebit.remittanceInformation)!=null)
    }
}]]></ee:set-variable>
			</ee:variables>
		</ee:transform>
		<flow-ref doc:name="retrieve-token-subflow"
			doc:id="3900b51b-7da1-40ef-ac3b-62175b196dca"
			name="retrieve-token-subflow" />
		<flow-ref doc:name="request-to-create-direct-debits-subflow" doc:id="fd0c16dd-1b38-442e-8b70-1f7befa59ad2" name="request-to-create-direct-debits-subflow" />
		<ee:transform doc:name="Response"
			doc:id="1312df0e-01d1-42d7-9e98-0506b94e9a6d">
			<ee:message>
				<ee:set-payload><![CDATA[%dw 2.0
output application/json
---
{
    "paymentId": payload.payment_id,
    "status": payload.status,
    "statusAsOf": payload.status_as_of
}]]></ee:set-payload>
			</ee:message>
		</ee:transform>
		<logger level="INFO" doc:name="End Log" doc:id="ac7c3188-99af-4e33-9beb-68aafc7308f2" message='#[vars.correlationId default "" ++ " flow ended to create direct debits. - at : " ++ now()]' />
	</sub-flow>
	<sub-flow name="request-to-create-direct-debits-subflow"
		doc:id="c0eff158-afd6-4721-aef3-6c1083dd3429">
		<try doc:name="Try" doc:id="5f8bd22b-ed7f-49f3-95e1-5e7618a9deb1">
			<flow-ref doc:name="direct-debits-operation-subflow" doc:id="eb3d945a-95f0-4085-be88-8ed018d9dff8" name="direct-debits-operation-subflow" />
			<error-handler >
				<on-error-continue enableNotifications="true" logException="true" doc:name="On Error Continue" doc:id="3d737be0-91d1-4c2c-89ef-96b671541533" type="HTTP:CONNECTIVITY, HTTP:INTERNAL_SERVER_ERROR" >
					<until-successful maxRetries="${until-successful.maxRetries}" doc:name="Until Successful" doc:id="b9a55a17-97af-402c-82d7-1e5723be34d1" millisBetweenRetries="${until-successful.millisBetweenRetries}" >
						<logger level="INFO" doc:name="Start Log" doc:id="4511a8d5-4e66-4710-8a10-f99d96996b2a" message='#[vars.correlationId default "" ++ " Until Successful started to create direct debits. - at : " ++ now()]' />
						<flow-ref doc:name="direct-debits-operation-subflow" doc:id="a38747cc-721b-485c-9442-d8d7323b4a4b" name="direct-debits-operation-subflow" />
						<logger level="INFO" doc:name="End Log" doc:id="9c41945f-1bdc-43b4-a874-b8ab300c1e9d" message='#[vars.correlationId default "" ++ " Until Successful ended to create direct debits. - at : " ++ now()]' />
					
</until-successful>
				</on-error-continue>
			</error-handler>
		</try>
	</sub-flow>
	<sub-flow name="direct-debits-operation-subflow" doc:id="d8d85716-1fde-4ee7-855e-000b05f8031c">
		<http:request method="POST" doc:name="Request to create direct debits" doc:id="137ce6e3-56ea-45be-84df-9f0b052665e9" config-ref="ach-payments-request-configuration" path="${req.ach.directDebitsPath}">
				<http:body><![CDATA[#[vars.inputPayload]]]></http:body>
				<http:headers><![CDATA[#[vars.bearerToken]]]></http:headers>
			</http:request>
	</sub-flow>
</mule>