<?xml version="1.0" encoding="UTF-8"?>
<!-- [STUDIO:"get:\sites:sf-mecp-exp-api-config"]<?xml version="1.0" encoding="UTF-8"?> [STUDIO] -->
<mule xmlns="http://www.mulesoft.org/schema/mule/core" xmlns:apikit="http://www.mulesoft.org/schema/mule/mule-apikit" xmlns:doc="http://www.mulesoft.org/schema/mule/documentation" xmlns:ee="http://www.mulesoft.org/schema/mule/ee/core" xmlns:http="http://www.mulesoft.org/schema/mule/http" xmlns:xsi="http://www.w3.org/2001/XMLSchema-instance" xsi:schemaLocation="http://www.mulesoft.org/schema/mule/core http://www.mulesoft.org/schema/mule/core/current/mule.xsd http://www.mulesoft.org/schema/mule/http http://www.mulesoft.org/schema/mule/http/current/mule-http.xsd http://www.mulesoft.org/schema/mule/mule-apikit http://www.mulesoft.org/schema/mule/mule-apikit/current/mule-apikit.xsd http://www.mulesoft.org/schema/mule/ee/core http://www.mulesoft.org/schema/mule/ee/core/current/mule-ee.xsd ">
    <http:listener-config name="sf-mecp-exp-api-httpListenerConfig">
        <http:listener-connection host="0.0.0.0" port="8081" />
    </http:listener-config>
    <apikit:config name="sf-mecp-exp-api-config" api="resource::f0f75bd1-aa51-4653-943a-180bae7ae809:sf-mecp-exp-api:1.2.0:raml:zip:sf-mecp-exp-api.raml" outboundHeadersMapName="outboundHeaders" httpStatusVarName="httpStatus" />
    <flow name="sf-mecp-exp-api-main">
        <http:listener config-ref="sf-mecp-exp-api-httpListenerConfig" path="/*">
            <http:response statusCode="#[vars.httpStatus default 200]">
                <http:headers><![CDATA[#[vars.outboundHeaders default {}]]]></http:headers>
            </http:response>
            <http:error-response statusCode="#[vars.httpStatus default 500]">
                <http:body><![CDATA[#[payload]]]></http:body>
                <http:headers><![CDATA[#[vars.outboundHeaders default {}]]]></http:headers>
            </http:error-response>
        </http:listener>
        <set-variable value="#[attributes.headers.&quot;x-correlation-id&quot; default correlationId]" doc:name="Set Variable correlationId" doc:id="0145a5c4-70d5-408a-9125-300cfec9a1e1" variableName="correlationId" />
        <flow-ref doc:name="SettingRequiredHeaders" doc:id="f3a8d925-5fb6-4014-92a6-05e8c60687f0" name="SettingRequiredHeaders" />
        <apikit:router config-ref="sf-mecp-exp-api-config" />
        <error-handler>
            <on-error-propagate type="APIKIT:BAD_REQUEST">
                <ee:transform>
                    <ee:message>
                        <ee:set-payload><![CDATA[%dw 2.0
output application/json
---
{message: "Bad request"}]]></ee:set-payload>
                    </ee:message>
                    <ee:variables>
                        <ee:set-variable variableName="httpStatus">400</ee:set-variable>
                    </ee:variables>
                </ee:transform>
            </on-error-propagate>
            <on-error-propagate type="APIKIT:NOT_FOUND">
                <ee:transform>
                    <ee:message>
                        <ee:set-payload><![CDATA[%dw 2.0
output application/json
---
{message: "Resource not found"}]]></ee:set-payload>
                    </ee:message>
                    <ee:variables>
                        <ee:set-variable variableName="httpStatus">404</ee:set-variable>
                    </ee:variables>
                </ee:transform>
            </on-error-propagate>
            <on-error-propagate type="APIKIT:METHOD_NOT_ALLOWED">
                <ee:transform>
                    <ee:message>
                        <ee:set-payload><![CDATA[%dw 2.0
output application/json
---
{message: "Method not allowed"}]]></ee:set-payload>
                    </ee:message>
                    <ee:variables>
                        <ee:set-variable variableName="httpStatus">405</ee:set-variable>
                    </ee:variables>
                </ee:transform>
            </on-error-propagate>
            <on-error-propagate type="APIKIT:NOT_ACCEPTABLE">
                <ee:transform>
                    <ee:message>
                        <ee:set-payload><![CDATA[%dw 2.0
output application/json
---
{message: "Not acceptable"}]]></ee:set-payload>
                    </ee:message>
                    <ee:variables>
                        <ee:set-variable variableName="httpStatus">406</ee:set-variable>
                    </ee:variables>
                </ee:transform>
            </on-error-propagate>
            <on-error-propagate type="APIKIT:UNSUPPORTED_MEDIA_TYPE">
                <ee:transform>
                    <ee:message>
                        <ee:set-payload><![CDATA[%dw 2.0
output application/json
---
{message: "Unsupported media type"}]]></ee:set-payload>
                    </ee:message>
                    <ee:variables>
                        <ee:set-variable variableName="httpStatus">415</ee:set-variable>
                    </ee:variables>
                </ee:transform>
            </on-error-propagate>
            <on-error-propagate type="APIKIT:NOT_IMPLEMENTED">
                <ee:transform>
                    <ee:message>
                        <ee:set-payload><![CDATA[%dw 2.0
output application/json
---
{message: "Not Implemented"}]]></ee:set-payload>
                    </ee:message>
                    <ee:variables>
                        <ee:set-variable variableName="httpStatus">501</ee:set-variable>
                    </ee:variables>
                </ee:transform>
            </on-error-propagate>
        </error-handler>
    </flow>
    <flow name="sf-mecp-exp-api-console">
        <http:listener config-ref="sf-mecp-exp-api-httpListenerConfig" path="/console/*">
            <http:response statusCode="#[vars.httpStatus default 200]">
                <http:headers>#[vars.outboundHeaders default {}]</http:headers>
            </http:response>
            <http:error-response statusCode="#[vars.httpStatus default 500]">
                <http:body>#[payload]</http:body>
                <http:headers>#[vars.outboundHeaders default {}]</http:headers>
            </http:error-response>
        </http:listener>
        <apikit:console config-ref="sf-mecp-exp-api-config" />
        <error-handler>
            <on-error-propagate type="APIKIT:NOT_FOUND">
                <ee:transform>
                    <ee:message>
                        <ee:set-payload><![CDATA[%dw 2.0
output application/json
---
{message: "Resource not found"}]]></ee:set-payload>
                    </ee:message>
                    <ee:variables>
                        <ee:set-variable variableName="httpStatus">404</ee:set-variable>
                    </ee:variables>
                </ee:transform>
            </on-error-propagate>
        </error-handler>
    </flow>
    <!-- [STUDIO:"get:\sites:sf-mecp-exp-api-config"]        <flow name="get:\sites:sf-mecp-exp-api-config">
        <ee:transform>
            <ee:message>
                <ee:set-payload><![CDATA[%dw 2.0
output application/json
&#45;&#45;-
[
  {
    naics: "12345",
    siteFirstName: "User",
    siteLastName: "Data",
    siteTelephone: "5678987656",
    siteEmail: "hj@Mail.com",
    primaryCivicAddressBlock: {
      primaryCivicAddress: null,
      street: "123, Main Street",
      city: "Toronto",
      state: "Ontario",
      country: "Canada",
      postalCode: "H3H4G3"
    },
    isSpecialPolicyBlock: true,
    specialPolicyBlock: {
      specialFirstName: "CSA ",
      specialPolicyLastName: "User",
      specialPolicyEmail: "ub@mail.com",
      specialPolicyTelephone: "5678987652"
    }
  }
&#93;&#93;&#93;></ee:set-payload>
            </ee:message>
        </ee:transform>
    </flow> [STUDIO] -->
<!-- [STUDIO:"get:\doc:sf-mecp-exp-api-config"]    <flow name="get:\doc:sf-mecp-exp-api-config">
        <ee:transform doc:name="Transform Message">
            <ee:message>
                <ee:set-payload><![CDATA[%dw 2.0
output application/json
&#45;&#45;-
{
  docId: "abcd1234",
  fileName: "contract1",
  fileExtension: "pdf",
  attachmentComment: "Inserting via Mule APIs",
  appId: "069DM000001ILLpYAO",
  data: "SSBhbSBzYW1wbGUgZmlsZSBkYXRhIA==",
  size: "7155"
}&#93;&#93;></ee:set-payload>
            </ee:message>
        </ee:transform>
    </flow> [STUDIO] -->
	<flow name="post:\doc:application\json:sf-mecp-exp-api-config">
        <flow-ref doc:name="upload-Doc-Flow" doc:id="a15f93f7-5bd3-4ab1-8b03-093188a44b10" name="upload-Doc-Flow" />
    </flow>
	<flow name="get:\doc\(docId):sf-mecp-exp-api-config">
        <ee:transform>
            <ee:variables>
                <ee:set-variable variableName="docId">attributes.uriParams.'docId'</ee:set-variable>
            </ee:variables>
        </ee:transform>
        <flow-ref doc:name="Flow Reference fetch-file-by-fileIdFlow" doc:id="4967eddb-1986-44a9-9c0a-9fe6e78cf950" name="fetch-file-by-fileIdFlow" />
    </flow>
	<flow name="get:\doc\(docId)\info:sf-mecp-exp-api-config">
        <ee:transform doc:name="Transform Message">
            <ee:variables>
                <ee:set-variable variableName="docId">attributes.uriParams.'docId'</ee:set-variable>
            </ee:variables>
        </ee:transform>
		<flow-ref doc:name="fetch-fileInfo-by-fileIdFlow" doc:id="8a781b16-1da2-4457-b340-31a28d5c173e" name="fetch-fileInfo-by-fileIdFlow"/>
    </flow>
	<flow name="get:\folder\(folderId)\info:sf-mecp-exp-api-config">
        <ee:transform doc:name="Transform Message">
            <ee:variables>
                <ee:set-variable variableName="folderId">attributes.uriParams.'folderId'</ee:set-variable>
            </ee:variables>
        </ee:transform>
		<flow-ref doc:name="fetch-folderInfo-by-folderIdFlow" doc:id="291a50b5-5bbe-4d3f-ac55-4c69eab7453d" name="fetch-folderInfo-by-folderIdFlow"/>
    </flow>
	<flow name="post:\sites:application\json:sf-mecp-exp-api-config">
        <flow-ref doc:name="post-sitesFlow" doc:id="bbc2dc93-1571-4832-b0f7-a52501eb0700" name="post-sitesFlow" />
    </flow>
</mule>
