<?xml version='1.0' encoding='UTF-8'?>
<types:mule xmlns:types="http://www.mulesoft.org/schema/mule/types">
  <types:catalog>
    <types:type name="auto_1211a840-c00e-44a8-a88b-06d6a720c573_Output-Payload" format="java">
      <types:shape format="weave" example="weave/autogenerated/1211a840-c00e-44a8-a88b-06d6a720c573/Output-Payload.wev" autogeneratedOrigin="384a5fe3-0f4d-447b-a6a0-97d88a016c58"><![CDATA[%dw 2.0

type auto_1211a840_c00e_44a8_a88b_06d6a720c573_Output_Payload = Array<{ _?: java_lang_Object }>
type java_lang_Object = {|  |} {"typeAlias": "Object",
"class": "java.lang.Object",
"typeId": "java.lang.Object"}



]]></types:shape>
    </types:type>
    <types:type name="auto_1211a840-c00e-44a8-a88b-06d6a720c573_Output-Attributes" format="java">
      <types:shape format="weave" example="weave/autogenerated/1211a840-c00e-44a8-a88b-06d6a720c573/Output-Attributes.wev" autogeneratedOrigin="384a5fe3-0f4d-447b-a6a0-97d88a016c58"><![CDATA[%dw 2.0

type auto_1211a840_c00e_44a8_a88b_06d6a720c573_Output_Attributes = Null

]]></types:shape>
    </types:type>
    <types:type name="auto_90fd2547-f88d-46b0-b78f-cf03866b67bb_Input-Payload" format="java">
      <types:shape format="weave" example="weave/autogenerated/90fd2547-f88d-46b0-b78f-cf03866b67bb/Input-Payload.wev" autogeneratedOrigin="565be7ae-72d3-4f53-b993-d72f50912746"><![CDATA[%dw 2.0

type auto_90fd2547_f88d_46b0_b78f_cf03866b67bb_Input_Payload = Array<{ _?: java_lang_Object }>
type java_lang_Object = {|  |} {"typeAlias": "Object",
"class": "java.lang.Object",
"typeId": "java.lang.Object"}



]]></types:shape>
    </types:type>
    <types:type name="auto_90fd2547-f88d-46b0-b78f-cf03866b67bb_Input-Attributes" format="java">
      <types:shape format="weave" example="weave/autogenerated/90fd2547-f88d-46b0-b78f-cf03866b67bb/Input-Attributes.wev" autogeneratedOrigin="565be7ae-72d3-4f53-b993-d72f50912746"><![CDATA[%dw 2.0

type auto_90fd2547_f88d_46b0_b78f_cf03866b67bb_Input_Attributes = Null

]]></types:shape>
    </types:type>
    <types:type name="auto_90fd2547-f88d-46b0-b78f-cf03866b67bb_Output-Payload" format="java">
      <types:shape format="weave" example="weave/autogenerated/90fd2547-f88d-46b0-b78f-cf03866b67bb/Output-Payload.wev" autogeneratedOrigin="565be7ae-72d3-4f53-b993-d72f50912746"><![CDATA[%dw 2.0

type auto_90fd2547_f88d_46b0_b78f_cf03866b67bb_Output_Payload = Array<{ _?: java_lang_Object }>
type java_lang_Object = {|  |} {"typeAlias": "Object",
"class": "java.lang.Object",
"typeId": "java.lang.Object"}



]]></types:shape>
    </types:type>
    <types:type name="auto_90fd2547-f88d-46b0-b78f-cf03866b67bb_Output-Attributes" format="java">
      <types:shape format="weave" example="weave/autogenerated/90fd2547-f88d-46b0-b78f-cf03866b67bb/Output-Attributes.wev" autogeneratedOrigin="565be7ae-72d3-4f53-b993-d72f50912746"><![CDATA[%dw 2.0

type auto_90fd2547_f88d_46b0_b78f_cf03866b67bb_Output_Attributes = Null

]]></types:shape>
    </types:type>
    <types:type name="auto_c24eeed8-cff0-4811-adf0-cc7a3b41e4eb_Output-Payload" format="java">
      <types:shape format="weave" example="weave/autogenerated/c24eeed8-cff0-4811-adf0-cc7a3b41e4eb/Output-Payload.wev" autogeneratedOrigin="26170a18-d780-439f-b40a-b1f27a7e60d9"><![CDATA[%dw 2.0

type auto_c24eeed8_cff0_4811_adf0_cc7a3b41e4eb_Output_Payload = Array<{ _?: java_lang_Object }>
type java_lang_Object = {|  |} {"typeAlias": "Object",
"class": "java.lang.Object",
"typeId": "java.lang.Object"}



]]></types:shape>
    </types:type>
    <types:type name="auto_c24eeed8-cff0-4811-adf0-cc7a3b41e4eb_Output-Attributes" format="java">
      <types:shape format="weave" example="weave/autogenerated/c24eeed8-cff0-4811-adf0-cc7a3b41e4eb/Output-Attributes.wev" autogeneratedOrigin="26170a18-d780-439f-b40a-b1f27a7e60d9"><![CDATA[%dw 2.0

type auto_c24eeed8_cff0_4811_adf0_cc7a3b41e4eb_Output_Attributes = Null

]]></types:shape>
    </types:type>
    <types:type name="auto_45877368-1dfd-4305-ab1f-1e5205eabb55_Input-Attributes" format="java">
      <types:shape format="weave" example="weave/autogenerated/45877368-1dfd-4305-ab1f-1e5205eabb55/Input-Attributes.wev" autogeneratedOrigin="8e439acd-5372-4381-aac0-408fe5f3d591"><![CDATA[%dw 2.0

type auto_45877368_1dfd_4305_ab1f_1e5205eabb55_Input_Attributes = Null

]]></types:shape>
    </types:type>
    <types:type name="auto_45877368-1dfd-4305-ab1f-1e5205eabb55_Output-Payload" format="java">
      <types:shape format="weave" example="weave/autogenerated/45877368-1dfd-4305-ab1f-1e5205eabb55/Output-Payload.wev" autogeneratedOrigin="8e439acd-5372-4381-aac0-408fe5f3d591"><![CDATA[%dw 2.0

type auto_45877368_1dfd_4305_ab1f_1e5205eabb55_Output_Payload = Array<{ _?: java_lang_Object }>
type java_lang_Object = {|  |} {"typeAlias": "Object",
"class": "java.lang.Object",
"typeId": "java.lang.Object"}



]]></types:shape>
    </types:type>
    <types:type name="auto_45877368-1dfd-4305-ab1f-1e5205eabb55_Output-Attributes" format="java">
      <types:shape format="weave" example="weave/autogenerated/45877368-1dfd-4305-ab1f-1e5205eabb55/Output-Attributes.wev" autogeneratedOrigin="8e439acd-5372-4381-aac0-408fe5f3d591"><![CDATA[%dw 2.0

type auto_45877368_1dfd_4305_ab1f_1e5205eabb55_Output_Attributes = Null

]]></types:shape>
    </types:type>
    <types:type name="auto_37fb2d59-103f-4e0c-bfd5-124d92aec714_Input-Payload" format="java">
      <types:shape format="weave" example="weave/autogenerated/37fb2d59-103f-4e0c-bfd5-124d92aec714/Input-Payload.wev" autogeneratedOrigin="62d80762-8ab5-498b-89b5-3ebf9bc11681"><![CDATA[%dw 2.0

type auto_37fb2d59_103f_4e0c_bfd5_124d92aec714_Input_Payload = Any

]]></types:shape>
    </types:type>
    <types:type name="auto_37fb2d59-103f-4e0c-bfd5-124d92aec714_Input-Attributes" format="java">
      <types:shape format="weave" example="weave/autogenerated/37fb2d59-103f-4e0c-bfd5-124d92aec714/Input-Attributes.wev" autogeneratedOrigin="62d80762-8ab5-498b-89b5-3ebf9bc11681"><![CDATA[%dw 2.0

type auto_37fb2d59_103f_4e0c_bfd5_124d92aec714_Input_Attributes = {|
  clientCertificate?: {|
    publicKey?: {|  |}, 
    "type"?: String, 
    encoded?: Binary
  |}, 
  headers: {|
    "x-correlation-id": String, 
    client_id: String, 
    client_secret: String
  |}, 
  listenerPath: String, 
  method: String, 
  queryParams: {| date: String |}, 
  queryString: String, 
  relativePath: String, 
  remoteAddress: String, 
  requestPath: String, 
  requestUri: String, 
  scheme: String, 
  uriParams: {|  |}, 
  version: String, 
  localAddress: String
|}

]]></types:shape>
    </types:type>
    <types:type name="auto_37fb2d59-103f-4e0c-bfd5-124d92aec714_Input-Variables-outboundHeaders" format="java">
      <types:shape format="weave" example="weave/autogenerated/37fb2d59-103f-4e0c-bfd5-124d92aec714/Input-Variables-outboundHeaders.wev" autogeneratedOrigin="62d80762-8ab5-498b-89b5-3ebf9bc11681"><![CDATA[%dw 2.0

type auto_37fb2d59_103f_4e0c_bfd5_124d92aec714_Input_Variables_outboundHeaders = {|  |}

]]></types:shape>
    </types:type>
    <types:type name="auto_37fb2d59-103f-4e0c-bfd5-124d92aec714_Input-Variables-httpStatus" format="java">
      <types:shape format="raml" autogeneratedOrigin="62d80762-8ab5-498b-89b5-3ebf9bc11681"><![CDATA[#%RAML 1.0 DataType
type: string]]></types:shape>
    </types:type>
    <types:type name="auto_37fb2d59-103f-4e0c-bfd5-124d92aec714_Output-Payload" format="json">
      <types:shape format="weave" example="weave/autogenerated/37fb2d59-103f-4e0c-bfd5-124d92aec714/Output-Payload.wev" autogeneratedOrigin="62d80762-8ab5-498b-89b5-3ebf9bc11681"><![CDATA[%dw 2.0

type auto_37fb2d59_103f_4e0c_bfd5_124d92aec714_Output_Payload = String

]]></types:shape>
    </types:type>
    <types:type name="auto_37fb2d59-103f-4e0c-bfd5-124d92aec714_Output-Attributes" format="java">
      <types:shape format="weave" example="weave/autogenerated/37fb2d59-103f-4e0c-bfd5-124d92aec714/Output-Attributes.wev" autogeneratedOrigin="62d80762-8ab5-498b-89b5-3ebf9bc11681"><![CDATA[%dw 2.0

type auto_37fb2d59_103f_4e0c_bfd5_124d92aec714_Output_Attributes = Null

]]></types:shape>
    </types:type>
    <types:type name="auto_37fb2d59-103f-4e0c-bfd5-124d92aec714_Output-Variables-temp" format="java">
      <types:shape format="weave" example="weave/autogenerated/37fb2d59-103f-4e0c-bfd5-124d92aec714/Output-Variables-temp.wev" autogeneratedOrigin="62d80762-8ab5-498b-89b5-3ebf9bc11681"><![CDATA[%dw 2.0

type auto_37fb2d59_103f_4e0c_bfd5_124d92aec714_Output_Variables_temp = Any

]]></types:shape>
    </types:type>
    <types:type name="auto_37fb2d59-103f-4e0c-bfd5-124d92aec714_Output-Variables-sfId" format="java">
      <types:shape format="weave" example="weave/autogenerated/37fb2d59-103f-4e0c-bfd5-124d92aec714/Output-Variables-sfId.wev" autogeneratedOrigin="62d80762-8ab5-498b-89b5-3ebf9bc11681"><![CDATA[%dw 2.0

type auto_37fb2d59_103f_4e0c_bfd5_124d92aec714_Output_Variables_sfId = Array<java_lang_Object>
type java_lang_Object = {|  |} {"typeAlias": "Object",
"class": "java.lang.Object",
"typeId": "java.lang.Object"}



]]></types:shape>
    </types:type>
    <types:type name="auto_37fb2d59-103f-4e0c-bfd5-124d92aec714_Output-Variables-outboundHeaders" format="java">
      <types:shape format="weave" example="weave/autogenerated/37fb2d59-103f-4e0c-bfd5-124d92aec714/Output-Variables-outboundHeaders.wev" autogeneratedOrigin="62d80762-8ab5-498b-89b5-3ebf9bc11681"><![CDATA[%dw 2.0

type auto_37fb2d59_103f_4e0c_bfd5_124d92aec714_Output_Variables_outboundHeaders = {|  |}

]]></types:shape>
    </types:type>
    <types:type name="auto_37fb2d59-103f-4e0c-bfd5-124d92aec714_Output-Variables-httpStatus" format="java">
      <types:shape format="raml" autogeneratedOrigin="62d80762-8ab5-498b-89b5-3ebf9bc11681"><![CDATA[#%RAML 1.0 DataType
type: string]]></types:shape>
    </types:type>
    <types:type name="auto_ba924a0d-b758-469d-bfa6-cc377749c8be_Input-Payload" format="java">
      <types:shape format="weave" example="weave/autogenerated/ba924a0d-b758-469d-bfa6-cc377749c8be/Input-Payload.wev" autogeneratedOrigin="a69dba83-0456-41e0-b096-fb2b77c45d94"><![CDATA[%dw 2.0

type auto_ba924a0d_b758_469d_bfa6_cc377749c8be_Input_Payload = Any

]]></types:shape>
    </types:type>
    <types:type name="auto_ba924a0d-b758-469d-bfa6-cc377749c8be_Input-Attributes" format="java">
      <types:shape format="weave" example="weave/autogenerated/ba924a0d-b758-469d-bfa6-cc377749c8be/Input-Attributes.wev" autogeneratedOrigin="a69dba83-0456-41e0-b096-fb2b77c45d94"><![CDATA[%dw 2.0

type auto_ba924a0d_b758_469d_bfa6_cc377749c8be_Input_Attributes = {|
  clientCertificate?: {|
    publicKey?: {|  |}, 
    "type"?: String, 
    encoded?: Binary
  |}, 
  headers: {|
    "x-correlation-id": String, 
    client_id: String, 
    client_secret: String
  |}, 
  listenerPath: String, 
  method: String, 
  queryParams: {| date: String |}, 
  queryString: String, 
  relativePath: String, 
  remoteAddress: String, 
  requestPath: String, 
  requestUri: String, 
  scheme: String, 
  uriParams: {|  |}, 
  version: String, 
  localAddress: String
|}

]]></types:shape>
    </types:type>
    <types:type name="auto_ba924a0d-b758-469d-bfa6-cc377749c8be_Input-Variables-outboundHeaders" format="java">
      <types:shape format="weave" example="weave/autogenerated/ba924a0d-b758-469d-bfa6-cc377749c8be/Input-Variables-outboundHeaders.wev" autogeneratedOrigin="a69dba83-0456-41e0-b096-fb2b77c45d94"><![CDATA[%dw 2.0

type auto_ba924a0d_b758_469d_bfa6_cc377749c8be_Input_Variables_outboundHeaders = {|  |}

]]></types:shape>
    </types:type>
    <types:type name="auto_ba924a0d-b758-469d-bfa6-cc377749c8be_Input-Variables-httpStatus" format="java">
      <types:shape format="raml" autogeneratedOrigin="a69dba83-0456-41e0-b096-fb2b77c45d94"><![CDATA[#%RAML 1.0 DataType
type: string]]></types:shape>
    </types:type>
    <types:type name="auto_ba924a0d-b758-469d-bfa6-cc377749c8be_Output-Payload" format="java">
      <types:shape format="weave" example="weave/autogenerated/ba924a0d-b758-469d-bfa6-cc377749c8be/Output-Payload.wev" autogeneratedOrigin="a69dba83-0456-41e0-b096-fb2b77c45d94"><![CDATA[%dw 2.0

type auto_ba924a0d_b758_469d_bfa6_cc377749c8be_Output_Payload = Any

]]></types:shape>
    </types:type>
    <types:type name="auto_ba924a0d-b758-469d-bfa6-cc377749c8be_Output-Attributes" format="java">
      <types:shape format="weave" example="weave/autogenerated/ba924a0d-b758-469d-bfa6-cc377749c8be/Output-Attributes.wev" autogeneratedOrigin="a69dba83-0456-41e0-b096-fb2b77c45d94"><![CDATA[%dw 2.0

type auto_ba924a0d_b758_469d_bfa6_cc377749c8be_Output_Attributes = Null

]]></types:shape>
    </types:type>
    <types:type name="auto_ba924a0d-b758-469d-bfa6-cc377749c8be_Output-Variables-outboundHeaders" format="java">
      <types:shape format="weave" example="weave/autogenerated/ba924a0d-b758-469d-bfa6-cc377749c8be/Output-Variables-outboundHeaders.wev" autogeneratedOrigin="a69dba83-0456-41e0-b096-fb2b77c45d94"><![CDATA[%dw 2.0

type auto_ba924a0d_b758_469d_bfa6_cc377749c8be_Output_Variables_outboundHeaders = {|  |}

]]></types:shape>
    </types:type>
    <types:type name="auto_ba924a0d-b758-469d-bfa6-cc377749c8be_Output-Variables-temp" format="java">
      <types:shape format="weave" example="weave/autogenerated/ba924a0d-b758-469d-bfa6-cc377749c8be/Output-Variables-temp.wev" autogeneratedOrigin="a69dba83-0456-41e0-b096-fb2b77c45d94"><![CDATA[%dw 2.0

type auto_ba924a0d_b758_469d_bfa6_cc377749c8be_Output_Variables_temp = Any

]]></types:shape>
    </types:type>
    <types:type name="auto_ba924a0d-b758-469d-bfa6-cc377749c8be_Output-Variables-httpStatus" format="java">
      <types:shape format="raml" autogeneratedOrigin="a69dba83-0456-41e0-b096-fb2b77c45d94"><![CDATA[#%RAML 1.0 DataType
type: string]]></types:shape>
    </types:type>
    <types:type name="auto_ba924a0d-b758-469d-bfa6-cc377749c8be_Output-Variables-sfId" format="java">
      <types:shape format="weave" example="weave/autogenerated/ba924a0d-b758-469d-bfa6-cc377749c8be/Output-Variables-sfId.wev" autogeneratedOrigin="a69dba83-0456-41e0-b096-fb2b77c45d94"><![CDATA[%dw 2.0

type auto_ba924a0d_b758_469d_bfa6_cc377749c8be_Output_Variables_sfId = Array<java_lang_Object>
type java_lang_Object = {|  |} {"typeAlias": "Object",
"class": "java.lang.Object",
"typeId": "java.lang.Object"}



]]></types:shape>
    </types:type>
    <types:type name="auto_ad6af612-cc48-477a-b4fb-76e95e441cb1_Output-Payload" format="java">
      <types:shape format="weave" example="weave/autogenerated/ad6af612-cc48-477a-b4fb-76e95e441cb1/Output-Payload.wev" autogeneratedOrigin="a27c572d-2417-45ab-b1b7-ca99b0e97ce4"><![CDATA[%dw 2.0

type auto_ad6af612_cc48_477a_b4fb_76e95e441cb1_Output_Payload = Array<ContentVersion>
type ContentVersion = {| Id?: String {"typeId": "Id"} |} {"label": "Content Version",
"typeId": "ContentVersion"}



]]></types:shape>
    </types:type>
    <types:type name="auto_ad6af612-cc48-477a-b4fb-76e95e441cb1_Output-Attributes" format="java">
      <types:shape format="weave" example="weave/autogenerated/ad6af612-cc48-477a-b4fb-76e95e441cb1/Output-Attributes.wev" autogeneratedOrigin="a27c572d-2417-45ab-b1b7-ca99b0e97ce4"><![CDATA[%dw 2.0

type auto_ad6af612_cc48_477a_b4fb_76e95e441cb1_Output_Attributes = Null

]]></types:shape>
    </types:type>
    <types:type name="auto_3ad2f0a3-78e9-4663-8b2d-7084e22adbf1_Output-Payload" format="java">
      <types:shape format="weave" example="weave/autogenerated/3ad2f0a3-78e9-4663-8b2d-7084e22adbf1/Output-Payload.wev" autogeneratedOrigin="4ff8a422-b555-442f-83ca-9e1c3169a054"><![CDATA[%dw 2.0

type auto_3ad2f0a3_78e9_4663_8b2d_7084e22adbf1_Output_Payload = Array<ContentVersion>
type ContentVersion = {| Id?: String {"typeId": "Id"} |} {"label": "Content Version",
"typeId": "ContentVersion"}



]]></types:shape>
    </types:type>
    <types:type name="auto_3ad2f0a3-78e9-4663-8b2d-7084e22adbf1_Output-Attributes" format="java">
      <types:shape format="weave" example="weave/autogenerated/3ad2f0a3-78e9-4663-8b2d-7084e22adbf1/Output-Attributes.wev" autogeneratedOrigin="4ff8a422-b555-442f-83ca-9e1c3169a054"><![CDATA[%dw 2.0

type auto_3ad2f0a3_78e9_4663_8b2d_7084e22adbf1_Output_Attributes = Null

]]></types:shape>
    </types:type>
    <types:type name="auto_0709af21-83db-4d59-ab3f-c455f05b7a78_Input-Payload" format="java">
      <types:shape format="weave" example="weave/autogenerated/0709af21-83db-4d59-ab3f-c455f05b7a78/Input-Payload.wev" autogeneratedOrigin="00c18e71-2ed8-48eb-8c31-e7b27633731a"><![CDATA[%dw 2.0

type auto_0709af21_83db_4d59_ab3f_c455f05b7a78_Input_Payload = Any

]]></types:shape>
    </types:type>
    <types:type name="auto_0709af21-83db-4d59-ab3f-c455f05b7a78_Input-Attributes" format="java">
      <types:shape format="weave" example="weave/autogenerated/0709af21-83db-4d59-ab3f-c455f05b7a78/Input-Attributes.wev" autogeneratedOrigin="00c18e71-2ed8-48eb-8c31-e7b27633731a"><![CDATA[%dw 2.0

type auto_0709af21_83db_4d59_ab3f_c455f05b7a78_Input_Attributes = {|
  clientCertificate?: {|
    publicKey?: {|  |}, 
    "type"?: String, 
    encoded?: Binary
  |}, 
  headers: {|
    "x-correlation-id": String, 
    client_id: String, 
    client_secret: String
  |}, 
  listenerPath: String, 
  method: String, 
  queryParams: {| date: String |}, 
  queryString: String, 
  relativePath: String, 
  remoteAddress: String, 
  requestPath: String, 
  requestUri: String, 
  scheme: String, 
  uriParams: {|  |}, 
  version: String, 
  localAddress: String
|}

]]></types:shape>
    </types:type>
    <types:type name="auto_0709af21-83db-4d59-ab3f-c455f05b7a78_Input-Variables-outboundHeaders" format="java">
      <types:shape format="weave" example="weave/autogenerated/0709af21-83db-4d59-ab3f-c455f05b7a78/Input-Variables-outboundHeaders.wev" autogeneratedOrigin="00c18e71-2ed8-48eb-8c31-e7b27633731a"><![CDATA[%dw 2.0

type auto_0709af21_83db_4d59_ab3f_c455f05b7a78_Input_Variables_outboundHeaders = {|  |}

]]></types:shape>
    </types:type>
    <types:type name="auto_0709af21-83db-4d59-ab3f-c455f05b7a78_Input-Variables-httpStatus" format="java">
      <types:shape format="raml" autogeneratedOrigin="00c18e71-2ed8-48eb-8c31-e7b27633731a"><![CDATA[#%RAML 1.0 DataType
type: string]]></types:shape>
    </types:type>
    <types:type name="auto_0709af21-83db-4d59-ab3f-c455f05b7a78_Input-Variables-temp" format="java">
      <types:shape format="weave" example="weave/autogenerated/0709af21-83db-4d59-ab3f-c455f05b7a78/Input-Variables-temp.wev" autogeneratedOrigin="3828ae45-30e6-4e0e-ab13-b0c5f443b54f"><![CDATA[%dw 2.0

type auto_0709af21_83db_4d59_ab3f_c455f05b7a78_Input_Variables_temp = Any

]]></types:shape>
    </types:type>
    <types:type name="auto_0709af21-83db-4d59-ab3f-c455f05b7a78_Input-Variables-sfId" format="java">
      <types:shape format="weave" example="weave/autogenerated/0709af21-83db-4d59-ab3f-c455f05b7a78/Input-Variables-sfId.wev" autogeneratedOrigin="3828ae45-30e6-4e0e-ab13-b0c5f443b54f"><![CDATA[%dw 2.0

type auto_0709af21_83db_4d59_ab3f_c455f05b7a78_Input_Variables_sfId = Array<java_lang_Object>
type java_lang_Object = {|  |} {"typeAlias": "Object",
"class": "java.lang.Object",
"typeId": "java.lang.Object"}



]]></types:shape>
    </types:type>
    <types:type name="auto_0709af21-83db-4d59-ab3f-c455f05b7a78_Output-Payload" format="java">
      <types:shape format="weave" example="weave/autogenerated/0709af21-83db-4d59-ab3f-c455f05b7a78/Output-Payload.wev" autogeneratedOrigin="3828ae45-30e6-4e0e-ab13-b0c5f443b54f"><![CDATA[%dw 2.0

type auto_0709af21_83db_4d59_ab3f_c455f05b7a78_Output_Payload = Any

]]></types:shape>
    </types:type>
    <types:type name="auto_0709af21-83db-4d59-ab3f-c455f05b7a78_Output-Attributes" format="java">
      <types:shape format="weave" example="weave/autogenerated/0709af21-83db-4d59-ab3f-c455f05b7a78/Output-Attributes.wev" autogeneratedOrigin="00c18e71-2ed8-48eb-8c31-e7b27633731a"><![CDATA[%dw 2.0

type auto_0709af21_83db_4d59_ab3f_c455f05b7a78_Output_Attributes = Null

]]></types:shape>
    </types:type>
    <types:type name="auto_0709af21-83db-4d59-ab3f-c455f05b7a78_Output-Variables-outboundHeaders" format="java">
      <types:shape format="weave" example="weave/autogenerated/0709af21-83db-4d59-ab3f-c455f05b7a78/Output-Variables-outboundHeaders.wev" autogeneratedOrigin="00c18e71-2ed8-48eb-8c31-e7b27633731a"><![CDATA[%dw 2.0

type auto_0709af21_83db_4d59_ab3f_c455f05b7a78_Output_Variables_outboundHeaders = {|  |}

]]></types:shape>
    </types:type>
    <types:type name="auto_0709af21-83db-4d59-ab3f-c455f05b7a78_Output-Variables-httpStatus" format="java">
      <types:shape format="raml" autogeneratedOrigin="00c18e71-2ed8-48eb-8c31-e7b27633731a"><![CDATA[#%RAML 1.0 DataType
type: string]]></types:shape>
    </types:type>
    <types:type name="auto_0709af21-83db-4d59-ab3f-c455f05b7a78_Output-Variables-temp" format="java">
      <types:shape format="weave" example="weave/autogenerated/0709af21-83db-4d59-ab3f-c455f05b7a78/Output-Variables-temp.wev" autogeneratedOrigin="00c18e71-2ed8-48eb-8c31-e7b27633731a"><![CDATA[%dw 2.0

type auto_0709af21_83db_4d59_ab3f_c455f05b7a78_Output_Variables_temp = Any

]]></types:shape>
    </types:type>
    <types:type name="auto_0709af21-83db-4d59-ab3f-c455f05b7a78_Output-Variables-sfId" format="java">
      <types:shape format="weave" example="weave/autogenerated/0709af21-83db-4d59-ab3f-c455f05b7a78/Output-Variables-sfId.wev" autogeneratedOrigin="3828ae45-30e6-4e0e-ab13-b0c5f443b54f"><![CDATA[%dw 2.0

type auto_0709af21_83db_4d59_ab3f_c455f05b7a78_Output_Variables_sfId = Array<java_lang_Object>
type java_lang_Object = {|  |} {"typeAlias": "Object",
"class": "java.lang.Object",
"typeId": "java.lang.Object"}



]]></types:shape>
    </types:type>
    <types:type name="auto_f58e1078-7bdb-42d9-a409-6bee3f7246f8_Output-Payload" format="java">
      <types:shape format="weave" example="weave/autogenerated/f58e1078-7bdb-42d9-a409-6bee3f7246f8/Output-Payload.wev" autogeneratedOrigin="841761f4-a010-4248-b279-3d90693ab6e7"><![CDATA[%dw 2.0

type auto_f58e1078_7bdb_42d9_a409_6bee3f7246f8_Output_Payload = Any

]]></types:shape>
    </types:type>
    <types:type name="auto_f58e1078-7bdb-42d9-a409-6bee3f7246f8_Output-Attributes" format="java">
      <types:shape format="weave" example="weave/autogenerated/f58e1078-7bdb-42d9-a409-6bee3f7246f8/Output-Attributes.wev" autogeneratedOrigin="841761f4-a010-4248-b279-3d90693ab6e7"><![CDATA[%dw 2.0

type auto_f58e1078_7bdb_42d9_a409_6bee3f7246f8_Output_Attributes = Null

]]></types:shape>
    </types:type>
    <types:type name="auto_f58e1078-7bdb-42d9-a409-6bee3f7246f8_Output-Variables-outboundHeaders" format="java">
      <types:shape format="weave" example="weave/autogenerated/f58e1078-7bdb-42d9-a409-6bee3f7246f8/Output-Variables-outboundHeaders.wev" autogeneratedOrigin="841761f4-a010-4248-b279-3d90693ab6e7"><![CDATA[%dw 2.0

type auto_f58e1078_7bdb_42d9_a409_6bee3f7246f8_Output_Variables_outboundHeaders = {|  |}

]]></types:shape>
    </types:type>
    <types:type name="auto_f58e1078-7bdb-42d9-a409-6bee3f7246f8_Output-Variables-temp" format="java">
      <types:shape format="weave" example="weave/autogenerated/f58e1078-7bdb-42d9-a409-6bee3f7246f8/Output-Variables-temp.wev" autogeneratedOrigin="841761f4-a010-4248-b279-3d90693ab6e7"><![CDATA[%dw 2.0

type auto_f58e1078_7bdb_42d9_a409_6bee3f7246f8_Output_Variables_temp = Any

]]></types:shape>
    </types:type>
    <types:type name="auto_f58e1078-7bdb-42d9-a409-6bee3f7246f8_Output-Variables-httpStatus" format="java">
      <types:shape format="raml" autogeneratedOrigin="841761f4-a010-4248-b279-3d90693ab6e7"><![CDATA[#%RAML 1.0 DataType
type: string]]></types:shape>
    </types:type>
    <types:type name="auto_f58e1078-7bdb-42d9-a409-6bee3f7246f8_Output-Variables-sfId" format="java">
      <types:shape format="weave" example="weave/autogenerated/f58e1078-7bdb-42d9-a409-6bee3f7246f8/Output-Variables-sfId.wev" autogeneratedOrigin="841761f4-a010-4248-b279-3d90693ab6e7"><![CDATA[%dw 2.0

type auto_f58e1078_7bdb_42d9_a409_6bee3f7246f8_Output_Variables_sfId = Array<java_lang_Object>
type java_lang_Object = {|  |} {"typeAlias": "Object",
"class": "java.lang.Object",
"typeId": "java.lang.Object"}



]]></types:shape>
    </types:type>
    <types:type name="auto_d7b848da-fd16-4118-b240-bacd0cb28ced_Input-Payload" format="java">
      <types:shape format="weave" example="weave/autogenerated/d7b848da-fd16-4118-b240-bacd0cb28ced/Input-Payload.wev" autogeneratedOrigin="4d54a8b8-d245-496b-a684-40f464580af2"><![CDATA[%dw 2.0

type auto_d7b848da_fd16_4118_b240_bacd0cb28ced_Input_Payload = Any

]]></types:shape>
    </types:type>
    <types:type name="auto_d7b848da-fd16-4118-b240-bacd0cb28ced_Output-Payload" format="java">
      <types:shape format="weave" example="weave/autogenerated/d7b848da-fd16-4118-b240-bacd0cb28ced/Output-Payload.wev" autogeneratedOrigin="4d54a8b8-d245-496b-a684-40f464580af2"><![CDATA[%dw 2.0

type auto_d7b848da_fd16_4118_b240_bacd0cb28ced_Output_Payload = Any

]]></types:shape>
    </types:type>
    <types:type name="auto_d7b848da-fd16-4118-b240-bacd0cb28ced_Output-Attributes" format="java">
      <types:shape format="weave" example="weave/autogenerated/d7b848da-fd16-4118-b240-bacd0cb28ced/Output-Attributes.wev" autogeneratedOrigin="4d54a8b8-d245-496b-a684-40f464580af2"><![CDATA[%dw 2.0

type auto_d7b848da_fd16_4118_b240_bacd0cb28ced_Output_Attributes = Null

]]></types:shape>
    </types:type>
    <types:type name="auto_d7b848da-fd16-4118-b240-bacd0cb28ced_Output-Variables-outboundHeaders" format="java">
      <types:shape format="weave" example="weave/autogenerated/d7b848da-fd16-4118-b240-bacd0cb28ced/Output-Variables-outboundHeaders.wev" autogeneratedOrigin="4d54a8b8-d245-496b-a684-40f464580af2"><![CDATA[%dw 2.0

type auto_d7b848da_fd16_4118_b240_bacd0cb28ced_Output_Variables_outboundHeaders = {|  |}

]]></types:shape>
    </types:type>
    <types:type name="auto_d7b848da-fd16-4118-b240-bacd0cb28ced_Output-Variables-temp" format="java">
      <types:shape format="weave" example="weave/autogenerated/d7b848da-fd16-4118-b240-bacd0cb28ced/Output-Variables-temp.wev" autogeneratedOrigin="4d54a8b8-d245-496b-a684-40f464580af2"><![CDATA[%dw 2.0

type auto_d7b848da_fd16_4118_b240_bacd0cb28ced_Output_Variables_temp = Any

]]></types:shape>
    </types:type>
    <types:type name="auto_d7b848da-fd16-4118-b240-bacd0cb28ced_Output-Variables-httpStatus" format="java">
      <types:shape format="raml" autogeneratedOrigin="4d54a8b8-d245-496b-a684-40f464580af2"><![CDATA[#%RAML 1.0 DataType
type: string]]></types:shape>
    </types:type>
    <types:type name="auto_d7b848da-fd16-4118-b240-bacd0cb28ced_Output-Variables-sfId" format="java">
      <types:shape format="weave" example="weave/autogenerated/d7b848da-fd16-4118-b240-bacd0cb28ced/Output-Variables-sfId.wev" autogeneratedOrigin="4d54a8b8-d245-496b-a684-40f464580af2"><![CDATA[%dw 2.0

type auto_d7b848da_fd16_4118_b240_bacd0cb28ced_Output_Variables_sfId = Array<java_lang_Object>
type java_lang_Object = {|  |} {"typeAlias": "Object",
"class": "java.lang.Object",
"typeId": "java.lang.Object"}



]]></types:shape>
    </types:type>
    <types:type name="auto_bb8cb208-400f-4ecf-af8b-b348529bdac5_Input-Payload" format="java">
      <types:shape format="weave" example="weave/autogenerated/bb8cb208-400f-4ecf-af8b-b348529bdac5/Input-Payload.wev" autogeneratedOrigin="9a4c11d4-b82a-4955-ad6d-3353376e58d4"><![CDATA[%dw 2.0

type auto_bb8cb208_400f_4ecf_af8b_b348529bdac5_Input_Payload = Any

]]></types:shape>
    </types:type>
    <types:type name="auto_bb8cb208-400f-4ecf-af8b-b348529bdac5_Input-Variables-outboundHeaders" format="java">
      <types:shape format="weave" example="weave/autogenerated/bb8cb208-400f-4ecf-af8b-b348529bdac5/Input-Variables-outboundHeaders.wev" autogeneratedOrigin="9a4c11d4-b82a-4955-ad6d-3353376e58d4"><![CDATA[%dw 2.0

type auto_bb8cb208_400f_4ecf_af8b_b348529bdac5_Input_Variables_outboundHeaders = {|  |}

]]></types:shape>
    </types:type>
    <types:type name="auto_bb8cb208-400f-4ecf-af8b-b348529bdac5_Input-Variables-temp" format="java">
      <types:shape format="weave" example="weave/autogenerated/bb8cb208-400f-4ecf-af8b-b348529bdac5/Input-Variables-temp.wev" autogeneratedOrigin="9a4c11d4-b82a-4955-ad6d-3353376e58d4"><![CDATA[%dw 2.0

type auto_bb8cb208_400f_4ecf_af8b_b348529bdac5_Input_Variables_temp = Any

]]></types:shape>
    </types:type>
    <types:type name="auto_bb8cb208-400f-4ecf-af8b-b348529bdac5_Input-Variables-httpStatus" format="java">
      <types:shape format="raml" autogeneratedOrigin="9a4c11d4-b82a-4955-ad6d-3353376e58d4"><![CDATA[#%RAML 1.0 DataType
type: string]]></types:shape>
    </types:type>
    <types:type name="auto_bb8cb208-400f-4ecf-af8b-b348529bdac5_Input-Variables-sfId" format="java">
      <types:shape format="weave" example="weave/autogenerated/bb8cb208-400f-4ecf-af8b-b348529bdac5/Input-Variables-sfId.wev" autogeneratedOrigin="9a4c11d4-b82a-4955-ad6d-3353376e58d4"><![CDATA[%dw 2.0

type auto_bb8cb208_400f_4ecf_af8b_b348529bdac5_Input_Variables_sfId = Array<java_lang_Object>
type java_lang_Object = {|  |} {"typeAlias": "Object",
"class": "java.lang.Object",
"typeId": "java.lang.Object"}



]]></types:shape>
    </types:type>
    <types:type name="auto_bb8cb208-400f-4ecf-af8b-b348529bdac5_Output-Payload" format="java">
      <types:shape format="weave" example="weave/autogenerated/bb8cb208-400f-4ecf-af8b-b348529bdac5/Output-Payload.wev" autogeneratedOrigin="9a4c11d4-b82a-4955-ad6d-3353376e58d4"><![CDATA[%dw 2.0

type auto_bb8cb208_400f_4ecf_af8b_b348529bdac5_Output_Payload = Any

]]></types:shape>
    </types:type>
    <types:type name="auto_bb8cb208-400f-4ecf-af8b-b348529bdac5_Output-Attributes" format="java">
      <types:shape format="weave" example="weave/autogenerated/bb8cb208-400f-4ecf-af8b-b348529bdac5/Output-Attributes.wev" autogeneratedOrigin="9a4c11d4-b82a-4955-ad6d-3353376e58d4"><![CDATA[%dw 2.0

type auto_bb8cb208_400f_4ecf_af8b_b348529bdac5_Output_Attributes = Null

]]></types:shape>
    </types:type>
    <types:type name="auto_bb8cb208-400f-4ecf-af8b-b348529bdac5_Output-Variables-outboundHeaders" format="java">
      <types:shape format="weave" example="weave/autogenerated/bb8cb208-400f-4ecf-af8b-b348529bdac5/Output-Variables-outboundHeaders.wev" autogeneratedOrigin="9a4c11d4-b82a-4955-ad6d-3353376e58d4"><![CDATA[%dw 2.0

type auto_bb8cb208_400f_4ecf_af8b_b348529bdac5_Output_Variables_outboundHeaders = {|  |}

]]></types:shape>
    </types:type>
    <types:type name="auto_bb8cb208-400f-4ecf-af8b-b348529bdac5_Output-Variables-temp" format="java">
      <types:shape format="weave" example="weave/autogenerated/bb8cb208-400f-4ecf-af8b-b348529bdac5/Output-Variables-temp.wev" autogeneratedOrigin="9a4c11d4-b82a-4955-ad6d-3353376e58d4"><![CDATA[%dw 2.0

type auto_bb8cb208_400f_4ecf_af8b_b348529bdac5_Output_Variables_temp = Any

]]></types:shape>
    </types:type>
    <types:type name="auto_bb8cb208-400f-4ecf-af8b-b348529bdac5_Output-Variables-httpStatus" format="java">
      <types:shape format="raml" autogeneratedOrigin="9a4c11d4-b82a-4955-ad6d-3353376e58d4"><![CDATA[#%RAML 1.0 DataType
type: string]]></types:shape>
    </types:type>
    <types:type name="auto_bb8cb208-400f-4ecf-af8b-b348529bdac5_Output-Variables-sfId" format="java">
      <types:shape format="weave" example="weave/autogenerated/bb8cb208-400f-4ecf-af8b-b348529bdac5/Output-Variables-sfId.wev" autogeneratedOrigin="9a4c11d4-b82a-4955-ad6d-3353376e58d4"><![CDATA[%dw 2.0

type auto_bb8cb208_400f_4ecf_af8b_b348529bdac5_Output_Variables_sfId = Array<java_lang_Object>
type java_lang_Object = {|  |} {"typeAlias": "Object",
"class": "java.lang.Object",
"typeId": "java.lang.Object"}



]]></types:shape>
    </types:type>
    <types:type name="auto_5aab3a53-b18b-4083-893c-0f6555c7feb1_Input-Payload" format="json">
      <types:shape format="weave" example="weave/autogenerated/5aab3a53-b18b-4083-893c-0f6555c7feb1/Input-Payload.wev" autogeneratedOrigin="b17d810d-cb24-4194-9a67-88a001d8bc9f"><![CDATA[%dw 2.0

type auto_5aab3a53_b18b_4083_893c_0f6555c7feb1_Input_Payload = Array<{  jLocation?: String,   jobId?: Number,   cName?: String,   skillAndQual?: String,   applicationDeadline?: String,   expLevel?: String,   jType?: String,   jStatus?: String,   jTitle?: String,   jDescription?: String,   _?: Any}>

]]></types:shape>
    </types:type>
    <types:type name="auto_5aab3a53-b18b-4083-893c-0f6555c7feb1_Input-Attributes" format="java">
      <types:shape format="weave" example="weave/autogenerated/5aab3a53-b18b-4083-893c-0f6555c7feb1/Input-Attributes.wev" autogeneratedOrigin="b17d810d-cb24-4194-9a67-88a001d8bc9f"><![CDATA[%dw 2.0

type auto_5aab3a53_b18b_4083_893c_0f6555c7feb1_Input_Attributes = {|
  clientCertificate?: {|
    publicKey?: {|  |}, 
    "type"?: String, 
    encoded?: Binary
  |}, 
  headers: {|
    "x-correlation-id": String, 
    client_id: String, 
    client_secret: String
  |}, 
  listenerPath: String, 
  method: String, 
  queryParams: {|  |}, 
  queryString: String, 
  relativePath: String, 
  remoteAddress: String, 
  requestPath: String, 
  requestUri: String, 
  scheme: String, 
  uriParams: {|  |}, 
  version: String, 
  localAddress: String
|}

]]></types:shape>
    </types:type>
    <types:type name="auto_5aab3a53-b18b-4083-893c-0f6555c7feb1_Output-Payload" format="json">
      <types:shape format="weave" example="weave/autogenerated/5aab3a53-b18b-4083-893c-0f6555c7feb1/Output-Payload.wev" autogeneratedOrigin="b17d810d-cb24-4194-9a67-88a001d8bc9f"><![CDATA[%dw 2.0

type auto_5aab3a53_b18b_4083_893c_0f6555c7feb1_Output_Payload = { _?: Any }

]]></types:shape>
    </types:type>
    <types:type name="auto_5aab3a53-b18b-4083-893c-0f6555c7feb1_Output-Attributes" format="java">
      <types:shape format="weave" example="weave/autogenerated/5aab3a53-b18b-4083-893c-0f6555c7feb1/Output-Attributes.wev" autogeneratedOrigin="b17d810d-cb24-4194-9a67-88a001d8bc9f"><![CDATA[%dw 2.0

type auto_5aab3a53_b18b_4083_893c_0f6555c7feb1_Output_Attributes = Null

]]></types:shape>
    </types:type>
    <types:type name="auto_5aab3a53-b18b-4083-893c-0f6555c7feb1_Output-Variables-outboundHeaders" format="java">
      <types:shape format="weave" example="weave/autogenerated/5aab3a53-b18b-4083-893c-0f6555c7feb1/Output-Variables-outboundHeaders.wev" autogeneratedOrigin="b17d810d-cb24-4194-9a67-88a001d8bc9f"><![CDATA[%dw 2.0

type auto_5aab3a53_b18b_4083_893c_0f6555c7feb1_Output_Variables_outboundHeaders = {|  |}

]]></types:shape>
    </types:type>
    <types:type name="auto_5aab3a53-b18b-4083-893c-0f6555c7feb1_Output-Variables-temp" format="java">
      <types:shape format="weave" example="weave/autogenerated/5aab3a53-b18b-4083-893c-0f6555c7feb1/Output-Variables-temp.wev" autogeneratedOrigin="b17d810d-cb24-4194-9a67-88a001d8bc9f"><![CDATA[%dw 2.0

type auto_5aab3a53_b18b_4083_893c_0f6555c7feb1_Output_Variables_temp = Any

]]></types:shape>
    </types:type>
    <types:type name="auto_5aab3a53-b18b-4083-893c-0f6555c7feb1_Output-Variables-httpStatus" format="java">
      <types:shape format="raml" autogeneratedOrigin="b17d810d-cb24-4194-9a67-88a001d8bc9f"><![CDATA[#%RAML 1.0 DataType
type: string]]></types:shape>
    </types:type>
    <types:type name="auto_5aab3a53-b18b-4083-893c-0f6555c7feb1_Output-Variables-sfId" format="java">
      <types:shape format="weave" example="weave/autogenerated/5aab3a53-b18b-4083-893c-0f6555c7feb1/Output-Variables-sfId.wev" autogeneratedOrigin="b17d810d-cb24-4194-9a67-88a001d8bc9f"><![CDATA[%dw 2.0

type auto_5aab3a53_b18b_4083_893c_0f6555c7feb1_Output_Variables_sfId = Array<java_lang_Object>
type java_lang_Object = {|  |} {"typeAlias": "Object",
"class": "java.lang.Object",
"typeId": "java.lang.Object"}



]]></types:shape>
    </types:type>
    <types:type name="auto_810d304d-aa54-4319-b782-a143cbfefd81_Input-Payload" format="json">
      <types:shape format="weave" example="weave/autogenerated/810d304d-aa54-4319-b782-a143cbfefd81/Input-Payload.wev" autogeneratedOrigin="076c2fe1-3b45-4cc9-a471-b0a6f0056958"><![CDATA[%dw 2.0

type auto_810d304d_aa54_4319_b782_a143cbfefd81_Input_Payload = Array<Any>

]]></types:shape>
    </types:type>
    <types:type name="auto_810d304d-aa54-4319-b782-a143cbfefd81_Input-Attributes" format="java">
      <types:shape format="weave" example="weave/autogenerated/810d304d-aa54-4319-b782-a143cbfefd81/Input-Attributes.wev" autogeneratedOrigin="076c2fe1-3b45-4cc9-a471-b0a6f0056958"><![CDATA[%dw 2.0

type auto_810d304d_aa54_4319_b782_a143cbfefd81_Input_Attributes = {|
  clientCertificate?: {|
    publicKey?: {|  |}, 
    "type"?: String, 
    encoded?: Binary
  |}, 
  headers: {|
    "x-correlation-id": String, 
    client_id: String, 
    client_secret: String
  |}, 
  listenerPath: String, 
  method: String, 
  queryParams: {|  |}, 
  queryString: String, 
  relativePath: String, 
  remoteAddress: String, 
  requestPath: String, 
  requestUri: String, 
  scheme: String, 
  uriParams: {| jobId: String |}, 
  version: String, 
  localAddress: String
|}

]]></types:shape>
    </types:type>
    <types:type name="auto_810d304d-aa54-4319-b782-a143cbfefd81_Input-Variables-jobId" format="json">
      <types:shape format="weave" example="weave/autogenerated/810d304d-aa54-4319-b782-a143cbfefd81/Input-Variables-jobId.wev" autogeneratedOrigin="076c2fe1-3b45-4cc9-a471-b0a6f0056958"><![CDATA[%dw 2.0

type auto_810d304d_aa54_4319_b782_a143cbfefd81_Input_Variables_jobId = String

]]></types:shape>
    </types:type>
    <types:type name="auto_810d304d-aa54-4319-b782-a143cbfefd81_Output-Payload" format="json">
      <types:shape format="weave" example="weave/autogenerated/810d304d-aa54-4319-b782-a143cbfefd81/Output-Payload.wev" autogeneratedOrigin="076c2fe1-3b45-4cc9-a471-b0a6f0056958"><![CDATA[%dw 2.0

type auto_810d304d_aa54_4319_b782_a143cbfefd81_Output_Payload = { _?: Any }

]]></types:shape>
    </types:type>
    <types:type name="auto_810d304d-aa54-4319-b782-a143cbfefd81_Output-Attributes" format="java">
      <types:shape format="weave" example="weave/autogenerated/810d304d-aa54-4319-b782-a143cbfefd81/Output-Attributes.wev" autogeneratedOrigin="076c2fe1-3b45-4cc9-a471-b0a6f0056958"><![CDATA[%dw 2.0

type auto_810d304d_aa54_4319_b782_a143cbfefd81_Output_Attributes = Null

]]></types:shape>
    </types:type>
    <types:type name="auto_810d304d-aa54-4319-b782-a143cbfefd81_Output-Variables-outboundHeaders" format="java">
      <types:shape format="weave" example="weave/autogenerated/810d304d-aa54-4319-b782-a143cbfefd81/Output-Variables-outboundHeaders.wev" autogeneratedOrigin="076c2fe1-3b45-4cc9-a471-b0a6f0056958"><![CDATA[%dw 2.0

type auto_810d304d_aa54_4319_b782_a143cbfefd81_Output_Variables_outboundHeaders = {|  |}

]]></types:shape>
    </types:type>
    <types:type name="auto_810d304d-aa54-4319-b782-a143cbfefd81_Output-Variables-jobId" format="json">
      <types:shape format="weave" example="weave/autogenerated/810d304d-aa54-4319-b782-a143cbfefd81/Output-Variables-jobId.wev" autogeneratedOrigin="076c2fe1-3b45-4cc9-a471-b0a6f0056958"><![CDATA[%dw 2.0

type auto_810d304d_aa54_4319_b782_a143cbfefd81_Output_Variables_jobId = String

]]></types:shape>
    </types:type>
    <types:type name="auto_810d304d-aa54-4319-b782-a143cbfefd81_Output-Variables-temp" format="java">
      <types:shape format="weave" example="weave/autogenerated/810d304d-aa54-4319-b782-a143cbfefd81/Output-Variables-temp.wev" autogeneratedOrigin="076c2fe1-3b45-4cc9-a471-b0a6f0056958"><![CDATA[%dw 2.0

type auto_810d304d_aa54_4319_b782_a143cbfefd81_Output_Variables_temp = Any

]]></types:shape>
    </types:type>
    <types:type name="auto_810d304d-aa54-4319-b782-a143cbfefd81_Output-Variables-httpStatus" format="java">
      <types:shape format="raml" autogeneratedOrigin="076c2fe1-3b45-4cc9-a471-b0a6f0056958"><![CDATA[#%RAML 1.0 DataType
type: string]]></types:shape>
    </types:type>
    <types:type name="auto_810d304d-aa54-4319-b782-a143cbfefd81_Output-Variables-sfId" format="java">
      <types:shape format="weave" example="weave/autogenerated/810d304d-aa54-4319-b782-a143cbfefd81/Output-Variables-sfId.wev" autogeneratedOrigin="076c2fe1-3b45-4cc9-a471-b0a6f0056958"><![CDATA[%dw 2.0

type auto_810d304d_aa54_4319_b782_a143cbfefd81_Output_Variables_sfId = Array<java_lang_Object>
type java_lang_Object = {|  |} {"typeAlias": "Object",
"class": "java.lang.Object",
"typeId": "java.lang.Object"}



]]></types:shape>
    </types:type>
    <types:type name="auto_941a2205-a95d-40ca-ba5e-a62f32b85158_Input-Payload" format="java">
      <types:shape format="weave" example="weave/autogenerated/941a2205-a95d-40ca-ba5e-a62f32b85158/Input-Payload.wev" autogeneratedOrigin="63373efd-63cd-4f5f-9761-eb2c8e0b8c7a"><![CDATA[%dw 2.0

type auto_941a2205_a95d_40ca_ba5e_a62f32b85158_Input_Payload = Any

]]></types:shape>
    </types:type>
    <types:type name="auto_941a2205-a95d-40ca-ba5e-a62f32b85158_Input-Attributes" format="java">
      <types:shape format="weave" example="weave/autogenerated/941a2205-a95d-40ca-ba5e-a62f32b85158/Input-Attributes.wev" autogeneratedOrigin="63373efd-63cd-4f5f-9761-eb2c8e0b8c7a"><![CDATA[%dw 2.0

type auto_941a2205_a95d_40ca_ba5e_a62f32b85158_Input_Attributes = {|
  clientCertificate?: {|
    publicKey?: {|  |}, 
    "type"?: String, 
    encoded?: Binary
  |}, 
  headers: {|
    "x-correlation-id": String, 
    client_id: String, 
    client_secret: String
  |}, 
  listenerPath: String, 
  method: String, 
  queryParams: {|  |}, 
  queryString: String, 
  relativePath: String, 
  remoteAddress: String, 
  requestPath: String, 
  requestUri: String, 
  scheme: String, 
  uriParams: {| jobId: String |}, 
  version: String, 
  localAddress: String
|}

]]></types:shape>
    </types:type>
    <types:type name="auto_941a2205-a95d-40ca-ba5e-a62f32b85158_Input-Variables-jobId" format="json">
      <types:shape format="weave" example="weave/autogenerated/941a2205-a95d-40ca-ba5e-a62f32b85158/Input-Variables-jobId.wev" autogeneratedOrigin="63373efd-63cd-4f5f-9761-eb2c8e0b8c7a"><![CDATA[%dw 2.0

type auto_941a2205_a95d_40ca_ba5e_a62f32b85158_Input_Variables_jobId = String

]]></types:shape>
    </types:type>
    <types:type name="auto_941a2205-a95d-40ca-ba5e-a62f32b85158_Input-Variables-outboundHeaders" format="java">
      <types:shape format="weave" example="weave/autogenerated/941a2205-a95d-40ca-ba5e-a62f32b85158/Input-Variables-outboundHeaders.wev" autogeneratedOrigin="63373efd-63cd-4f5f-9761-eb2c8e0b8c7a"><![CDATA[%dw 2.0

type auto_941a2205_a95d_40ca_ba5e_a62f32b85158_Input_Variables_outboundHeaders = {|  |}

]]></types:shape>
    </types:type>
    <types:type name="auto_941a2205-a95d-40ca-ba5e-a62f32b85158_Input-Variables-httpStatus" format="java">
      <types:shape format="raml" autogeneratedOrigin="63373efd-63cd-4f5f-9761-eb2c8e0b8c7a"><![CDATA[#%RAML 1.0 DataType
type: string]]></types:shape>
    </types:type>
    <types:type name="auto_941a2205-a95d-40ca-ba5e-a62f32b85158_Output-Payload" format="json">
      <types:shape format="weave" example="weave/autogenerated/941a2205-a95d-40ca-ba5e-a62f32b85158/Output-Payload.wev" autogeneratedOrigin="63373efd-63cd-4f5f-9761-eb2c8e0b8c7a"><![CDATA[%dw 2.0

type auto_941a2205_a95d_40ca_ba5e_a62f32b85158_Output_Payload = Array<{  jLocation?: String,   jobId?: String,   cName?: String,   skillAndQual?: String,   applicationDeadline?: String,   expLevel?: String,   jType?: String,   jStatus?: String,   jTitle?: String,   jDescription?: String,   _?: Any}>

]]></types:shape>
    </types:type>
    <types:type name="auto_941a2205-a95d-40ca-ba5e-a62f32b85158_Output-Attributes" format="java">
      <types:shape format="weave" example="weave/autogenerated/941a2205-a95d-40ca-ba5e-a62f32b85158/Output-Attributes.wev" autogeneratedOrigin="63373efd-63cd-4f5f-9761-eb2c8e0b8c7a"><![CDATA[%dw 2.0

type auto_941a2205_a95d_40ca_ba5e_a62f32b85158_Output_Attributes = Null

]]></types:shape>
    </types:type>
    <types:type name="auto_941a2205-a95d-40ca-ba5e-a62f32b85158_Output-Variables-jobId" format="json">
      <types:shape format="weave" example="weave/autogenerated/941a2205-a95d-40ca-ba5e-a62f32b85158/Output-Variables-jobId.wev" autogeneratedOrigin="63373efd-63cd-4f5f-9761-eb2c8e0b8c7a"><![CDATA[%dw 2.0

type auto_941a2205_a95d_40ca_ba5e_a62f32b85158_Output_Variables_jobId = String

]]></types:shape>
    </types:type>
    <types:type name="auto_941a2205-a95d-40ca-ba5e-a62f32b85158_Output-Variables-outboundHeaders" format="java">
      <types:shape format="weave" example="weave/autogenerated/941a2205-a95d-40ca-ba5e-a62f32b85158/Output-Variables-outboundHeaders.wev" autogeneratedOrigin="63373efd-63cd-4f5f-9761-eb2c8e0b8c7a"><![CDATA[%dw 2.0

type auto_941a2205_a95d_40ca_ba5e_a62f32b85158_Output_Variables_outboundHeaders = {|  |}

]]></types:shape>
    </types:type>
    <types:type name="auto_941a2205-a95d-40ca-ba5e-a62f32b85158_Output-Variables-httpStatus" format="java">
      <types:shape format="raml" autogeneratedOrigin="63373efd-63cd-4f5f-9761-eb2c8e0b8c7a"><![CDATA[#%RAML 1.0 DataType
type: string]]></types:shape>
    </types:type>
    <types:type name="auto_61b146c4-05da-4873-a952-239403eb8156_Input-Payload" format="json">
      <types:shape format="weave" example="weave/autogenerated/61b146c4-05da-4873-a952-239403eb8156/Input-Payload.wev" autogeneratedOrigin="3b3d10dc-d9a1-47e5-ab8d-3deae578837e"><![CDATA[%dw 2.0

type auto_61b146c4_05da_4873_a952_239403eb8156_Input_Payload = {|
  data?: {|
    payload?: String, 
    event?: {|
      createdDate?: DateTime, 
      replayId?: Number
    |}
  |}, 
  channel?: String
|}

]]></types:shape>
    </types:type>
    <types:type name="auto_61b146c4-05da-4873-a952-239403eb8156_Input-Attributes" format="java">
      <types:shape format="weave" example="weave/autogenerated/61b146c4-05da-4873-a952-239403eb8156/Input-Attributes.wev" autogeneratedOrigin="3b3d10dc-d9a1-47e5-ab8d-3deae578837e"><![CDATA[%dw 2.0

type auto_61b146c4_05da_4873_a952_239403eb8156_Input_Attributes = Any {"typeAlias": "Serializable",
"typeId": "java.io.Serializable"}

]]></types:shape>
    </types:type>
    <types:type name="auto_61b146c4-05da-4873-a952-239403eb8156_Input-Variables-jobId" format="java">
      <types:shape format="raml" autogeneratedOrigin="3b3d10dc-d9a1-47e5-ab8d-3deae578837e"><![CDATA[#%RAML 1.0 DataType
type: number]]></types:shape>
    </types:type>
    <types:type name="auto_61b146c4-05da-4873-a952-239403eb8156_Input-Variables-body" format="json">
      <types:shape format="weave" example="weave/autogenerated/61b146c4-05da-4873-a952-239403eb8156/Input-Variables-body.wev" autogeneratedOrigin="3b3d10dc-d9a1-47e5-ab8d-3deae578837e"><![CDATA[%dw 2.0

type auto_61b146c4_05da_4873_a952_239403eb8156_Input_Variables_body = String | Null

]]></types:shape>
    </types:type>
    <types:type name="auto_61b146c4-05da-4873-a952-239403eb8156_Output-Payload" format="java">
      <types:shape format="weave" example="weave/autogenerated/61b146c4-05da-4873-a952-239403eb8156/Output-Payload.wev" autogeneratedOrigin="3b3d10dc-d9a1-47e5-ab8d-3deae578837e"><![CDATA[%dw 2.0

type auto_61b146c4_05da_4873_a952_239403eb8156_Output_Payload = {|  |} {"typeAlias": "Object",
"class": "java.lang.Object",
"typeId": "java.lang.Object"}

]]></types:shape>
    </types:type>
    <types:type name="auto_61b146c4-05da-4873-a952-239403eb8156_Output-Attributes" format="java">
      <types:shape format="weave" example="weave/autogenerated/61b146c4-05da-4873-a952-239403eb8156/Output-Attributes.wev" autogeneratedOrigin="3b3d10dc-d9a1-47e5-ab8d-3deae578837e"><![CDATA[%dw 2.0

type auto_61b146c4_05da_4873_a952_239403eb8156_Output_Attributes = Null

]]></types:shape>
    </types:type>
    <types:type name="auto_61b146c4-05da-4873-a952-239403eb8156_Output-Variables-jobId" format="json">
      <types:shape format="weave" example="weave/autogenerated/61b146c4-05da-4873-a952-239403eb8156/Output-Variables-jobId.wev" autogeneratedOrigin="3b3d10dc-d9a1-47e5-ab8d-3deae578837e"><![CDATA[%dw 2.0

type auto_61b146c4_05da_4873_a952_239403eb8156_Output_Variables_jobId = String

]]></types:shape>
    </types:type>
    <types:type name="auto_61b146c4-05da-4873-a952-239403eb8156_Output-Variables-outboundHeaders" format="java">
      <types:shape format="weave" example="weave/autogenerated/61b146c4-05da-4873-a952-239403eb8156/Output-Variables-outboundHeaders.wev" autogeneratedOrigin="3b3d10dc-d9a1-47e5-ab8d-3deae578837e"><![CDATA[%dw 2.0

type auto_61b146c4_05da_4873_a952_239403eb8156_Output_Variables_outboundHeaders = {|  |}

]]></types:shape>
    </types:type>
    <types:type name="auto_61b146c4-05da-4873-a952-239403eb8156_Output-Variables-httpStatus" format="java">
      <types:shape format="raml" autogeneratedOrigin="3b3d10dc-d9a1-47e5-ab8d-3deae578837e"><![CDATA[#%RAML 1.0 DataType
type: string]]></types:shape>
    </types:type>
    <types:type name="auto_61b146c4-05da-4873-a952-239403eb8156_Output-Variables-body" format="json">
      <types:shape format="weave" example="weave/autogenerated/61b146c4-05da-4873-a952-239403eb8156/Output-Variables-body.wev" autogeneratedOrigin="3b3d10dc-d9a1-47e5-ab8d-3deae578837e"><![CDATA[%dw 2.0

type auto_61b146c4_05da_4873_a952_239403eb8156_Output_Variables_body = String | Null

]]></types:shape>
    </types:type>
  </types:catalog>
  <types:enrichment select="#1211a840-c00e-44a8-a88b-06d6a720c573">
    <types:processor-declaration>
      <types:output-event>
        <types:message>
          <types:payload type="auto_1211a840-c00e-44a8-a88b-06d6a720c573_Output-Payload"/>
          <types:attributes type="auto_1211a840-c00e-44a8-a88b-06d6a720c573_Output-Attributes"/>
        </types:message>
      </types:output-event>
    </types:processor-declaration>
  </types:enrichment>
  <types:enrichment select="#90fd2547-f88d-46b0-b78f-cf03866b67bb">
    <types:processor-declaration>
      <types:input-event>
        <types:message>
          <types:payload type="auto_90fd2547-f88d-46b0-b78f-cf03866b67bb_Input-Payload"/>
          <types:attributes type="auto_90fd2547-f88d-46b0-b78f-cf03866b67bb_Input-Attributes"/>
        </types:message>
      </types:input-event>
      <types:output-event>
        <types:message>
          <types:payload type="auto_90fd2547-f88d-46b0-b78f-cf03866b67bb_Output-Payload"/>
          <types:attributes type="auto_90fd2547-f88d-46b0-b78f-cf03866b67bb_Output-Attributes"/>
        </types:message>
      </types:output-event>
    </types:processor-declaration>
  </types:enrichment>
  <types:enrichment select="#c24eeed8-cff0-4811-adf0-cc7a3b41e4eb">
    <types:processor-declaration>
      <types:output-event>
        <types:message>
          <types:payload type="auto_c24eeed8-cff0-4811-adf0-cc7a3b41e4eb_Output-Payload"/>
          <types:attributes type="auto_c24eeed8-cff0-4811-adf0-cc7a3b41e4eb_Output-Attributes"/>
        </types:message>
      </types:output-event>
    </types:processor-declaration>
  </types:enrichment>
  <types:enrichment select="#45877368-1dfd-4305-ab1f-1e5205eabb55">
    <types:processor-declaration>
      <types:input-event>
        <types:message>
          <types:attributes type="auto_45877368-1dfd-4305-ab1f-1e5205eabb55_Input-Attributes"/>
        </types:message>
      </types:input-event>
      <types:output-event>
        <types:message>
          <types:payload type="auto_45877368-1dfd-4305-ab1f-1e5205eabb55_Output-Payload"/>
          <types:attributes type="auto_45877368-1dfd-4305-ab1f-1e5205eabb55_Output-Attributes"/>
        </types:message>
      </types:output-event>
    </types:processor-declaration>
  </types:enrichment>
  <types:enrichment select="#37fb2d59-103f-4e0c-bfd5-124d92aec714">
    <types:processor-declaration>
      <types:input-event>
        <types:message>
          <types:payload type="auto_37fb2d59-103f-4e0c-bfd5-124d92aec714_Input-Payload"/>
          <types:attributes type="auto_37fb2d59-103f-4e0c-bfd5-124d92aec714_Input-Attributes"/>
        </types:message>
        <types:variables>
          <types:variable name="outboundHeaders" type="auto_37fb2d59-103f-4e0c-bfd5-124d92aec714_Input-Variables-outboundHeaders"/>
          <types:variable name="httpStatus" type="auto_37fb2d59-103f-4e0c-bfd5-124d92aec714_Input-Variables-httpStatus"/>
        </types:variables>
      </types:input-event>
      <types:output-event>
        <types:message>
          <types:payload type="auto_37fb2d59-103f-4e0c-bfd5-124d92aec714_Output-Payload"/>
          <types:attributes type="auto_37fb2d59-103f-4e0c-bfd5-124d92aec714_Output-Attributes"/>
        </types:message>
        <types:variables>
          <types:variable name="outboundHeaders" type="auto_37fb2d59-103f-4e0c-bfd5-124d92aec714_Output-Variables-outboundHeaders"/>
          <types:variable name="temp" type="auto_37fb2d59-103f-4e0c-bfd5-124d92aec714_Output-Variables-temp"/>
          <types:variable name="httpStatus" type="auto_37fb2d59-103f-4e0c-bfd5-124d92aec714_Output-Variables-httpStatus"/>
          <types:variable name="sfId" type="auto_37fb2d59-103f-4e0c-bfd5-124d92aec714_Output-Variables-sfId"/>
        </types:variables>
      </types:output-event>
    </types:processor-declaration>
  </types:enrichment>
  <types:enrichment select="#ba924a0d-b758-469d-bfa6-cc377749c8be">
    <types:processor-declaration>
      <types:input-event>
        <types:message>
          <types:payload type="auto_ba924a0d-b758-469d-bfa6-cc377749c8be_Input-Payload"/>
          <types:attributes type="auto_ba924a0d-b758-469d-bfa6-cc377749c8be_Input-Attributes"/>
        </types:message>
        <types:variables>
          <types:variable name="outboundHeaders" type="auto_ba924a0d-b758-469d-bfa6-cc377749c8be_Input-Variables-outboundHeaders"/>
          <types:variable name="httpStatus" type="auto_ba924a0d-b758-469d-bfa6-cc377749c8be_Input-Variables-httpStatus"/>
        </types:variables>
      </types:input-event>
      <types:output-event>
        <types:message>
          <types:payload type="auto_ba924a0d-b758-469d-bfa6-cc377749c8be_Output-Payload"/>
          <types:attributes type="auto_ba924a0d-b758-469d-bfa6-cc377749c8be_Output-Attributes"/>
        </types:message>
        <types:variables>
          <types:variable name="outboundHeaders" type="auto_ba924a0d-b758-469d-bfa6-cc377749c8be_Output-Variables-outboundHeaders"/>
          <types:variable name="temp" type="auto_ba924a0d-b758-469d-bfa6-cc377749c8be_Output-Variables-temp"/>
          <types:variable name="httpStatus" type="auto_ba924a0d-b758-469d-bfa6-cc377749c8be_Output-Variables-httpStatus"/>
          <types:variable name="sfId" type="auto_ba924a0d-b758-469d-bfa6-cc377749c8be_Output-Variables-sfId"/>
        </types:variables>
      </types:output-event>
    </types:processor-declaration>
  </types:enrichment>
  <types:enrichment select="#ad6af612-cc48-477a-b4fb-76e95e441cb1">
    <types:processor-declaration>
      <types:output-event>
        <types:message>
          <types:payload type="auto_ad6af612-cc48-477a-b4fb-76e95e441cb1_Output-Payload"/>
          <types:attributes type="auto_ad6af612-cc48-477a-b4fb-76e95e441cb1_Output-Attributes"/>
        </types:message>
      </types:output-event>
    </types:processor-declaration>
  </types:enrichment>
  <types:enrichment select="#3ad2f0a3-78e9-4663-8b2d-7084e22adbf1">
    <types:processor-declaration>
      <types:output-event>
        <types:message>
          <types:payload type="auto_3ad2f0a3-78e9-4663-8b2d-7084e22adbf1_Output-Payload"/>
          <types:attributes type="auto_3ad2f0a3-78e9-4663-8b2d-7084e22adbf1_Output-Attributes"/>
        </types:message>
      </types:output-event>
    </types:processor-declaration>
  </types:enrichment>
  <types:enrichment select="#0709af21-83db-4d59-ab3f-c455f05b7a78">
    <types:processor-declaration>
      <types:input-event>
        <types:message>
          <types:payload type="auto_0709af21-83db-4d59-ab3f-c455f05b7a78_Input-Payload"/>
          <types:attributes type="auto_0709af21-83db-4d59-ab3f-c455f05b7a78_Input-Attributes"/>
        </types:message>
        <types:variables>
          <types:variable name="outboundHeaders" type="auto_0709af21-83db-4d59-ab3f-c455f05b7a78_Input-Variables-outboundHeaders"/>
          <types:variable name="temp" type="auto_0709af21-83db-4d59-ab3f-c455f05b7a78_Input-Variables-temp"/>
          <types:variable name="httpStatus" type="auto_0709af21-83db-4d59-ab3f-c455f05b7a78_Input-Variables-httpStatus"/>
          <types:variable name="sfId" type="auto_0709af21-83db-4d59-ab3f-c455f05b7a78_Input-Variables-sfId"/>
        </types:variables>
      </types:input-event>
      <types:output-event>
        <types:message>
          <types:payload type="auto_0709af21-83db-4d59-ab3f-c455f05b7a78_Output-Payload"/>
          <types:attributes type="auto_0709af21-83db-4d59-ab3f-c455f05b7a78_Output-Attributes"/>
        </types:message>
        <types:variables>
          <types:variable name="outboundHeaders" type="auto_0709af21-83db-4d59-ab3f-c455f05b7a78_Output-Variables-outboundHeaders"/>
          <types:variable name="temp" type="auto_0709af21-83db-4d59-ab3f-c455f05b7a78_Output-Variables-temp"/>
          <types:variable name="httpStatus" type="auto_0709af21-83db-4d59-ab3f-c455f05b7a78_Output-Variables-httpStatus"/>
          <types:variable name="sfId" type="auto_0709af21-83db-4d59-ab3f-c455f05b7a78_Output-Variables-sfId"/>
        </types:variables>
      </types:output-event>
    </types:processor-declaration>
  </types:enrichment>
  <types:enrichment select="#f58e1078-7bdb-42d9-a409-6bee3f7246f8">
    <types:processor-declaration>
      <types:output-event>
        <types:message>
          <types:payload type="auto_f58e1078-7bdb-42d9-a409-6bee3f7246f8_Output-Payload"/>
          <types:attributes type="auto_f58e1078-7bdb-42d9-a409-6bee3f7246f8_Output-Attributes"/>
        </types:message>
        <types:variables>
          <types:variable name="outboundHeaders" type="auto_f58e1078-7bdb-42d9-a409-6bee3f7246f8_Output-Variables-outboundHeaders"/>
          <types:variable name="temp" type="auto_f58e1078-7bdb-42d9-a409-6bee3f7246f8_Output-Variables-temp"/>
          <types:variable name="httpStatus" type="auto_f58e1078-7bdb-42d9-a409-6bee3f7246f8_Output-Variables-httpStatus"/>
          <types:variable name="sfId" type="auto_f58e1078-7bdb-42d9-a409-6bee3f7246f8_Output-Variables-sfId"/>
        </types:variables>
      </types:output-event>
    </types:processor-declaration>
  </types:enrichment>
  <types:enrichment select="#d7b848da-fd16-4118-b240-bacd0cb28ced">
    <types:processor-declaration>
      <types:input-event>
        <types:message>
          <types:payload type="auto_d7b848da-fd16-4118-b240-bacd0cb28ced_Input-Payload"/>
        </types:message>
      </types:input-event>
      <types:output-event>
        <types:message>
          <types:payload type="auto_d7b848da-fd16-4118-b240-bacd0cb28ced_Output-Payload"/>
          <types:attributes type="auto_d7b848da-fd16-4118-b240-bacd0cb28ced_Output-Attributes"/>
        </types:message>
        <types:variables>
          <types:variable name="outboundHeaders" type="auto_d7b848da-fd16-4118-b240-bacd0cb28ced_Output-Variables-outboundHeaders"/>
          <types:variable name="temp" type="auto_d7b848da-fd16-4118-b240-bacd0cb28ced_Output-Variables-temp"/>
          <types:variable name="httpStatus" type="auto_d7b848da-fd16-4118-b240-bacd0cb28ced_Output-Variables-httpStatus"/>
          <types:variable name="sfId" type="auto_d7b848da-fd16-4118-b240-bacd0cb28ced_Output-Variables-sfId"/>
        </types:variables>
      </types:output-event>
    </types:processor-declaration>
  </types:enrichment>
  <types:enrichment select="#bb8cb208-400f-4ecf-af8b-b348529bdac5">
    <types:processor-declaration>
      <types:input-event>
        <types:message>
          <types:payload type="auto_bb8cb208-400f-4ecf-af8b-b348529bdac5_Input-Payload"/>
        </types:message>
        <types:variables>
          <types:variable name="outboundHeaders" type="auto_bb8cb208-400f-4ecf-af8b-b348529bdac5_Input-Variables-outboundHeaders"/>
          <types:variable name="temp" type="auto_bb8cb208-400f-4ecf-af8b-b348529bdac5_Input-Variables-temp"/>
          <types:variable name="httpStatus" type="auto_bb8cb208-400f-4ecf-af8b-b348529bdac5_Input-Variables-httpStatus"/>
          <types:variable name="sfId" type="auto_bb8cb208-400f-4ecf-af8b-b348529bdac5_Input-Variables-sfId"/>
        </types:variables>
      </types:input-event>
      <types:output-event>
        <types:message>
          <types:payload type="auto_bb8cb208-400f-4ecf-af8b-b348529bdac5_Output-Payload"/>
          <types:attributes type="auto_bb8cb208-400f-4ecf-af8b-b348529bdac5_Output-Attributes"/>
        </types:message>
        <types:variables>
          <types:variable name="outboundHeaders" type="auto_bb8cb208-400f-4ecf-af8b-b348529bdac5_Output-Variables-outboundHeaders"/>
          <types:variable name="temp" type="auto_bb8cb208-400f-4ecf-af8b-b348529bdac5_Output-Variables-temp"/>
          <types:variable name="httpStatus" type="auto_bb8cb208-400f-4ecf-af8b-b348529bdac5_Output-Variables-httpStatus"/>
          <types:variable name="sfId" type="auto_bb8cb208-400f-4ecf-af8b-b348529bdac5_Output-Variables-sfId"/>
        </types:variables>
      </types:output-event>
    </types:processor-declaration>
  </types:enrichment>
  <types:enrichment select="#5aab3a53-b18b-4083-893c-0f6555c7feb1">
    <types:processor-declaration>
      <types:input-event>
        <types:message>
          <types:payload type="auto_5aab3a53-b18b-4083-893c-0f6555c7feb1_Input-Payload"/>
          <types:attributes type="auto_5aab3a53-b18b-4083-893c-0f6555c7feb1_Input-Attributes"/>
        </types:message>
      </types:input-event>
      <types:output-event>
        <types:message>
          <types:payload type="auto_5aab3a53-b18b-4083-893c-0f6555c7feb1_Output-Payload"/>
          <types:attributes type="auto_5aab3a53-b18b-4083-893c-0f6555c7feb1_Output-Attributes"/>
        </types:message>
        <types:variables>
          <types:variable name="outboundHeaders" type="auto_5aab3a53-b18b-4083-893c-0f6555c7feb1_Output-Variables-outboundHeaders"/>
          <types:variable name="temp" type="auto_5aab3a53-b18b-4083-893c-0f6555c7feb1_Output-Variables-temp"/>
          <types:variable name="httpStatus" type="auto_5aab3a53-b18b-4083-893c-0f6555c7feb1_Output-Variables-httpStatus"/>
          <types:variable name="sfId" type="auto_5aab3a53-b18b-4083-893c-0f6555c7feb1_Output-Variables-sfId"/>
        </types:variables>
      </types:output-event>
    </types:processor-declaration>
  </types:enrichment>
  <types:enrichment select="#810d304d-aa54-4319-b782-a143cbfefd81">
    <types:processor-declaration>
      <types:input-event>
        <types:message>
          <types:payload type="auto_810d304d-aa54-4319-b782-a143cbfefd81_Input-Payload"/>
          <types:attributes type="auto_810d304d-aa54-4319-b782-a143cbfefd81_Input-Attributes"/>
        </types:message>
        <types:variables>
          <types:variable name="jobId" type="auto_810d304d-aa54-4319-b782-a143cbfefd81_Input-Variables-jobId"/>
        </types:variables>
      </types:input-event>
      <types:output-event>
        <types:message>
          <types:payload type="auto_810d304d-aa54-4319-b782-a143cbfefd81_Output-Payload"/>
          <types:attributes type="auto_810d304d-aa54-4319-b782-a143cbfefd81_Output-Attributes"/>
        </types:message>
        <types:variables>
          <types:variable name="outboundHeaders" type="auto_810d304d-aa54-4319-b782-a143cbfefd81_Output-Variables-outboundHeaders"/>
          <types:variable name="jobId" type="auto_810d304d-aa54-4319-b782-a143cbfefd81_Output-Variables-jobId"/>
          <types:variable name="temp" type="auto_810d304d-aa54-4319-b782-a143cbfefd81_Output-Variables-temp"/>
          <types:variable name="httpStatus" type="auto_810d304d-aa54-4319-b782-a143cbfefd81_Output-Variables-httpStatus"/>
          <types:variable name="sfId" type="auto_810d304d-aa54-4319-b782-a143cbfefd81_Output-Variables-sfId"/>
        </types:variables>
      </types:output-event>
    </types:processor-declaration>
  </types:enrichment>
  <types:enrichment select="#941a2205-a95d-40ca-ba5e-a62f32b85158">
    <types:processor-declaration>
      <types:input-event>
        <types:message>
          <types:payload type="auto_941a2205-a95d-40ca-ba5e-a62f32b85158_Input-Payload"/>
          <types:attributes type="auto_941a2205-a95d-40ca-ba5e-a62f32b85158_Input-Attributes"/>
        </types:message>
        <types:variables>
          <types:variable name="jobId" type="auto_941a2205-a95d-40ca-ba5e-a62f32b85158_Input-Variables-jobId"/>
          <types:variable name="outboundHeaders" type="auto_941a2205-a95d-40ca-ba5e-a62f32b85158_Input-Variables-outboundHeaders"/>
          <types:variable name="httpStatus" type="auto_941a2205-a95d-40ca-ba5e-a62f32b85158_Input-Variables-httpStatus"/>
        </types:variables>
      </types:input-event>
      <types:output-event>
        <types:message>
          <types:payload type="auto_941a2205-a95d-40ca-ba5e-a62f32b85158_Output-Payload"/>
          <types:attributes type="auto_941a2205-a95d-40ca-ba5e-a62f32b85158_Output-Attributes"/>
        </types:message>
        <types:variables>
          <types:variable name="jobId" type="auto_941a2205-a95d-40ca-ba5e-a62f32b85158_Output-Variables-jobId"/>
          <types:variable name="outboundHeaders" type="auto_941a2205-a95d-40ca-ba5e-a62f32b85158_Output-Variables-outboundHeaders"/>
          <types:variable name="httpStatus" type="auto_941a2205-a95d-40ca-ba5e-a62f32b85158_Output-Variables-httpStatus"/>
        </types:variables>
      </types:output-event>
    </types:processor-declaration>
  </types:enrichment>
  <types:enrichment select="#61b146c4-05da-4873-a952-239403eb8156">
    <types:processor-declaration>
      <types:input-event>
        <types:message>
          <types:payload type="auto_61b146c4-05da-4873-a952-239403eb8156_Input-Payload"/>
          <types:attributes type="auto_61b146c4-05da-4873-a952-239403eb8156_Input-Attributes"/>
        </types:message>
        <types:variables>
          <types:variable name="jobId" type="auto_61b146c4-05da-4873-a952-239403eb8156_Input-Variables-jobId"/>
          <types:variable name="body" type="auto_61b146c4-05da-4873-a952-239403eb8156_Input-Variables-body"/>
        </types:variables>
      </types:input-event>
      <types:output-event>
        <types:message>
          <types:payload type="auto_61b146c4-05da-4873-a952-239403eb8156_Output-Payload"/>
          <types:attributes type="auto_61b146c4-05da-4873-a952-239403eb8156_Output-Attributes"/>
        </types:message>
        <types:variables>
          <types:variable name="jobId" type="auto_61b146c4-05da-4873-a952-239403eb8156_Output-Variables-jobId"/>
          <types:variable name="outboundHeaders" type="auto_61b146c4-05da-4873-a952-239403eb8156_Output-Variables-outboundHeaders"/>
          <types:variable name="httpStatus" type="auto_61b146c4-05da-4873-a952-239403eb8156_Output-Variables-httpStatus"/>
          <types:variable name="body" type="auto_61b146c4-05da-4873-a952-239403eb8156_Output-Variables-body"/>
        </types:variables>
      </types:output-event>
    </types:processor-declaration>
  </types:enrichment>
</types:mule>