<?xml version="1.0" encoding="UTF-8"?>

<mule xmlns:http="http://www.mulesoft.org/schema/mule/http"
	xmlns:ee="http://www.mulesoft.org/schema/mule/ee/core"
	xmlns="http://www.mulesoft.org/schema/mule/core" xmlns:doc="http://www.mulesoft.org/schema/mule/documentation"
	xmlns:xsi="http://www.w3.org/2001/XMLSchema-instance"
	xsi:schemaLocation="
http://www.mulesoft.org/schema/mule/http http://www.mulesoft.org/schema/mule/http/current/mule-http.xsd 
http://www.mulesoft.org/schema/mule/ee/core http://www.mulesoft.org/schema/mule/ee/core/current/mule-ee.xsd http://www.mulesoft.org/schema/mule/core http://www.mulesoft.org/schema/mule/core/current/mule.xsd">
	<flow name="fetch-file-by-fileIdFlow" doc:id="e34eb914-78a5-42ad-854a-d7334aa25120" >
		<logger level="INFO" doc:name="Flow Start" doc:id="d4519aad-f238-4990-b5ad-e47416eaff98" message='#[%dw 2.0&#10;output application/json&#10;---&#10;"CorrelationId : " ++ vars.correlationId ++ " fetch file started"]' />
		<until-successful maxRetries="${until-successful.maxRetries}" doc:name="Until Successful" doc:id="61f10ad2-bf44-4235-8c18-a67db33df22b" millisBetweenRetries="${until-successful.millisBetweenRetries}">
			<try doc:name="Try" doc:id="40c1c2fb-cf43-4e47-8a5a-45785f8d7768">
				<http:request method="GET" doc:name="HTTP fetch doc by docId to box-sys-api" doc:id="028f57c1-f9c7-4936-99e0-87d380c4af62" config-ref="box_sys_api_request" path="${box.sys.filesPath}" sendCorrelationId="ALWAYS" correlationId="#[vars.correlationId]">
					<http:body><![CDATA[#[vars.body]]]></http:body>
					<http:headers ><![CDATA[#[vars.settingRequiredHeaders]]]></http:headers>
					<http:query-params ><![CDATA[#[output application/java
---
{
	"fileId" : vars.fileId
}]]]></http:query-params>
				

</http:request>
				<error-handler>
					<on-error-propagate enableNotifications="true" logException="true" doc:name="On Error Propagate" doc:id="8cbc9822-83ca-4b5f-bc96-4324a01749f2" type="ANY">
						<logger level="ERROR" doc:name="Error Message" doc:id="ffe5a5f2-0ad2-4493-a8d8-c4b6d6d91e64" message='#[error.errorType.asString ++ " Error occured while connecting to Box sys api"]' />
					</on-error-propagate>
				</error-handler>
			</try>
		</until-successful>
		<logger level="INFO" doc:name="Flow End" doc:id="d590b745-31d7-47b9-b7a6-22b63e876b92" message='#[%dw 2.0&#10;output application/json&#10;---&#10;"CorrelationId : " ++ vars.correlationId ++ " fetch file ended"]'/>
	</flow>
</mule>
