<?xml version="1.0" encoding="UTF-8"?>

<mule xmlns:tracking="http://www.mulesoft.org/schema/mule/ee/tracking" xmlns:ee="http://www.mulesoft.org/schema/mule/ee/core"
	xmlns:http="http://www.mulesoft.org/schema/mule/http"
	xmlns="http://www.mulesoft.org/schema/mule/core" xmlns:doc="http://www.mulesoft.org/schema/mule/documentation" xmlns:xsi="http://www.w3.org/2001/XMLSchema-instance" xsi:schemaLocation="http://www.mulesoft.org/schema/mule/core http://www.mulesoft.org/schema/mule/core/current/mule.xsd
http://www.mulesoft.org/schema/mule/http http://www.mulesoft.org/schema/mule/http/current/mule-http.xsd
http://www.mulesoft.org/schema/mule/ee/core http://www.mulesoft.org/schema/mule/ee/core/current/mule-ee.xsd
http://www.mulesoft.org/schema/mule/ee/tracking http://www.mulesoft.org/schema/mule/ee/tracking/current/mule-tracking-ee.xsd">
	<flow name="upload-file-main-logic" doc:id="b5db143d-2136-4969-9b00-9e5487a85981" >
		<flow-ref doc:name="getContentDocumentIdsFlow" doc:id="0f9eb937-b1c1-48fb-ae5b-937f4c76d882" name="getContentDocumentIdsFlow"/>
		<choice doc:name="Choice" doc:id="77d4195f-d7e6-47a7-ada4-71b91f930153">
			<when expression="#[!isEmpty(vars.contentDocIds)]">
				<ee:transform doc:name="set var consolidatedPayload" doc:id="5aaf289a-a374-4f29-b2f4-2b9a109627a3">
					<ee:message>
					</ee:message>
					<ee:variables >
						<ee:set-variable variableName="consolidatedPayload" ><![CDATA[%dw 2.0
output application/json
---
[]]]></ee:set-variable>
					</ee:variables>
				</ee:transform>
				<flow-ref doc:name="create-folderFlow" doc:id="2d8d5f16-f18e-4760-841d-d38262493a18" name="create-folderFlow"/>
				<set-variable value="#[payload.folderId]" doc:name="Set Variable folderId" doc:id="06644910-8cf2-4549-95ee-f18d7a6da6aa" variableName="folderId"/>
				<foreach doc:name="For Each contentDocIds" doc:id="ccba87a2-88c4-49de-bd83-a26089a10241" collection="#[vars.contentDocIds]">
					<set-variable value="#[payload]" doc:name="Set Variable docId" doc:id="581ad2ca-9ec0-4ec2-9c2b-9ee6655e994c" variableName="docId" />
					<logger level="INFO" doc:name="Log Process all records" doc:id="a0ea4648-1c80-416e-a3a7-22171755bf94" message="#[payload]" />
					<flow-ref doc:name="getContentVersionDataFlow" doc:id="8c8b3be8-6734-4d23-a311-72ad52198f74" name="getContentVersionDataFlow" />
					<ee:transform doc:name="Set Box Request" doc:id="7b7630fb-ffb5-43fa-bf5c-b414ea7897dd" >
						<ee:message >
						</ee:message>
						<ee:variables >
							<ee:set-variable variableName="body" ><![CDATA[%dw 2.0
output application/json
---
{
  "folderId": vars.folderId,
  "fileName": payload[0].Title ++ "." ++ payload[0].FileExtension default "",
  "fileExtension": payload[0].FileExtension,
  "attachmentComment": "",
  "data": payload[0].VersionData
}]]></ee:set-variable>
						</ee:variables>
					</ee:transform>
					<flow-ref doc:name="upload-Doc-Flow" doc:id="87372f18-5abd-418e-abf5-d7db82acb2df" name="upload-Doc-Flow"/>
					<ee:transform doc:name="update var consolidatedPayload" doc:id="b698fb4b-1e8f-4a82-b5cb-d74fada7a1c9" >
						<ee:message >
						</ee:message>
						<ee:variables >
							<ee:set-variable variableName="consolidatedPayload" ><![CDATA[%dw 2.0
output application/json
---
vars.consolidatedPayload + payload]]></ee:set-variable>
						</ee:variables>
					</ee:transform>
					<choice doc:name="Choice" doc:id="54969d6b-09fa-43b0-88af-25128baff8b3" >
						<when expression='${sf.isDelete}'>
							<async doc:name="Async" doc:id="a9189ce4-31fb-4c50-bb12-1cefd62f3aee">
					<flow-ref doc:name="deleteContentVersionDataFlow" doc:id="47e99c3a-b74c-4fa1-8944-2ca4122d3e8a" name="deleteContentVersionDataFlow" />
				</async>
						</when>
						<otherwise >
							<logger level="INFO" doc:name="" doc:id="194619e9-42e1-424b-88ce-4eafaf1a0843" message="Not Deleting Content Version Data"/>
						</otherwise>
					</choice>
				
</foreach>
			
</when>
			<otherwise>
				<logger level="INFO" doc:name="Log No file attached to Business Process License" doc:id="86ae7efb-434f-40ca-9988-0549f9290b82" message="No file attached to Business Process License" />
			
</otherwise>
		</choice>
	
</flow>
	<sub-flow name="upload-Doc-Flow" doc:id="3b18200a-72de-4e78-9c82-91926e640a4b" >
		<logger level="INFO" doc:name="Flow Start" doc:id="f74c24f0-ef06-45cd-b3be-1fce2f00663e" message='#[%dw 2.0&#10;output application/json&#10;---&#10;"CorrelationId : " ++ vars.correlationId ++ " Upload file started"]' />
		<until-successful maxRetries="${until-successful.maxRetries}" doc:name="Until Successful" doc:id="7db130e7-25a0-4efd-94d3-84651f4ad29c" millisBetweenRetries="${until-successful.millisBetweenRetries}">
			<try doc:name="Try" doc:id="59a8bea7-fe92-4675-9c28-fe41568790f5">
				<http:request method="POST" doc:name="HTTP POST Docs to box-sys-api" doc:id="93d451e2-839b-4efa-a480-8914eef257fa" config-ref="box_sys_api_request" path="${box.sys.filesPath}" sendCorrelationId="ALWAYS" correlationId="#[vars.correlationId]">
					<http:body><![CDATA[#[vars.body]]]></http:body>
					<http:headers ><![CDATA[#[vars.settingRequiredHeaders]]]></http:headers>
				
</http:request>
				<error-handler>
					<on-error-propagate enableNotifications="true" logException="true" doc:name="On Error Propagate" doc:id="add80ac4-96e5-40ff-aeeb-40691ed5aa10" type="ANY">
						<logger level="ERROR" doc:name="Error Message" doc:id="e801a68e-473d-4240-a348-55fbcf6c2ef0" message='#[error.errorType.asString ++ " Error occured while connecting to Box sys api"]' />
					</on-error-propagate>
				</error-handler>
			</try>
		</until-successful> 
		<ee:transform doc:name="Response From POST Call" doc:id="c5a375c6-2782-4f91-9db9-759c87466ea5">
			<ee:message>
				<ee:set-payload><![CDATA[%dw 2.0
output application/json
---
{
	appId: vars.appId,
	folderName: vars.folderName,
	folderId: payload.folderId,
	parentId: payload.parentId,
	fileName: payload.fileName,
	fileURL: '${exp.docPath}' ++ payload.fileId,
	folderURL: '${exp.folderPath}' ++ payload.folderId as String,
	comment: "this is doc id, If you click on url will get base64 string"
}]]></ee:set-payload>
			</ee:message>
		</ee:transform>
		<logger level="INFO" doc:name="Flow End" doc:id="7d877ac0-d1fa-46d0-83d8-2055d523440a" message='#[%dw 2.0&#10;output application/json&#10;---&#10;"CorrelationId : " ++ vars.correlationId ++ " Upload file ended"]'/>
	</sub-flow>
	
</mule>