{
    "paymentId": "ACHAP02953",
    "status": "SENT",
    "statusDatetime": "2022-03-22T19:13:46.374Z",
    "transactionType": "DEBIT",
    "achFileId": "7777788888",
    "submittedDate": "2022-03-21",
    "secCode": "PPD",
    "entryDescription": "ELEC BILL",
    "requestedExecutionDate": "2022-03-22",
    "endToEndId": "1234567",
    "traceNumber": "190000911234567",
    "isPrenote": false,
    "discretionaryData": "R",
    "payment": {
        "amount": "155.96",
        "currency": "USD"
    },
    "debtor": {
        "achCompanyId": "",
        "name": "JOE DEBTOR",
        "address": {
            "addressLine1": "",
            "addressLine2": "",
            "city": "",
            "state": "",
            "postalCode": "",
            "countryCode": ""
        },
        "bankAccount": {
            "accountType": "SAVINGS",
            "currency": "USD",
            "countryCode": "US",
            "accountNumberType": "OTHER",
            "accountNumber": "3467487657",
            "routingNumberType": "USABA",
            "routingNumber": "104784646"
        }
    },
    "creditor": {
        "achCompanyId": "ACHCOID123",
        "name": "CREDITOR COMPANY",
        "address": {
            "addressLine1": "",
            "addressLine2": "",
            "city": "",
            "state": "",
            "postalCode": "",
            "countryCode": ""
        },
        "bankAccount": {
            "accountType": "SAVINGS",
            "currency": "USD",
            "countryCode": "US",
            "accountNumberType": "OTHER",
            "accountNumber": "3467487657",
            "routingNumberType": "USABA",
            "routingNumber": "104784646"
        }
    },
    "remittanceInformation": {
        "unstructuredAddenda": [
            "JUST FREE-FORM TEXT"
        ]
    }
}