<?xml version="1.0" encoding="UTF-8"?>

<mule xmlns:ee="http://www.mulesoft.org/schema/mule/ee/core" xmlns:http="http://www.mulesoft.org/schema/mule/http"
	xmlns="http://www.mulesoft.org/schema/mule/core"
	xmlns:doc="http://www.mulesoft.org/schema/mule/documentation" xmlns:xsi="http://www.w3.org/2001/XMLSchema-instance" xsi:schemaLocation="http://www.mulesoft.org/schema/mule/core http://www.mulesoft.org/schema/mule/core/current/mule.xsd
http://www.mulesoft.org/schema/mule/http http://www.mulesoft.org/schema/mule/http/current/mule-http.xsd
http://www.mulesoft.org/schema/mule/ee/core http://www.mulesoft.org/schema/mule/ee/core/current/mule-ee.xsd">
	<sub-flow name="getLicenseByContactId" doc:id="43772031-5c67-4628-8876-f71adba4e4c4" >
		<logger level="INFO" doc:name="Log Encrypted Base64 contactId" doc:id="e1ebbde2-c96f-43a0-ba86-48d1dc953996" message='#[%dw 2.0&#10;output application/json&#10;---&#10;"CorrelationId : " ++ vars.correlationId ++ " Get License started for Encrypted and encoded ContactId is : " ++ vars.contactId]' />
		<until-successful maxRetries="${until-successful.maxRetries}" doc:name="Until Successful" doc:id="f4c202d9-6704-4b2e-83fa-aab7ef6aac17" millisBetweenRetries="${until-successful.millisBetweenRetries}" >
			<try doc:name="Try" doc:id="8ad91423-9833-4796-b0cc-71f9e94353d6" >
				<http:request method="GET" doc:name="HTTP GET call to  polluction-report-prc-api" doc:id="1092b182-c257-4587-8d3f-d16b88250495" config-ref="pollution-report-prc-api_request" path="${prc.licenseByContactId}" sendCorrelationId="ALWAYS" correlationId="#[vars.correlationId]" >
					<reconnect count="5" blocking="false" />
					<http:headers ><![CDATA[#[vars.requiredHeaders]]]></http:headers>
					<http:query-params ><![CDATA[#[%dw 2.0
output application/json
---
{
	contactId: vars.contactId
}]]]></http:query-params>
				</http:request>
				<error-handler >
					<on-error-propagate enableNotifications="true" logException="true" doc:name="On Error Propagate" doc:id="61123fc4-7e4a-4029-86c0-43d63bbe0403" type="ANY" >
						<logger level="INFO" doc:name="Error Message" doc:id="800e1da5-6e52-4821-aaef-b1a512fe3c9d" message='#[error.errorType.asString ++ " Error occured while connecting to SIEBEL"]' />
					</on-error-propagate>
				</error-handler>
			</try>
		</until-successful>
		<ee:transform doc:name="Response From GET Call" doc:id="20db991a-1bf5-48df-9b41-b98bd69aa503" >
			<ee:message >
				<ee:set-payload ><![CDATA[%dw 2.0
output application/json
---
{
  licenseNumber: payload.contactLicenseNumber,
  licenseStatus: payload.licenseStatus,
  firstName: payload.contactFirstName,
  lastName: payload.contactLastName
}]]></ee:set-payload>
			</ee:message>
		</ee:transform>
		<logger level="INFO" doc:name="Flow End" doc:id="a337116d-fa6d-4376-82da-acd060f6bfd7" message='#[%dw 2.0&#10;output application/json&#10;---&#10;"CorrelationId : " ++ vars.correlationId ++ " Get License Ended for Encrypted and encoded ContactId is : " ++ vars.contactId]' />
	</sub-flow>
</mule>
