<?xml version="1.0" encoding="UTF-8"?>

<mule xmlns:ee="http://www.mulesoft.org/schema/mule/ee/core" xmlns:http="http://www.mulesoft.org/schema/mule/http"
	xmlns="http://www.mulesoft.org/schema/mule/core"
	xmlns:doc="http://www.mulesoft.org/schema/mule/documentation" xmlns:xsi="http://www.w3.org/2001/XMLSchema-instance" xsi:schemaLocation="http://www.mulesoft.org/schema/mule/core http://www.mulesoft.org/schema/mule/core/current/mule.xsd
http://www.mulesoft.org/schema/mule/http http://www.mulesoft.org/schema/mule/http/current/mule-http.xsd
http://www.mulesoft.org/schema/mule/ee/core http://www.mulesoft.org/schema/mule/ee/core/current/mule-ee.xsd">
	<sub-flow name="getLicenseQRCodeByContactId" doc:id="aa69ccd9-7e0c-4989-9d8a-e8d2ae657179" >
		<logger level="INFO" doc:name="Flow Start" doc:id="f86ae442-1b8e-4d11-82ff-8b2d40bc3cd1" message='#[%dw 2.0&#10;output application/json&#10;---&#10;"CorrelationId : " ++ vars.correlationId ++ " Get License QRCode Started for : " ++ attributes.uriParams.contactId default null]' />
		<until-successful maxRetries="${until-successful.maxRetries}" doc:name="Until Successful" doc:id="34087103-c0a7-448e-8374-125371de3f02" millisBetweenRetries="${until-successful.millisBetweenRetries}" >
			<try doc:name="Try" doc:id="d03398b1-7ba2-46fb-93d0-f619549eda29" >
				<http:request method="GET" doc:name="HTTP GET call to  polluction-report-prc-api" doc:id="60c48b3e-3318-4ec1-b702-9b68e22dae2a" config-ref="pollution-report-prc-api_request" path="${prc.licenseQRCodeByContactId}" sendCorrelationId="ALWAYS" correlationId="#[vars.correlationId]" >
					<reconnect count="5" blocking="false" />
					<http:headers ><![CDATA[#[vars.requiredHeaders]]]></http:headers>
					<http:uri-params ><![CDATA[#[output application/json
---
{
	contactId: attributes.uriParams.contactId
}]]]></http:uri-params>
				</http:request>
				<error-handler >
					<on-error-propagate enableNotifications="true" logException="true" doc:name="On Error Propagate" doc:id="f615d606-c474-4e2d-91d9-244ab372a706" type="ANY" >
						<logger level="INFO" doc:name="Error Message" doc:id="48802895-a408-44ac-b68d-bd9f10155336" message='#[error.errorType.asString ++ " Error occured while connecting to SIEBEL"]' />
					</on-error-propagate>
				</error-handler>
			</try>
		</until-successful>
		<ee:transform doc:name="Response From GET Call" doc:id="fd447557-570c-4724-b718-5f01ca44df65" >
			<ee:message >
				<ee:set-payload ><![CDATA[%dw 2.0
output application/json
---
payload]]></ee:set-payload>
			</ee:message>
		</ee:transform>
		<logger level="INFO" doc:name="Flow End" doc:id="4849b523-7c05-4209-8667-0dafe3f7349a" message='#[%dw 2.0&#10;output application/json&#10;---&#10;"CorrelationId : " ++ vars.correlationId ++ " Get License QRCode Ended"]' />
	</sub-flow>
</mule>
