{
    "type": "folder",
    "id": "215322813894",
    "sequence_id": "0",
    "etag": "0",
    "name": "testFolder",
    "created_at": "2023-06-30T23:43:50-07:00",
    "modified_at": "2023-07-02T22:55:44-07:00",
    "description": "",
    "size": 131856,
    "path_collection": {
        "total_count": 1,
        "entries": [
            {
                "type": "folder",
                "id": "0",
                "sequence_id": null,
                "etag": null,
                "name": "All Files"
            }
        ]
    },
    "created_by": {
        "type": "user",
        "id": "26749807932",
        "name": "Mule-integration-PoC-with-JWT",
        "login": "AutomationUser_2063104_ArWR7avWp2@boxdevedition.com"
    },
    "modified_by": {
        "type": "user",
        "id": "26749807932",
        "name": "Mule-integration-PoC-with-JWT",
        "login": "AutomationUser_2063104_ArWR7avWp2@boxdevedition.com"
    },
    "trashed_at": null,
    "purged_at": null,
    "content_created_at": "2023-06-30T23:43:50-07:00",
    "content_modified_at": "2023-07-02T22:55:44-07:00",
    "owned_by": {
        "type": "user",
        "id": "26749807932",
        "name": "Mule-integration-PoC-with-JWT",
        "login": "AutomationUser_2063104_ArWR7avWp2@boxdevedition.com"
    },
    "shared_link": null,
    "folder_upload_email": null,
    "parent": {
        "type": "folder",
        "id": "0",
        "sequence_id": null,
        "etag": null,
        "name": "All Files"
    },
    "item_status": "active",
    "item_collection": {
        "total_count": 9,
        "entries": [
            {
                "type": "file",
                "id": "1251029004439",
                "file_version": {
                    "type": "file_version",
                    "id": "1366693382839",
                    "sha1": "1a4c8708d565b7bff6ffccce2fe2ec9ca7f11a98"
                },
                "sequence_id": "0",
                "etag": "0",
                "sha1": "1a4c8708d565b7bff6ffccce2fe2ec9ca7f11a98",
                "name": "a1.csv"
            },
            {
                "type": "file",
                "id": "1251027910741",
                "file_version": {
                    "type": "file_version",
                    "id": "1366692183541",
                    "sha1": "affd82f2b6add32d156349b7607991f539e98df0"
                },
                "sequence_id": "0",
                "etag": "0",
                "sha1": "affd82f2b6add32d156349b7607991f539e98df0",
                "name": "a1.json"
            },
            {
                "type": "file",
                "id": "1251028877523",
                "file_version": {
                    "type": "file_version",
                    "id": "1366693123923",
                    "sha1": "2034425aafc11d9cd38809a1d7b4ad3f8afc6c3c"
                },
                "sequence_id": "0",
                "etag": "0",
                "sha1": "2034425aafc11d9cd38809a1d7b4ad3f8afc6c3c",
                "name": "a1.pdf"
            },
            {
                "type": "file",
                "id": "1251874396644",
                "file_version": {
                    "type": "file_version",
                    "id": "1367611619844",
                    "sha1": "1a4c8708d565b7bff6ffccce2fe2ec9ca7f11a98"
                },
                "sequence_id": "0",
                "etag": "0",
                "sha1": "1a4c8708d565b7bff6ffccce2fe2ec9ca7f11a98",
                "name": "a2.csv"
            },
            {
                "type": "file",
                "id": "1251877689829",
                "file_version": {
                    "type": "file_version",
                    "id": "1367617020229",
                    "sha1": "affd82f2b6add32d156349b7607991f539e98df0"
                },
                "sequence_id": "0",
                "etag": "0",
                "sha1": "affd82f2b6add32d156349b7607991f539e98df0",
                "name": "a2.json"
            },
            {
                "type": "file",
                "id": "1251876029805",
                "file_version": {
                    "type": "file_version",
                    "id": "1367615669805",
                    "sha1": "102262086b36c853f1269c333d344c2715f2f879"
                },
                "sequence_id": "0",
                "etag": "0",
                "sha1": "102262086b36c853f1269c333d344c2715f2f879",
                "name": "a2.pdf"
            },
            {
                "type": "file",
                "id": "1251877406015",
                "file_version": {
                    "type": "file_version",
                    "id": "1367614979615",
                    "sha1": "1a4c8708d565b7bff6ffccce2fe2ec9ca7f11a98"
                },
                "sequence_id": "0",
                "etag": "0",
                "sha1": "1a4c8708d565b7bff6ffccce2fe2ec9ca7f11a98",
                "name": "a3.csv"
            },
            {
                "type": "file",
                "id": "1251879713970",
                "file_version": {
                    "type": "file_version",
                    "id": "1367619440370",
                    "sha1": "affd82f2b6add32d156349b7607991f539e98df0"
                },
                "sequence_id": "0",
                "etag": "0",
                "sha1": "affd82f2b6add32d156349b7607991f539e98df0",
                "name": "a3.json"
            },
            {
                "type": "file",
                "id": "1251884575423",
                "file_version": {
                    "type": "file_version",
                    "id": "1367623632223",
                    "sha1": "2034425aafc11d9cd38809a1d7b4ad3f8afc6c3c"
                },
                "sequence_id": "0",
                "etag": "0",
                "sha1": "2034425aafc11d9cd38809a1d7b4ad3f8afc6c3c",
                "name": "a3.pdf"
            }
        ],
        "offset": 0,
        "limit": 100,
        "order": [
            {
                "by": "type",
                "direction": "ASC"
            },
            {
                "by": "name",
                "direction": "ASC"
            }
        ]
    }
}