[
    {
        "type": "file",
        "id": "1251874396644",
        "file_version": {
            "type": "file_version",
            "id": "1367611619844",
            "sha1": "1a4c8708d565b7bff6ffccce2fe2ec9ca7f11a98"
        },
        "sequence_id": "0",
        "etag": "0",
        "sha1": "1a4c8708d565b7bff6ffccce2fe2ec9ca7f11a98",
        "name": "a2.csv"
    },
    {
        "type": "file",
        "id": "1251876029805",
        "file_version": {
            "type": "file_version",
            "id": "1367615669805",
            "sha1": "102262086b36c853f1269c333d344c2715f2f879"
        },
        "sequence_id": "0",
        "etag": "0",
        "sha1": "102262086b36c853f1269c333d344c2715f2f879",
        "name": "a2.pdf"
    },
    {
        "type": "file",
        "id": "1251877406015",
        "file_version": {
            "type": "file_version",
            "id": "1367614979615",
            "sha1": "1a4c8708d565b7bff6ffccce2fe2ec9ca7f11a98"
        },
        "sequence_id": "0",
        "etag": "0",
        "sha1": "1a4c8708d565b7bff6ffccce2fe2ec9ca7f11a98",
        "name": "a3.csv"
    },
    {
        "type": "file",
        "id": "1251877689829",
        "file_version": {
            "type": "file_version",
            "id": "1367617020229",
            "sha1": "affd82f2b6add32d156349b7607991f539e98df0"
        },
        "sequence_id": "0",
        "etag": "0",
        "sha1": "affd82f2b6add32d156349b7607991f539e98df0",
        "name": "a2.json"
    },
    {
        "type": "file",
        "id": "1251879713970",
        "file_version": {
            "type": "file_version",
            "id": "1367619440370",
            "sha1": "affd82f2b6add32d156349b7607991f539e98df0"
        },
        "sequence_id": "0",
        "etag": "0",
        "sha1": "affd82f2b6add32d156349b7607991f539e98df0",
        "name": "a3.json"
    },
    {
        "type": "file",
        "id": "1251884575423",
        "file_version": {
            "type": "file_version",
            "id": "1367623632223",
            "sha1": "2034425aafc11d9cd38809a1d7b4ad3f8afc6c3c"
        },
        "sequence_id": "0",
        "etag": "0",
        "sha1": "2034425aafc11d9cd38809a1d7b4ad3f8afc6c3c",
        "name": "a3.pdf"
    }
]