<?xml version="1.0" encoding="UTF-8"?>

<mule xmlns:ee="http://www.mulesoft.org/schema/mule/ee/core" xmlns="http://www.mulesoft.org/schema/mule/core"
	xmlns:doc="http://www.mulesoft.org/schema/mule/documentation"
	xmlns:xsi="http://www.w3.org/2001/XMLSchema-instance" xsi:schemaLocation="http://www.mulesoft.org/schema/mule/core http://www.mulesoft.org/schema/mule/core/current/mule.xsd
http://www.mulesoft.org/schema/mule/ee/core http://www.mulesoft.org/schema/mule/ee/core/current/mule-ee.xsd">
	<sub-flow name="Set-Basic-Auth" doc:id="97d4e009-2772-4394-bb22-1683d8630f98" >
		<ee:transform doc:name="set basicAuth" doc:id="e8057cdc-70fd-45b2-8f56-2c55300540c8" >
			<ee:message />
			<ee:variables >
				<ee:set-variable variableName="authHeader" ><![CDATA[%dw 2.0
import dw::Crypto
import toBase64 from dw::core::Binaries

output application/json

var username = Mule::p('secure::siebel.username')
var password = Mule::p('secure::siebel.password')
---
{Authorization: "Basic " ++ toBase64(username ++ ":" ++ password)}]]></ee:set-variable>
			</ee:variables>
		</ee:transform>
	</sub-flow>
</mule>
