<?xml version="1.0" encoding="UTF-8"?>

<mule
	xmlns:secure-properties="http://www.mulesoft.org/schema/mule/secure-properties"
	xmlns:api-gateway="http://www.mulesoft.org/schema/mule/api-gateway"
	xmlns:tls="http://www.mulesoft.org/schema/mule/tls"
	xmlns:http="http://www.mulesoft.org/schema/mule/http"
	xmlns="http://www.mulesoft.org/schema/mule/core"
	xmlns:doc="http://www.mulesoft.org/schema/mule/documentation"
	xmlns:xsi="http://www.w3.org/2001/XMLSchema-instance"
	xsi:schemaLocation="
http://www.mulesoft.org/schema/mule/tls http://www.mulesoft.org/schema/mule/tls/current/mule-tls.xsd 
http://www.mulesoft.org/schema/mule/http http://www.mulesoft.org/schema/mule/http/current/mule-http.xsd http://www.mulesoft.org/schema/mule/core http://www.mulesoft.org/schema/mule/core/current/mule.xsd
http://www.mulesoft.org/schema/mule/api-gateway http://www.mulesoft.org/schema/mule/api-gateway/current/mule-api-gateway.xsd
http://www.mulesoft.org/schema/mule/secure-properties http://www.mulesoft.org/schema/mule/secure-properties/current/mule-secure-properties.xsd">


	<http:listener-config name="HTTP_Listener_config"
		doc:name="HTTP Listener config"
		doc:id="9feed54b-429a-470c-a5da-d3aa1fb48935">
		<http:listener-connection host="${http.host}"
			port="${http.port}" />
	</http:listener-config>
	<http:request-config name="siebel_CRM_request"
		doc:name="HTTP Request configuration"
		doc:id="28aff1b9-b7b8-4fc7-9c38-75448da04c99"
		basePath="${siebel.basePath}">
		<http:request-connection host="${siebel.host}"
			protocol="HTTPS">
			<tls:context>
				<tls:trust-store insecure="true" />
			</tls:context>
			<http:authentication >
				<http:basic-authentication username="INTMULESOFT" password="Mule2023" />
			</http:authentication>
		
</http:request-connection>
	</http:request-config>
	<http:request-config name="siebel_CRM_request_basicAuth"
		doc:name="HTTP Request configuration"
		doc:id="c8f6faaa-d4cb-49f4-a11a-f1102212604c"
		basePath="${siebel.basePath}">
		<http:request-connection host="${siebel.host}"
			protocol="HTTPS">
			<tls:context>
				<tls:trust-store insecure="true" />
			</tls:context>
		</http:request-connection>
	</http:request-config>
	<configuration
		doc:name="Global Error Handler Configuration"
		doc:id="39f90d6b-b570-4c43-8636-0f512cf953f5"
		defaultErrorHandler-ref="global-error-handler" />
	<configuration-properties
		doc:name="Env Specific Configuration properties"
		doc:id="17bb060c-4e25-4dee-b37f-6775ea40f769"
		file="properties/${env}.yaml" />
	<configuration-properties
		doc:name="Secure Configuration properties"
		doc:id="1bdfca34-c667-40aa-bc13-df2674be3bee"
		file="secure/properties/${env}-secure.yaml" />
	<secure-properties:config
		name="Secure_Properties_Config" doc:name="Secure Properties Config"
		doc:id="091ec11b-ec37-4b1a-8d47-acd6743e425e"
		file="secure/properties/${env}-secure.yaml" key="${enc.key}" />
	<!-- <api-gateway:autodiscovery apiId="${api.id}"
		ignoreBasePath="true" doc:name="API Autodiscovery"
		doc:id="77f6a7dd-fcdf-49a4-8c4d-5d187c748447"
		flowRef="siebel-sys-api-main" /> -->
	<global-property doc:name="Global Property"
		doc:id="1d9fff89-36dd-4501-9f57-0f4ee143adaa" name="enc.key"
		value="mulesoft12345678" />
	<global-property doc:name="Global Property" doc:id="738efa67-cc02-4b6e-a6f8-accd32bd39cb" name="env" value="dev" />
</mule>
