<?xml version="1.0" encoding="UTF-8"?>
<mule xmlns="http://www.mulesoft.org/schema/mule/core" xmlns:apikit="http://www.mulesoft.org/schema/mule/mule-apikit" xmlns:doc="http://www.mulesoft.org/schema/mule/documentation" xmlns:ee="http://www.mulesoft.org/schema/mule/ee/core" xmlns:http="http://www.mulesoft.org/schema/mule/http" xmlns:xsi="http://www.w3.org/2001/XMLSchema-instance" xsi:schemaLocation="http://www.mulesoft.org/schema/mule/core http://www.mulesoft.org/schema/mule/core/current/mule.xsd http://www.mulesoft.org/schema/mule/http http://www.mulesoft.org/schema/mule/http/current/mule-http.xsd http://www.mulesoft.org/schema/mule/mule-apikit http://www.mulesoft.org/schema/mule/mule-apikit/current/mule-apikit.xsd http://www.mulesoft.org/schema/mule/ee/core http://www.mulesoft.org/schema/mule/ee/core/current/mule-ee.xsd ">
    <apikit:config name="siebel-sys-api-config" api="siebel-sys-api.raml" outboundHeadersMapName="outboundHeaders" httpStatusVarName="httpStatus" />
    <flow name="siebel-sys-api-main">
        <http:listener config-ref="HTTP_Listener_config" path="${http.path}">
            <http:response statusCode="#[vars.httpStatus default 200]">
                <http:headers><![CDATA[#[vars.outboundHeaders default {}]]]></http:headers>
            </http:response>
            <http:error-response statusCode="#[vars.httpStatus default 500]">
                <http:body><![CDATA[#[payload]]]></http:body>
                <http:headers><![CDATA[#[vars.outboundHeaders default {}]]]></http:headers>
            </http:error-response>
        </http:listener>
        <ee:transform doc:name="Setting Required Headers" doc:id="2022b25a-870d-45dd-88b1-b23d8aeae605">
            <ee:message />
            <ee:variables>
                <ee:set-variable variableName="settingRequiredHeaders"><![CDATA[%dw 2.0
output application/json
---
{
	client_id: attributes.headers.client_id,
    client_secret :attributes.headers.client_secret,
    correlationId: attributes.headers."x-correlation-id" default correlationId
}]]></ee:set-variable>
            </ee:variables>
        </ee:transform>
        <apikit:router config-ref="siebel-sys-api-config" />
        <error-handler ref="global-error-handler" />
    </flow>
    <flow name="siebel-sys-api-console">
        <http:listener config-ref="HTTP_Listener_config" path="/console/*">
            <http:response statusCode="#[vars.httpStatus default 200]">
                <http:headers>#[vars.outboundHeaders default {}]</http:headers>
            </http:response>
            <http:error-response statusCode="#[vars.httpStatus default 500]">
                <http:body>#[payload]</http:body>
                <http:headers>#[vars.outboundHeaders default {}]</http:headers>
            </http:error-response>
        </http:listener>
        <apikit:console config-ref="siebel-sys-api-config" />
        <error-handler>
            <on-error-propagate type="APIKIT:NOT_FOUND">
                <ee:transform>
                    <ee:message>
                        <ee:set-payload><![CDATA[%dw 2.0
output application/json
---
{message: "Resource not found"}]]></ee:set-payload>
                    </ee:message>
                    <ee:variables>
                        <ee:set-variable variableName="httpStatus">404</ee:set-variable>
                    </ee:variables>
                </ee:transform>
            </on-error-propagate>
        </error-handler>
    </flow>
    <flow name="get:\api\v1\ping:siebel-sys-api-config">
        <ee:transform doc:name="Setting Success Response for Ping">
            <ee:message>
                <ee:set-payload><![CDATA[%dw 2.0
output application/json
---
{
  status: "UP",
  api: "${api.name}",
  env: "${env}",
  timestamp: now() as String {format: "dd/MM/yyyy HH:mm:SS"}
}]]></ee:set-payload>
            </ee:message>
        </ee:transform>
    </flow>
    <flow name="get:\api\v1\health-check:siebel-sys-api-config" doc:id="22aa4d51-498d-444d-9dc9-32ca955e76d1">
        <flow-ref doc:name="health-check" doc:id="bdc40501-9c4d-461e-a2f0-ae5d83c74779" name="health-check" />
    </flow>
    <flow name="get:\api\v1\contacts:siebel-sys-api-config">
        <flow-ref doc:name="getContacts" doc:id="f2c1a6fc-3666-4767-ab97-0b65757908ef" name="getContacts" />
    </flow>
    <flow name="post:\api\v1\contacts:application\json:siebel-sys-api-config">
        <flow-ref doc:name="createContacts" doc:id="bcdaff7d-d23d-4735-9082-66f18b811539" name="createContacts" />
    </flow>
    <flow name="get:\api\v1\contacts\(contactId):siebel-sys-api-config">
        <flow-ref doc:name="getContactByContactId" doc:id="d7ab8520-6f95-4f0d-af25-0ec25eb2d4b4" name="getContactByContactId" />
    </flow>
    <flow name="patch:\api\v1\contacts\(contactId):application\json:siebel-sys-api-config">
        <flow-ref doc:name="updateContactByContactId" doc:id="cddc39e7-a3e9-45ce-8759-8664e74c68c7" name="updateContactByContactId" />
    </flow>
    <flow name="delete:\api\v1\contacts\(contactId):siebel-sys-api-config">
        <flow-ref doc:name="deleteContactByContactId" doc:id="3fed6dbe-81bf-48c9-be71-fcef7dc0802f" name="deleteContactByContactId" />
    </flow>
    <flow name="get:\api\v1\call-reports:siebel-sys-api-config">
        <flow-ref doc:name="getCallReport" doc:id="10a41aeb-8deb-41bc-9fa7-3ef2e3e08722" name="getCallReport" />
    </flow>
    <flow name="post:\api\v1\call-reports:application\json:siebel-sys-api-config">
        <flow-ref doc:name="createCallReport" doc:id="6a364342-7a58-4618-91d1-6ff7bbc88f8b" name="createCallReport" />
    </flow>
    <flow name="get:\api\v1\call-reports\(reportId):siebel-sys-api-config">
        <flow-ref doc:name="getCallReportByReportId" doc:id="1dcb8a2a-6186-4131-87e6-174e493e5cb0" name="getCallReportByReportId" />
    </flow>
    <flow name="get:\api\v1\contacts\(contactId)\call-reports:siebel-sys-api-config">
        <flow-ref doc:name="getCallReportByContactId" doc:id="ce806959-f03f-4c4f-b692-5a2b0a981ebf" name="getCallReportByContactId" />
    </flow>
    <flow name="patch:\api\v1\contacts\(contactId)\call-reports\(reportId):application\json:siebel-sys-api-config">
        <flow-ref doc:name="linkCallReportToContact" doc:id="24420b62-8181-4b89-bda9-9d17fac43a37" name="linkCallReportToContact" />
    </flow>
    <flow name="post:\api\v1\call-reports\(reportId)\attachments:siebel-sys-api-config">
        <ee:transform doc:name="set var reportId" doc:id="2e766597-128b-48e4-b34b-3bae0c4485e0">
            <ee:message />
            <ee:variables>
                <ee:set-variable variableName="reportId"><![CDATA[%dw 2.0
output application/java
---
attributes.uriParams.reportId]]></ee:set-variable>
            </ee:variables>
        </ee:transform>
        <flow-ref doc:name="createCallReportAttachmentByReportId" doc:id="17d471e8-a70d-4b0e-b3d5-a549dd682f7b" name="createCallReportAttachmentByReportId" />
    </flow>
    <flow name="get:\api\v1\call-reports\(reportId)\attachments:siebel-sys-api-config">
        <ee:transform doc:name="set var reportId" doc:id="fd2e8c30-b922-423f-8e44-7c37e403f3ed">
            <ee:message />
            <ee:variables>
                <ee:set-variable variableName="reportId"><![CDATA[%dw 2.0
output application/java
---
attributes.uriParams.reportId]]></ee:set-variable>
            </ee:variables>
        </ee:transform>
        <flow-ref doc:name="getCallReportAttachmentByReportId" doc:id="ff8a1fe8-3fab-4217-a9d1-6329ac265334" name="getCallReportAttachmentByReportId" />
    </flow>
    <flow name="post:\api\v1\call-reports\(reportId)\attachments:application\json:siebel-sys-api-config">
        <ee:transform doc:name="set var reportId" doc:id="80082490-c709-4634-b6d9-387322ab5197">
            <ee:message />
            <ee:variables>
                <ee:set-variable variableName="reportId"><![CDATA[%dw 2.0
output application/java
---
attributes.uriParams.reportId]]></ee:set-variable>
            </ee:variables>
        </ee:transform>
        <flow-ref doc:name="createCallReportAttachmentByReportId" doc:id="b1c691ad-1f96-47ad-b860-3adb88798779" name="createCallReportAttachmentByReportId" />
    </flow>
</mule>
