<?xml version="1.0" encoding="UTF-8"?>

<mule xmlns:http="http://www.mulesoft.org/schema/mule/http" xmlns:os="http://www.mulesoft.org/schema/mule/os"
	xmlns:ee="http://www.mulesoft.org/schema/mule/ee/core"
	xmlns="http://www.mulesoft.org/schema/mule/core" xmlns:doc="http://www.mulesoft.org/schema/mule/documentation" xmlns:xsi="http://www.w3.org/2001/XMLSchema-instance" xsi:schemaLocation="http://www.mulesoft.org/schema/mule/core http://www.mulesoft.org/schema/mule/core/current/mule.xsd
http://www.mulesoft.org/schema/mule/ee/core http://www.mulesoft.org/schema/mule/ee/core/current/mule-ee.xsd
http://www.mulesoft.org/schema/mule/os http://www.mulesoft.org/schema/mule/os/current/mule-os.xsd
http://www.mulesoft.org/schema/mule/http http://www.mulesoft.org/schema/mule/http/current/mule-http.xsd">
	<sub-flow name="delete-doc-subflow" doc:id="86f333c6-eb9b-4805-a4b1-4df21b8237a3" >
		<logger level="INFO" doc:name="Flow Start" doc:id="2fcae9ba-6777-4bde-ae56-16dc126ef94a" message='#[%dw 2.0&#10;output application/json&#10;---&#10;"CorrelationId : " ++ vars.correlationId ++ " Flow started to delete document: " ++ vars.fileName]' />
		<until-successful maxRetries="${until-successful.maxRetries}" doc:name="Until Successful" doc:id="b05a7988-23da-4429-be5a-425b2496f2ba" millisBetweenRetries="${until-successful.millisBetweenRetries}" >
			<try doc:name="Try" doc:id="8cdb15c6-68f2-416c-8837-e93ea9d28d02" >
				<http:request method="DELETE" doc:name="HTTP DELETE Doc to common-prc-api" doc:id="52041983-0502-4563-a603-c8e3a11b05ac" config-ref="common_prc_api_request" path="${prc.folderPath}${prc.docFolderPath}" sendCorrelationId="ALWAYS" correlationId="#[vars.correlationId]" >
					<http:headers ><![CDATA[#[vars.settingRequiredHeaders]]]></http:headers>
					<http:uri-params ><![CDATA[#[output application/json
---
{
	"folder-name" : vars.folderName
}]]]></http:uri-params>
					<http:query-params ><![CDATA[#[output application/json
---
{
	"fileName" : vars.fileName
}]]]></http:query-params>
				</http:request>
				<error-handler >
					<on-error-propagate enableNotifications="true" logException="true" doc:name="On Error Propagate" doc:id="f4806c2e-1dfa-4652-a550-df94af6f9eb4" type="ANY" >
						<logger level="ERROR" doc:name="Error Message" doc:id="0d4c8254-f9a0-43d4-afeb-0f5e9e5552dd" message='#[error.errorType.asString ++ " Error occured while connecting"]' />
					</on-error-propagate>
				</error-handler>
			</try>
		</until-successful>
		<ee:transform doc:name="Response From DELETE Call" doc:id="a46961b9-1e79-4ded-af30-65011baf6499" >
			<ee:message >
				<ee:set-payload ><![CDATA[%dw 2.0
output application/json
---
payload]]></ee:set-payload>
			</ee:message>
		</ee:transform>
		<logger level="INFO" doc:name="Flow End" doc:id="cf71f749-2ce3-4572-8a96-cf10b7d863ab" message='#[%dw 2.0&#10;output application/json&#10;---&#10;"CorrelationId : " ++ vars.correlationId ++ " Flow ended to delete document: " ++ vars.fileName]' />
	</sub-flow>
</mule>
