<?xml version="1.0" encoding="UTF-8"?>

<mule xmlns:http="http://www.mulesoft.org/schema/mule/http" xmlns:os="http://www.mulesoft.org/schema/mule/os"
	xmlns:ee="http://www.mulesoft.org/schema/mule/ee/core"
	xmlns="http://www.mulesoft.org/schema/mule/core" xmlns:doc="http://www.mulesoft.org/schema/mule/documentation" xmlns:xsi="http://www.w3.org/2001/XMLSchema-instance" xsi:schemaLocation="http://www.mulesoft.org/schema/mule/core http://www.mulesoft.org/schema/mule/core/current/mule.xsd
http://www.mulesoft.org/schema/mule/ee/core http://www.mulesoft.org/schema/mule/ee/core/current/mule-ee.xsd
http://www.mulesoft.org/schema/mule/os http://www.mulesoft.org/schema/mule/os/current/mule-os.xsd
http://www.mulesoft.org/schema/mule/http http://www.mulesoft.org/schema/mule/http/current/mule-http.xsd">
	<sub-flow name="retrieve-all-doc-names-subflow" doc:id="8530c4e8-3408-45b0-8a24-c9f3bf99c70e" >
		<logger level="INFO" doc:name="Flow Start" doc:id="980bd8bd-85d0-46f7-a09e-e7c5a7e00f24" message='#[%dw 2.0&#10;output application/json&#10;---&#10;"CorrelationId : " ++ vars.correlationId ++ " Flow started to retrieve all the documents from folder: " ++ vars.folderName]' />
		<until-successful maxRetries="${until-successful.maxRetries}" doc:name="Until Successful" doc:id="8bbfc947-6f66-4d80-910b-a43709b47d83" millisBetweenRetries="${until-successful.millisBetweenRetries}" >
			<try doc:name="Try" doc:id="ee24887b-92b7-400e-bfeb-7f2613613c23" >
				<http:request method="GET" doc:name="HTTP GET Doc to common-prc-api" doc:id="2a2b3e59-75b3-422b-9b29-565351a74ec1" config-ref="common_prc_api_request" path="${prc.folderPath}${prc.folderInfoPath}" sendCorrelationId="ALWAYS" correlationId="#[vars.correlationId]" >
					<http:headers ><![CDATA[#[vars.settingRequiredHeaders]]]></http:headers>
					<http:uri-params ><![CDATA[#[output application/json
---
{
	"folder-name" : vars.folderName
}]]]></http:uri-params>
				</http:request>
				<error-handler >
					<on-error-propagate enableNotifications="true" logException="true" doc:name="On Error Propagate" doc:id="c798683d-d20d-4294-b39a-3495528e60a4" type="ANY" >
						<logger level="ERROR" doc:name="Error Message" doc:id="2663fd18-2540-41fe-8424-f82346f769f5" message='#[error.errorType.asString ++ " Error occured while connecting"]' />
					</on-error-propagate>
				</error-handler>
			</try>
		</until-successful>
		<ee:transform doc:name="Response From GET Call" doc:id="c58a425c-2999-4163-9601-8669b17bb022" >
			<ee:message >
				<ee:set-payload ><![CDATA[%dw 2.0
output application/json
---
payload]]></ee:set-payload>
			</ee:message>
		</ee:transform>
		<logger level="INFO" doc:name="Flow End" doc:id="70492192-5be2-4d11-b48a-f4f8be310533" message='#[%dw 2.0&#10;output application/json&#10;---&#10;"CorrelationId : " ++ vars.correlationId ++ " Flow ended to retrieve all the documents from folder: " ++ vars.folderName]' />
	</sub-flow>
</mule>
