<?xml version="1.0" encoding="UTF-8"?>

<mule xmlns:os="http://www.mulesoft.org/schema/mule/os"
	xmlns:ee="http://www.mulesoft.org/schema/mule/ee/core"
	xmlns:http="http://www.mulesoft.org/schema/mule/http"
	xmlns="http://www.mulesoft.org/schema/mule/core"
	xmlns:doc="http://www.mulesoft.org/schema/mule/documentation"
	xmlns:xsi="http://www.w3.org/2001/XMLSchema-instance"
	xsi:schemaLocation="http://www.mulesoft.org/schema/mule/core http://www.mulesoft.org/schema/mule/core/current/mule.xsd
http://www.mulesoft.org/schema/mule/http http://www.mulesoft.org/schema/mule/http/current/mule-http.xsd
http://www.mulesoft.org/schema/mule/ee/core http://www.mulesoft.org/schema/mule/ee/core/current/mule-ee.xsd
http://www.mulesoft.org/schema/mule/os http://www.mulesoft.org/schema/mule/os/current/mule-os.xsd">
	<sub-flow name="upload-docs-subflow"
		doc:id="eccbdddc-c78c-43e3-a76b-b3a58429cb6b">
		<logger level="INFO" doc:name="Flow Start" doc:id="51a97fe6-2009-4e25-a2de-4847e05749f3" message='#[%dw 2.0&#10;output application/json&#10;---&#10;"CorrelationId : " ++ vars.correlationId ++ " Upload docs flow Started"]' />
		<ee:transform doc:name="Request Body For POST" doc:id="2ae3a3c2-aa39-4956-b549-42ead9986fad" >
			<ee:message />
			<ee:variables >
				<ee:set-variable variableName="body" ><![CDATA[%dw 2.0
output application/json
---
payload]]></ee:set-variable>
			</ee:variables>
		</ee:transform>
		<until-successful maxRetries="${until-successful.maxRetries}" doc:name="Until Successful" doc:id="d19576a0-3498-473b-845b-981730ccfb9d" millisBetweenRetries="${until-successful.millisBetweenRetries}" >
			<try doc:name="Try" doc:id="e2077598-b6dd-4178-af8a-93c1e5545e2d" >
				<http:request method="POST" doc:name="HTTP POST Docs to common-prc-api" doc:id="be674761-594f-4292-a217-b41a90e6d9c2" config-ref="common_prc_api_request" path="${prc.docPath}" sendCorrelationId="ALWAYS" correlationId="#[vars.correlationId]" >
					<http:body ><![CDATA[#[vars.body]]]></http:body>
					<http:headers ><![CDATA[#[vars.settingRequiredHeaders ++ vars.orgName]]]></http:headers>
				</http:request>
				<error-handler >
					<on-error-propagate enableNotifications="true" logException="true" doc:name="On Error Propagate" doc:id="bc348be0-6f2b-4a4d-8e67-ae153941395d" type="ANY" >
						<logger level="ERROR" doc:name="Error Message" doc:id="c094723e-464a-465c-80b4-77e3b2904c49" message='#[error.errorType.asString ++ " Error occured while connecting"]' />
					</on-error-propagate>
				</error-handler>
			</try>
		</until-successful>
		<ee:transform doc:name="Response From POST Call" doc:id="ce907e8e-8306-4582-b574-97af0d264e03" >
			<ee:message >
				<ee:set-payload ><![CDATA[%dw 2.0
output application/json
---
payload]]></ee:set-payload>
			</ee:message>
		</ee:transform>
		<logger level="INFO" doc:name="Flow End" doc:id="12c162e5-fe13-4d2b-992a-8a293fe8b811" message='#[%dw 2.0&#10;output application/json&#10;---&#10;"CorrelationId : " ++ vars.correlationId ++ " Upload docs flow ended"]' />
	</sub-flow>
</mule>
