{
    "type": "folder",
    "id": "215873734484",
    "sequence_id": "0",
    "etag": "0",
    "name": "0f0DF0000004CC7YAM",
    "created_at": "2023-07-05T09:37:15-07:00",
    "modified_at": "2023-07-06T00:21:36-07:00",
    "description": "",
    "size": 134510,
    "path_collection": {
        "total_count": 1,
        "entries": [
            {
                "type": "folder",
                "id": "0",
                "sequence_id": null,
                "etag": null,
                "name": "All Files"
            }
        ]
    },
    "created_by": {
        "type": "user",
        "id": "26749807932",
        "name": "Mule-integration-PoC-with-JWT",
        "login": "AutomationUser_2063104_ArWR7avWp2@boxdevedition.com"
    },
    "modified_by": {
        "type": "user",
        "id": "26749807932",
        "name": "Mule-integration-PoC-with-JWT",
        "login": "AutomationUser_2063104_ArWR7avWp2@boxdevedition.com"
    },
    "trashed_at": null,
    "purged_at": null,
    "content_created_at": "2023-07-05T09:37:15-07:00",
    "content_modified_at": "2023-07-06T00:21:36-07:00",
    "owned_by": {
        "type": "user",
        "id": "26749807932",
        "name": "Mule-integration-PoC-with-JWT",
        "login": "AutomationUser_2063104_ArWR7avWp2@boxdevedition.com"
    },
    "shared_link": null,
    "folder_upload_email": null,
    "parent": {
        "type": "folder",
        "id": "0",
        "sequence_id": null,
        "etag": null,
        "name": "All Files"
    },
    "item_status": "active",
    "item_collection": {
        "total_count": 2,
        "entries": [
            {
                "type": "file",
                "id": "1254120677249",
                "file_version": {
                    "type": "file_version",
                    "id": "1370156710049",
                    "sha1": "a1f791ae575c3de78a9848b53740b01ee8be7d39"
                },
                "sequence_id": "0",
                "etag": "0",
                "sha1": "a1f791ae575c3de78a9848b53740b01ee8be7d39",
                "name": "MicrosoftTeams-image (34)"
            },
            {
                "type": "file",
                "id": "1254124004264",
                "file_version": {
                    "type": "file_version",
                    "id": "1370160089864",
                    "sha1": "50d9bdfc1141f7cbf554f42abe2e18fa1d3deaff"
                },
                "sequence_id": "0",
                "etag": "0",
                "sha1": "50d9bdfc1141f7cbf554f42abe2e18fa1d3deaff",
                "name": "MicrosoftTeams-image (37)"
            }
        ],
        "offset": 0,
        "limit": 100,
        "order": [
            {
                "by": "type",
                "direction": "ASC"
            },
            {
                "by": "name",
                "direction": "ASC"
            }
        ]
    }
}