<?xml version="1.0" encoding="UTF-8"?>
<!-- [STUDIO:"get:\api\v1\folders\(folderId):box-accelerator-sys-api-config"]<?xml 
	version="1.0" encoding="UTF-8"?> [STUDIO] -->
<mule xmlns="http://www.mulesoft.org/schema/mule/core" xmlns:apikit="http://www.mulesoft.org/schema/mule/mule-apikit" xmlns:box="http://www.mulesoft.org/schema/mule/box" xmlns:doc="http://www.mulesoft.org/schema/mule/documentation" xmlns:ee="http://www.mulesoft.org/schema/mule/ee/core" xmlns:http="http://www.mulesoft.org/schema/mule/http" xmlns:xsi="http://www.w3.org/2001/XMLSchema-instance" xsi:schemaLocation="http://www.mulesoft.org/schema/mule/core http://www.mulesoft.org/schema/mule/core/current/mule.xsd http://www.mulesoft.org/schema/mule/http http://www.mulesoft.org/schema/mule/http/current/mule-http.xsd http://www.mulesoft.org/schema/mule/mule-apikit http://www.mulesoft.org/schema/mule/mule-apikit/current/mule-apikit.xsd http://www.mulesoft.org/schema/mule/ee/core http://www.mulesoft.org/schema/mule/ee/core/current/mule-ee.xsd  http://www.mulesoft.org/schema/mule/box http://www.mulesoft.org/schema/mule/box/current/mule-box.xsd">
    <apikit:config name="box-accelerator-sys-api-config" api="box-accelerator-sys-api.raml" outboundHeadersMapName="outboundHeaders" httpStatusVarName="httpStatus" />
    <flow name="box-accelerator-sys-api-main">
        <http:listener path="${http.path}" config-ref="HTTP_Listener_config">
            <http:response statusCode="#[vars.httpStatus default 200]">
                <http:headers><![CDATA[#[vars.outboundHeaders default {}]]]></http:headers>
            </http:response>
            <http:error-response statusCode="#[vars.httpStatus default 500]">
                <http:body><![CDATA[#[payload]]]></http:body>
                <http:headers><![CDATA[#[vars.outboundHeaders default {}]]]></http:headers>
            </http:error-response>
        </http:listener>
        <set-variable value="#[%dw 2.0&#xA;output application/json&#xA;---&#xA;attributes.headers.&quot;x-correlation-id&quot; default correlationId]" doc:name="set var correlationId" doc:id="c39f70a6-924e-401b-a65c-9581df067899" variableName="correlationId" />
        <logger level="INFO" doc:name="box-accelerator-sys-api started" doc:id="01645589-8759-4f90-9915-af027a6e4e52" message="box-accelerator-sys-api started" />
        <apikit:router config-ref="box-accelerator-sys-api-config" />
        <logger level="INFO" doc:name="box-accelerator-sys-api ended" doc:id="23dd7d72-19ce-4f51-a8dc-b491ef1612c4" message="box-accelerator-sys-api ended" />
        <error-handler ref="global-error-handler" />
    </flow>
    <flow name="box-accelerator-sys-api-console">
        <http:listener path="/console/*" config-ref="HTTP_Listener_config">
            <http:response statusCode="#[vars.httpStatus default 200]">
                <http:headers><![CDATA[#[vars.outboundHeaders default {}]]]></http:headers>
            </http:response>
            <http:error-response statusCode="#[vars.httpStatus default 500]">
                <http:body><![CDATA[#[payload]]]></http:body>
                <http:headers><![CDATA[#[vars.outboundHeaders default {}]]]></http:headers>
            </http:error-response>
        </http:listener>
        <choice doc:name="Enable / Disable Console" doc:id="72ad6008-d62c-4ff0-89d9-0e2a68d285c6">
            <when expression="${api.viewConsole} ">
                <apikit:console config-ref="box-accelerator-sys-api-config" />
            </when>
            <otherwise>
                <ee:transform doc:name="The Console is disabled." doc:id="6416f0f8-f1d0-4a36-9c0b-9840dfd87245">
                    <ee:message>
                        <ee:set-payload><![CDATA[%dw 2.0
output application/json
---
"The Console is disabled."]]></ee:set-payload>
                    </ee:message>
                </ee:transform>
            </otherwise>
        </choice>
        <error-handler>
            <on-error-propagate type="APIKIT:NOT_FOUND">
                <ee:transform doc:name="Transform Message">
                    <ee:message>
                        <ee:set-payload><![CDATA[%dw 2.0
output application/json
---
{message: "Resource not found"}]]></ee:set-payload>
                    </ee:message>
                    <ee:variables>
                        <ee:set-variable variableName="httpStatus">404</ee:set-variable>
                    </ee:variables>
                </ee:transform>
            </on-error-propagate>
        </error-handler>
    </flow>
    <flow name="get:\api\v1\ping:box-accelerator-sys-api-config">
        <ee:transform doc:name="response">
            <ee:message>
                <ee:set-payload><![CDATA[%dw 2.0
output application/json
---
{
  status: "UP",
  api: "${api.name}",
  env: "${env}",
  timestamp: now() as String {format: "dd/MM/yyyy HH:mm:SS"}
}]]></ee:set-payload>
            </ee:message>
        </ee:transform>
    </flow>
    <flow name="get:\api\v1\health-check:box-accelerator-sys-api-config">
        <box:get-folders-by-folder-id doc:name="calling box service" doc:id="9f976bd3-09ea-44c9-924c-4b63aa3097e7" config-ref="Box_Connector_Config_jwt_custom_key" folderId="0" />
        <ee:transform doc:name="response">
            <ee:message>
                <ee:set-payload><![CDATA[%dw 2.0
output application/json
---
{
  response: {
    application: "${api.name}",
    buildversion: "${api.buildversion}",
    buildTimestamp: now() as String {format: "dd/MM/yyyy HH:mm:SS"},
    status: "UP",
    env: "${env}",
    systems: [
      {
        name: "Box",
        status: if ((attributes.statusCode)==200)"UP" else "DOWN"
      }
    ]
  }
}]]></ee:set-payload>
            </ee:message>
        </ee:transform>
        <error-handler>
            <on-error-continue enableNotifications="true" logException="true" doc:name="On Error Continue" doc:id="0f8a5819-5982-4858-8350-841d18fd3cf5" type="ANY">
                <logger level="INFO" doc:name="Logger" doc:id="11924c0f-c411-49c5-8771-959fc70a84e5" />
            </on-error-continue>
        </error-handler>
    </flow>
    <flow name="post:\api\v1\folders:application\json:box-accelerator-sys-api-config">
        <flow-ref doc:name="createFolderSubFlow" doc:id="db70b6bd-8678-462c-8427-58913fb1f2ff" name="createFolderSubFlow" />
    </flow>
    <flow name="delete:\api\v1\folders\(folderId):box-accelerator-sys-api-config">
        <ee:transform doc:name="set var folderId" doc:id="b76d88eb-6867-4a79-835f-8ddf46b8bdd6">
            <ee:message />
            <ee:variables>
                <ee:set-variable variableName="folderId"><![CDATA[%dw 2.0
output application/json
---
attributes.uriParams.'folderId' default ""]]></ee:set-variable>
            </ee:variables>
        </ee:transform>
        <flow-ref doc:name="deleteFolderByFolderIdSubFlow" doc:id="6329f98f-35ed-405e-99aa-a0d2b83c2289" name="deleteFolderByFolderIdSubFlow" />
    </flow>
    <flow name="put:\api\v1\folders\(folderId):application\json:box-accelerator-sys-api-config">
        <ee:transform doc:name="set var folderId">
            <ee:variables>
                <ee:set-variable variableName="folderId"><![CDATA[%dw 2.0
output application/json
---
attributes.uriParams.'folderId' default ""]]></ee:set-variable>
            </ee:variables>
        </ee:transform>
        <flow-ref doc:name="updateFolderByFolderIdSubFlow" doc:id="014ad1f3-0f1b-4748-9b0a-7170c5b00e9a" name="updateFolderByFolderIdSubFlow" />
    </flow>
    <flow name="get:\api\v1\folders\(folderId):box-accelerator-sys-api-config">
        <ee:transform doc:name="set var folderId">
            <ee:variables>
                <ee:set-variable variableName="folderId"><![CDATA[%dw 2.0
output application/json
---
attributes.uriParams.'folderId' default ""]]></ee:set-variable>
            </ee:variables>
        </ee:transform>
        <flow-ref doc:name="downloadAllFilesFromFolderSubFlow" doc:id="477bff35-2f15-4376-ae0b-9cf566cc410f" name="downloadAllFilesFromFolderSubFlow" />
    </flow>
    <flow name="get:\api\v1\folders\(folderId)\info:box-accelerator-sys-api-config">
        <ee:transform doc:name="set var folderId">
            <ee:variables>
                <ee:set-variable variableName="folderId"><![CDATA[%dw 2.0
output application/json
---
attributes.uriParams.'folderId' default ""]]></ee:set-variable>
            </ee:variables>
        </ee:transform>
        <flow-ref doc:name="getFolderDetailsByFolderIdSubFlow" doc:id="d676c261-bf56-4ae9-8156-0823be379746" name="getFolderDetailsByFolderIdSubFlow" />
    </flow>
    <flow name="post:\api\v1\folders\(folderId)\copy:application\json:box-accelerator-sys-api-config">
        <ee:transform doc:name="set var folderId">
            <ee:variables>
                <ee:set-variable variableName="folderId"><![CDATA[%dw 2.0
output application/json
---
attributes.uriParams.'folderId' default ""]]></ee:set-variable>
            </ee:variables>
        </ee:transform>
        <flow-ref doc:name="copyFolderByFolderIdSubFlow" doc:id="158cf54d-5bc9-4509-9541-822c4e47e12c" name="copyFolderByFolderIdSubFlow" />
    </flow>
    <flow name="post:\api\v1\files:application\json:box-accelerator-sys-api-config">
        <flow-ref doc:name="uploadFileSubFlow" doc:id="52c59bbd-d91c-41c3-af42-28d43ce08609" name="uploadFileSubFlow" />
    </flow>
    <flow name="get:\api\v1\files:box-accelerator-sys-api-config">
        <ee:transform doc:name="set var fileId" doc:id="763784ef-3c07-4cfd-bc26-e1743a73afed">
            <ee:message />
            <ee:variables>
                <ee:set-variable variableName="fileId"><![CDATA[%dw 2.0
output application/json
---
attributes.queryParams.'fileId' default ""]]></ee:set-variable>
            </ee:variables>
        </ee:transform>
        <flow-ref doc:name="downloadFileByFileIdSubFlow" doc:id="a8049a65-0ce9-4f48-9e30-c42c381aae88" name="downloadFileByFileIdSubFlow" />
    </flow>
    <flow name="delete:\api\v1\files\(fileId):box-accelerator-sys-api-config">
        <ee:transform doc:name="set var fileId" doc:id="4779d363-46b5-4c96-9fe5-e903d47d4902">
            <ee:message />
            <ee:variables>
                <ee:set-variable variableName="fileId"><![CDATA[%dw 2.0
output application/json
---
attributes.uriParams.'fileId' default ""]]></ee:set-variable>
            </ee:variables>
        </ee:transform>
        <flow-ref doc:name="deleteFileByFileIdSubFlow" doc:id="f47cff84-689a-4c14-b3fa-e796174e8586" name="deleteFileByFileIdSubFlow" />
    </flow>
    <flow name="put:\api\v1\files\(fileId):application\json:box-accelerator-sys-api-config">
        <ee:transform doc:name="set var fileId">
            <ee:variables>
                <ee:set-variable variableName="fileId"><![CDATA[%dw 2.0
output application/json
---
attributes.uriParams.'fileId' default ""]]></ee:set-variable>
            </ee:variables>
        </ee:transform>
        <flow-ref doc:name="updateFileByFileIdSubFlow" doc:id="bc17283d-b997-49f6-bdab-6b615a3b19ae" name="updateFileByFileIdSubFlow" />
    </flow>
    <flow name="get:\api\v1\files\(fileId)\info:box-accelerator-sys-api-config">
        <ee:transform doc:name="set var fileId">
            <ee:variables>
                <ee:set-variable variableName="fileId"><![CDATA[%dw 2.0
output application/json
---
attributes.uriParams.'fileId' default ""]]></ee:set-variable>
            </ee:variables>
        </ee:transform>
        <flow-ref doc:name="getFileDetailsByFileIdSubFlow" doc:id="6d6c8d83-1e7a-43c8-8c8e-3cb965f73353" name="getFileDetailsByFileIdSubFlow" />
    </flow>
    <flow name="post:\api\v1\files\(fileId)\copy:application\json:box-accelerator-sys-api-config">
        <ee:transform doc:name="set var fileId" doc:id="aa27e138-7bf9-459b-a9d8-fc6e724cdb27">
            <ee:variables>
                <ee:set-variable variableName="fileId"><![CDATA[%dw 2.0
output application/json
---
attributes.uriParams.'fileId' default ""]]></ee:set-variable>
            </ee:variables>
        </ee:transform>
        <flow-ref doc:name="copyFileByFileIdSubFlow" doc:id="8eabdd5d-9b85-4004-8e63-9421505b7009" name="copyFileByFileIdSubFlow" />
    </flow>
    <flow name="post:\api\v1\collaborations:application\json:box-accelerator-sys-api-config">
        <flow-ref doc:name="postCollaborationsSubFlow" doc:id="59adb8e1-8738-4499-9d71-0bdebc6a011c" name="postCollaborationsSubFlow" />
    </flow>
    <flow name="get:\api\v1\collaborations\(collaborationId):box-accelerator-sys-api-config">
        <ee:transform doc:name="set var collaborationId">
            <ee:variables>
                <ee:set-variable variableName="collaborationId"><![CDATA[%dw 2.0
output application/json
---
attributes.uriParams.'collaborationId' default ""]]></ee:set-variable>
            </ee:variables>
        </ee:transform>
        <flow-ref doc:name="getCollaborationsSubFlow" doc:id="af9dfd41-dccb-4594-859e-574669539995" name="getCollaborationsSubFlow" />
    </flow>
    <flow name="put:\api\v1\collaborations\(collaborationId):application\json:box-accelerator-sys-api-config">
        <ee:transform doc:name="set var collaborationId" doc:id="34045bdd-231c-48dc-8c13-1d00e8fce3a9">
            <ee:variables>
                <ee:set-variable variableName="collaborationId"><![CDATA[%dw 2.0
output application/json
---
attributes.uriParams.'collaborationId' default ""]]></ee:set-variable>
            </ee:variables>
        </ee:transform>
        <flow-ref doc:name="updateCollaborationsSubFlow" doc:id="d0224a7a-195b-436c-be9f-d4be5dd18cd5" name="updateCollaborationsSubFlow" />
    </flow>
    <flow name="delete:\api\v1\collaborations\(collaborationId):box-accelerator-sys-api-config">
        <ee:transform doc:name="set var collaborationId" doc:id="4e48c7df-6ad9-4477-a79e-7999f1145d0d">
            <ee:variables>
                <ee:set-variable variableName="collaborationId"><![CDATA[%dw 2.0
output application/json
---
attributes.uriParams.'collaborationId' default ""]]></ee:set-variable>
            </ee:variables>
        </ee:transform>
        <flow-ref doc:name="deleteCollaborationsSubFlow" doc:id="ecff787d-f3b1-4c3b-9450-bfcfdbc7cf1c" name="deleteCollaborationsSubFlow" />
    </flow>
    <flow name="get:\api\v1\sharedlinks\files:box-accelerator-sys-api-config">
        <ee:transform doc:name="set var BoxApi" doc:id="763f3861-726d-4d4f-b544-d9873bfb4ad4">
            <ee:message />
            <ee:variables>
                <ee:set-variable variableName="BoxApi"><![CDATA[%dw 2.0
output application/json
---
if (!isEmpty(attributes.headers.'shared_link') and !isEmpty(attributes.headers.'shared_link_password') ) "shared_link=" ++ attributes.headers.'shared_link' default "" ++ "&shared_link_password=" ++ attributes.headers.'shared_link_password' default "" else "shared_link=" ++ attributes.headers.'shared_link' default ""]]></ee:set-variable>
            </ee:variables>
        </ee:transform>
        <flow-ref doc:name="findFileForSharedLinkSubFlow" doc:id="9eb3d295-8c27-4544-adb0-359c94e6a7e7" name="findFileForSharedLinkSubFlow" />
    </flow>
    <flow name="get:\api\v1\sharedlinks\files\(fileId):box-accelerator-sys-api-config">
        <ee:transform doc:name="set var fileId">
            <ee:variables>
                <ee:set-variable variableName="fileId"><![CDATA[%dw 2.0
output application/json
---
attributes.uriParams.'fileId' default ""]]></ee:set-variable>
            </ee:variables>
        </ee:transform>
        <flow-ref doc:name="getSharedLinkForFileSubFlow" doc:id="03440c87-f867-44b7-bbb6-5981ab0a6a2d" name="getSharedLinkForFileSubFlow" />
    </flow>
    <flow name="post:\api\v1\sharedlinks\files\(fileId):application\json:box-accelerator-sys-api-config">
        <ee:transform doc:name="set var fileId">
            <ee:variables>
                <ee:set-variable variableName="fileId"><![CDATA[%dw 2.0
output application/json
---
attributes.uriParams.'fileId' default ""]]></ee:set-variable>
            </ee:variables>
        </ee:transform>
        <flow-ref doc:name="addSharedLinkToFileSubFlow" doc:id="15e5ba79-9da9-4c1b-b7c5-c0878dd8d45e" name="addSharedLinkToFileSubFlow" />
    </flow>
    <flow name="patch:\api\v1\sharedlinks\files\(fileId):application\json:box-accelerator-sys-api-config">
        <ee:transform doc:name="set var fileId">
            <ee:variables>
                <ee:set-variable variableName="fileId"><![CDATA[%dw 2.0
output application/json
---
attributes.uriParams.'fileId' default ""]]></ee:set-variable>
            </ee:variables>
        </ee:transform>
        <flow-ref doc:name="updateSharedLinkOnFileSubFlow" doc:id="fadffa7e-8f25-444c-a445-3fcbb128b7cc" name="updateSharedLinkOnFileSubFlow" />
    </flow>
    <flow name="delete:\api\v1\sharedlinks\files\(fileId):application\json:box-accelerator-sys-api-config">
        <ee:transform doc:name="set var fileId">
            <ee:variables>
                <ee:set-variable variableName="fileId"><![CDATA[%dw 2.0
output application/json
---
attributes.uriParams.'fileId' default ""]]></ee:set-variable>
            </ee:variables>
        </ee:transform>
        <flow-ref doc:name="removeSharedLinkFromFileSubFlow" doc:id="365fcd64-73a4-4446-bf4c-cf02a57fdc3c" name="removeSharedLinkFromFileSubFlow" />
    </flow>
    <flow name="get:\api\v1\sharedlinks\folders:box-accelerator-sys-api-config">
        <ee:transform doc:name="set var BoxApi" doc:id="79c6384a-de1a-4edd-b4c6-78e2404286f6">
            <ee:message />
            <ee:variables>
                <ee:set-variable variableName="BoxApi"><![CDATA[%dw 2.0
output application/json
---
if (!isEmpty(attributes.headers.'shared_link') and !isEmpty(attributes.headers.'shared_link_password') ) "shared_link=" ++ attributes.headers.'shared_link' default "" ++ "&shared_link_password=" ++ attributes.headers.'shared_link_password' default "" else "shared_link=" ++ attributes.headers.'shared_link' default ""]]></ee:set-variable>
            </ee:variables>
        </ee:transform>
        <flow-ref doc:name="findFolderForSharedLinkSubFlow" doc:id="57091638-fcd7-4092-8b26-0081676496ae" name="findFolderForSharedLinkSubFlow" />
    </flow>
    <flow name="get:\api\v1\sharedlinks\folders\(folderId):box-accelerator-sys-api-config">
        <ee:transform doc:name="set var folderId">
            <ee:variables>
                <ee:set-variable variableName="folderId"><![CDATA[%dw 2.0
output application/json
---
attributes.uriParams.'folderId' default ""]]></ee:set-variable>
            </ee:variables>
        </ee:transform>
        <flow-ref doc:name="getSharedLinkForFolderSubFlow" doc:id="d9044a10-db62-48a6-be6b-8c387e49ad91" name="getSharedLinkForFolderSubFlow" />
    </flow>
    <flow name="post:\api\v1\sharedlinks\folders\(folderId):application\json:box-accelerator-sys-api-config">
        <ee:transform doc:name="set var folderId">
            <ee:variables>
                <ee:set-variable variableName="folderId"><![CDATA[%dw 2.0
output application/json
---
attributes.uriParams.'folderId' default ""]]></ee:set-variable>
            </ee:variables>
        </ee:transform>
        <flow-ref doc:name="addSharedLinkToFolderSubFlow" doc:id="e82558ba-c4c4-4278-b41d-2660846894e2" name="addSharedLinkToFolderSubFlow" />
    </flow>
    <flow name="patch:\api\v1\sharedlinks\folders\(folderId):application\json:box-accelerator-sys-api-config">
        <ee:transform doc:name="set var folderId">
            <ee:variables>
                <ee:set-variable variableName="folderId"><![CDATA[%dw 2.0
output application/json
---
attributes.uriParams.'folderId' default ""]]></ee:set-variable>
            </ee:variables>
        </ee:transform>
        <flow-ref doc:name="updateSharedLinkOnFolderSubFlow" doc:id="866109dc-7f83-4867-aa04-757e07b84da1" name="updateSharedLinkOnFolderSubFlow" />
    </flow>
    <flow name="delete:\api\v1\sharedlinks\folders\(folderId):application\json:box-accelerator-sys-api-config">
        <ee:transform doc:name="set var folderId">
            <ee:variables>
                <ee:set-variable variableName="folderId"><![CDATA[%dw 2.0
output application/json
---
attributes.uriParams.'folderId' default ""]]></ee:set-variable>
            </ee:variables>
        </ee:transform>
        <flow-ref doc:name="removeSharedLinkFromFolderSubFlow" doc:id="b6578c5d-1de9-470f-a389-559514c40907" name="removeSharedLinkFromFolderSubFlow" />
    </flow>
    <flow name="get:\api\v1\sharedlinks\weblinks:box-accelerator-sys-api-config">
        <ee:transform doc:name="set var BoxApi" doc:id="07a4613d-aeba-481b-b715-67e2f15f993c">
            <ee:message />
            <ee:variables>
                <ee:set-variable variableName="BoxApi"><![CDATA[%dw 2.0
output application/json
---
if (!isEmpty(attributes.headers.'shared_link') and !isEmpty(attributes.headers.'shared_link_password') ) "shared_link=" ++ attributes.headers.'shared_link' default "" ++ "&shared_link_password=" ++ attributes.headers.'shared_link_password' default "" else "shared_link=" ++ attributes.headers.'shared_link' default ""]]></ee:set-variable>
            </ee:variables>
        </ee:transform>
        <flow-ref doc:name="findWebLinkForSharedLinkFlow" doc:id="71d3d60f-5b7b-4068-8d7d-bc80fcf6d23a" name="findWebLinkForSharedLinkFlow" />
    </flow>
    <flow name="get:\api\v1\sharedlinks\weblinks\(webLinkId):box-accelerator-sys-api-config">
        <ee:transform doc:name="set var webLinkId">
            <ee:variables>
                <ee:set-variable variableName="webLinkId">attributes.uriParams.'webLinkId'</ee:set-variable>
            </ee:variables>
        </ee:transform>
        <flow-ref doc:name="getSharedLinkForWebLinkFlow" doc:id="f3b6f897-783d-416a-9916-3bc130a2aa4b" name="getSharedLinkForWebLinkFlow" />
    </flow>
    <flow name="post:\api\v1\sharedlinks\weblinks\(webLinkId):application\json:box-accelerator-sys-api-config">
        <ee:transform doc:name="set var webLinkId">
            <ee:variables>
                <ee:set-variable variableName="webLinkId">attributes.uriParams.'webLinkId'</ee:set-variable>
            </ee:variables>
        </ee:transform>
        <flow-ref doc:name="addSharedLinkToWebLinkFlow" doc:id="35bdc530-6955-4a1d-8f1f-fd8a5e0ae5db" name="addSharedLinkToWebLinkFlow" />
    </flow>
    <flow name="patch:\api\v1\sharedlinks\weblinks\(webLinkId):application\json:box-accelerator-sys-api-config">
        <ee:transform doc:name="set var webLinkId">
            <ee:variables>
                <ee:set-variable variableName="webLinkId">attributes.uriParams.'webLinkId'</ee:set-variable>
            </ee:variables>
        </ee:transform>
        <flow-ref doc:name="updateSharedLinkOnWebLinkFlow" doc:id="1ac2e8be-0553-4673-a0f2-958e79351658" name="updateSharedLinkOnWebLinkFlow" />
    </flow>
    <flow name="delete:\api\v1\sharedlinks\weblinks\(webLinkId):application\json:box-accelerator-sys-api-config">
        <ee:transform doc:name="set var webLinkId">
            <ee:variables>
                <ee:set-variable variableName="webLinkId">attributes.uriParams.'webLinkId'</ee:set-variable>
            </ee:variables>
        </ee:transform>
        <flow-ref doc:name="removeSharedLinkFromWebLinkFlow" doc:id="b761e18b-dca3-4043-a117-ab0e6fc968be" name="removeSharedLinkFromWebLinkFlow" />
    </flow>
</mule>
