<?xml version="1.0" encoding="UTF-8"?>

<mule
	xmlns:secure-properties="http://www.mulesoft.org/schema/mule/secure-properties"
	xmlns:ee="http://www.mulesoft.org/schema/mule/ee/core"
	xmlns:apikit="http://www.mulesoft.org/schema/mule/mule-apikit"
	xmlns:api-gateway="http://www.mulesoft.org/schema/mule/api-gateway"
	xmlns:http="http://www.mulesoft.org/schema/mule/http"
	xmlns:box="http://www.mulesoft.org/schema/mule/box"
	xmlns="http://www.mulesoft.org/schema/mule/core"
	xmlns:doc="http://www.mulesoft.org/schema/mule/documentation"
	xmlns:xsi="http://www.w3.org/2001/XMLSchema-instance"
	xsi:schemaLocation="
http://www.mulesoft.org/schema/mule/mule-apikit http://www.mulesoft.org/schema/mule/mule-apikit/current/mule-apikit.xsd 
http://www.mulesoft.org/schema/mule/http http://www.mulesoft.org/schema/mule/http/current/mule-http.xsd http://www.mulesoft.org/schema/mule/core http://www.mulesoft.org/schema/mule/core/current/mule.xsd
http://www.mulesoft.org/schema/mule/box http://www.mulesoft.org/schema/mule/box/current/mule-box.xsd
http://www.mulesoft.org/schema/mule/api-gateway http://www.mulesoft.org/schema/mule/api-gateway/current/mule-api-gateway.xsd
http://www.mulesoft.org/schema/mule/secure-properties http://www.mulesoft.org/schema/mule/secure-properties/current/mule-secure-properties.xsd">
	<http:listener-config name="HTTP_Listener_config"
		doc:name="HTTP Listener config"
		doc:id="0b818e5e-5b2b-41a4-ba99-239efebb311f">
		<http:listener-connection host="${http.host}"
			port="${http.port}" />
	</http:listener-config>
	<box:config name="Box_Connector_Config_jwt_custom_key"
		doc:name="Box Connector Config"
		doc:id="98b32fd9-1e6a-4bb7-87e9-4dfa88b21ef8">
		<box:connection keystore="${box.keyStore}"
			clientID="${secure::box.clientId}"
			clientSecret="${secure::box.clientSecret}"
			publicKeyId="${box.publicKeyId}" entityId="${box.entityId}"
			algorithm="RS256" keystoreType="JKS"
			storePassword="${box.storePassword}" keyAlias="${box.keyAlias}"
			keyPassword="${box.keyPassword}" boxSubType="ENTERPRISE" >
			<reconnection >
				<reconnect />
			</reconnection>
		</box:connection>
	</box:config>
	<configuration-properties
		doc:name="Env Specific Configuration properties"
		doc:id="52bc1281-27e7-411f-b6b0-777782187adf"
		file="properties/${env}.yaml " />
	<global-property doc:name="Global Property"
		doc:id="dd0a430c-6b6b-4e9e-96b1-09b474e7167d" name="env" value="local" />
	<api-gateway:autodiscovery apiId="${api.id}" ignoreBasePath="true" 
		doc:name="API Autodiscovery" doc:id="bf2b2383-9e2c-4364-9f5b-4504304f6c50" 
		flowRef="box-accelerator-sys-api-main" />
	<configuration
		doc:name="Global Error Handler Configuration"
		doc:id="39209db8-d6bf-45e7-90b0-8aa3e0751123"
		defaultErrorHandler-ref="global-error-handler" />
	<global-property doc:name="Global Property"
		doc:id="4dc47862-d547-4695-84bd-ea7953c56310" name="enc.key"
		value="mulesoft12345678" />
	<secure-properties:config
		name="Secure_Properties_Config" doc:name="Secure Properties Config"
		doc:id="92354427-8bfb-4049-a0d7-1be6e3f18738"
		file="secure/properties/${env}-secure.yaml" key="${enc.key}" />
	<configuration-properties
		doc:name="Secure Configuration Properties"
		doc:id="f57a7f36-74ca-44b5-a70b-764efabd369c"
		file="secure/properties/${env}-secure.yaml" />
</mule>
