<?xml version="1.0" encoding="UTF-8"?>

<mule xmlns:tracking="http://www.mulesoft.org/schema/mule/ee/tracking" xmlns:ee="http://www.mulesoft.org/schema/mule/ee/core"
	xmlns:http="http://www.mulesoft.org/schema/mule/http"
	xmlns="http://www.mulesoft.org/schema/mule/core" xmlns:doc="http://www.mulesoft.org/schema/mule/documentation" xmlns:xsi="http://www.w3.org/2001/XMLSchema-instance" xsi:schemaLocation="http://www.mulesoft.org/schema/mule/core http://www.mulesoft.org/schema/mule/core/current/mule.xsd
http://www.mulesoft.org/schema/mule/http http://www.mulesoft.org/schema/mule/http/current/mule-http.xsd
http://www.mulesoft.org/schema/mule/ee/core http://www.mulesoft.org/schema/mule/ee/core/current/mule-ee.xsd
http://www.mulesoft.org/schema/mule/ee/tracking http://www.mulesoft.org/schema/mule/ee/tracking/current/mule-tracking-ee.xsd">
	<sub-flow name="createCallReportAttachmentByReportId" doc:id="e8ceb43f-565e-4161-8e8e-8ba3effbf821" >
		<logger level="INFO" doc:name="Flow Start" doc:id="659f2c2e-7537-44a6-a8a7-b9387ea77b92" message='#[n]'/>
		<ee:transform doc:name="Request Body For POST" doc:id="827b68a8-0a9a-4698-854c-c37eac51c61b">
			<ee:message />
			<ee:variables>
				<ee:set-variable variableName="body"><![CDATA[%dw 2.0
output application/json
---
{
    "Attachment": {
        "data": payload.data
    }
}]]></ee:set-variable>
				<ee:set-variable variableName="queryParams" ><![CDATA[%dw 2.0
output application/json
---
{
    "CallRptId": vars.reportId,
    "CallRptFileName": payload.fileName,
	"CallRptFileExt": payload.fileExtension,    
	"Comment": payload.attachmentComment
}]]></ee:set-variable>
			</ee:variables>
		</ee:transform>
		<until-successful maxRetries="${until-successful.maxRetries}" doc:name="Until Successful" doc:id="8c60072d-a706-4aea-8064-331b525d2f26" millisBetweenRetries="${until-successful.millisBetweenRetries}">
			<try doc:name="Try" doc:id="9f76e53c-8a9f-4cd1-8da3-b8beb780c566">
				<http:request method="POST" doc:name="HTTP POST Attachment call to Siebel CRM" doc:id="607039dc-9961-40d0-8f93-410b5cf45f3d" path="${siebel.callReportAttachment.path}" sendCorrelationId="ALWAYS" correlationId="#[vars.correlationId]" config-ref="siebel_CRM_request">
					<http:body><![CDATA[#[vars.body]]]></http:body>
					<http:query-params ><![CDATA[#[vars.queryParams]]]></http:query-params>
				
</http:request>
				<error-handler>
					<on-error-propagate enableNotifications="true" logException="true" doc:name="On Error Propagate" doc:id="498856a2-ecea-4464-81f3-a884fc145678" type="ANY">
						<logger level="ERROR" doc:name="Error Message" doc:id="6a518999-9ec9-45a8-bee6-f5f9356024af" message='#[error.errorType.asString ++ " Error occured while connecting to SIEBEL"]' />
					</on-error-propagate>
				</error-handler>
			</try>
		</until-successful>
		<ee:transform doc:name="Set Success Response" doc:id="060ffe48-fda7-4517-a06e-e32cbbcf6aa9" >
			<ee:message >
				<ee:set-payload ><![CDATA[%dw 2.0
output application/json
---
{
  "message" : "Success"
}]]></ee:set-payload>
			</ee:message>
		</ee:transform>
		<logger level="INFO" doc:name="Flow End" doc:id="f21dfc11-bfd5-4147-aa6a-0b0857f8a624" message='#[vars.correlationId default "" ++ "Flow for creating call report attachment has been ended  - at :"++ now()]'/>
	</sub-flow>
	</mule>