<?xml version="1.0" encoding="UTF-8"?>

<mule xmlns:ee="http://www.mulesoft.org/schema/mule/ee/core"
	xmlns:http="http://www.mulesoft.org/schema/mule/http"
	xmlns="http://www.mulesoft.org/schema/mule/core"
	xmlns:doc="http://www.mulesoft.org/schema/mule/documentation"
	xmlns:xsi="http://www.w3.org/2001/XMLSchema-instance"
	xsi:schemaLocation="http://www.mulesoft.org/schema/mule/core http://www.mulesoft.org/schema/mule/core/current/mule.xsd
http://www.mulesoft.org/schema/mule/http http://www.mulesoft.org/schema/mule/http/current/mule-http.xsd
http://www.mulesoft.org/schema/mule/ee/core http://www.mulesoft.org/schema/mule/ee/core/current/mule-ee.xsd">
	<flow name="datasenseFlow"
		doc:id="7e724801-6179-421f-b95f-f05e3d0ef7d8">
		<http:listener doc:name="Listener" doc:id="88caa97d-45e9-49e9-a34a-b3f3bde07465" path="/demo" config-ref="HTTP_Listener_config"/>
		<ee:transform doc:name="Transform Message"
			doc:id="25335ea6-fde7-4d09-8842-2f3880f9d708">
			<ee:message>
				<ee:set-payload><![CDATA[%dw 2.0
output application/xml
---
{
	book: {
		title @(lang: payload.item.properties.lungage): payload.item.properties.title,
		year: payload.item.properties.year,
		price: payload.item.price,
		author: payload.item.properties.author[0]
	}
}]]></ee:set-payload>
			</ee:message>
		</ee:transform>
	</flow>
</mule>
