<?xml version="1.0" encoding="UTF-8"?>

<mule xmlns:ee="http://www.mulesoft.org/schema/mule/ee/core"
	xmlns:db="http://www.mulesoft.org/schema/mule/db"
	xmlns:http="http://www.mulesoft.org/schema/mule/http"
	xmlns="http://www.mulesoft.org/schema/mule/core"
	xmlns:doc="http://www.mulesoft.org/schema/mule/documentation"
	xmlns:xsi="http://www.w3.org/2001/XMLSchema-instance"
	xsi:schemaLocation="http://www.mulesoft.org/schema/mule/core http://www.mulesoft.org/schema/mule/core/current/mule.xsd
http://www.mulesoft.org/schema/mule/http http://www.mulesoft.org/schema/mule/http/current/mule-http.xsd
http://www.mulesoft.org/schema/mule/db http://www.mulesoft.org/schema/mule/db/current/mule-db.xsd
http://www.mulesoft.org/schema/mule/ee/core http://www.mulesoft.org/schema/mule/ee/core/current/mule-ee.xsd">
	<db:config name="azure-db" doc:name="Database Config"
		doc:id="5aa84a36-3b42-49d7-bfe1-b6dd2846d7b3">
		<db:mssql-connection
			host="csaazure.database.windows.net" port="1433" user="csaadmin"
			password="CSApass1" databaseName="mydb" />
	</db:config>
	<flow name="Select" doc:id="45139622-d564-44cd-afa9-b6de52b2633d">
		<http:listener doc:name="Listener"
			doc:id="17722270-0633-4f5d-8df4-2b52bae324df" path="/select"
			allowedMethods="GET" config-ref="HTTP_Listener_config" />
		<!-- [STUDIO:"Select"] <db:select doc:name="Select" doc:id="1d2d6535-514b-4465-b56c-50355a5a69c1" 
			config-ref="Database_Config"> <db:sql><![CDATA[SELECT * FROM employees&#93;&#93;></db:sql> 
			</db:select> [STUDIO] -->
		<db:select doc:name="Select"
			doc:id="615dd4e4-98f4-49a8-b47e-8158ed0a2da9" config-ref="azure-db">
			<db:sql><![CDATA[SELECT * FROM employees where firstName = :firstName]]></db:sql>
			<db:input-parameters><![CDATA[#[{
 firstName : "car"
}]]]></db:input-parameters>
		</db:select>
		<logger level="INFO" doc:name="Logger"
			doc:id="75002958-c530-41d7-8e2c-f836c78dc882"
			message="#[output json --- payload]" />
		<ee:transform doc:name="Transform Message"
			doc:id="b4d8732e-7d90-405c-b410-2fef27bfd58a">
			<ee:message>
				<ee:set-payload><![CDATA[%dw 2.0
output application/json
---
{
	value : payload,
	typeofpayload : typeOf(payload)
}]]></ee:set-payload>
			</ee:message>
		</ee:transform>
	</flow>
	<flow name="Insert" doc:id="047ec6d2-157a-4910-aaed-9d1e0b75cd7c">
		<http:listener doc:name="Listener"
			doc:id="87bab215-7559-4996-b43e-a47bdb918754" path="/insert"
			config-ref="HTTP_Listener_config" />
		<db:insert doc:name="Insert"
			doc:id="9c955de8-081d-4672-85a6-b0f88691333f"
			config-ref="Database_Config">
			<db:sql><![CDATA[INSERT INTO employees
VALUES
(:employeeNumber,:lastName,:firstName,:email,:jobTitle)]]></db:sql>
			<db:input-parameters><![CDATA[#[{
    employeeNumber: payload.employeeNumber,
    lastName: payload.lastName,
    firstName: payload.firstName,
    email: payload.email,
    jobTitle: payload.jobTitle
}]]]></db:input-parameters>
		</db:insert>
	</flow>
	<flow name="Delete" doc:id="e926abb2-1d7f-433a-a018-855d28141f2f">
		<http:listener doc:name="Listener"
			doc:id="e4f57404-eaa7-421a-9743-07bec188e51f" path="/delete"
			allowedMethods="DELETE" config-ref="HTTP_Listener_config" />
		<db:delete doc:name="Delete"
			doc:id="613e4717-972d-4e48-9a9b-5cc6acf87724"
			config-ref="Database_Config">
			<db:sql><![CDATA[delete from employees where employeeNumber = :employeeNumber]]></db:sql>
			<db:input-parameters><![CDATA[#[employeeNumber: attributes.queryParams.empNum]]]></db:input-parameters>
		</db:delete>
	</flow>
	<flow name="Update" doc:id="09d8194d-b7fc-4405-80eb-6b8250298976">
		<http:listener doc:name="Listener"
			doc:id="f65edc4d-c85f-4fcf-bca3-f8491e480d70" path="/update"
			allowedMethods="PUT" config-ref="HTTP_Listener_config" />
		<db:update doc:name="Update"
			doc:id="1c666636-40ea-4adb-a5f0-f0f5b564027d"
			config-ref="Database_Config">
			<db:sql><![CDATA[UPDATE employees
SET lastName= :lastName 
WHERE employeeNumber= :employeeNumber]]></db:sql>
			<db:input-parameters><![CDATA[#[{
lastName: payload.lastName,
employeeNumber: payload.empNum
}]]]></db:input-parameters>
		</db:update>
	</flow>
</mule>
