<?xml version="1.0" encoding="UTF-8"?>

<mule xmlns:ee="http://www.mulesoft.org/schema/mule/ee/core" xmlns:validation="http://www.mulesoft.org/schema/mule/validation"
	xmlns:http="http://www.mulesoft.org/schema/mule/http"
	xmlns="http://www.mulesoft.org/schema/mule/core" xmlns:doc="http://www.mulesoft.org/schema/mule/documentation" xmlns:xsi="http://www.w3.org/2001/XMLSchema-instance" xsi:schemaLocation="http://www.mulesoft.org/schema/mule/core http://www.mulesoft.org/schema/mule/core/current/mule.xsd
http://www.mulesoft.org/schema/mule/http http://www.mulesoft.org/schema/mule/http/current/mule-http.xsd
http://www.mulesoft.org/schema/mule/validation http://www.mulesoft.org/schema/mule/validation/current/mule-validation.xsd
http://www.mulesoft.org/schema/mule/ee/core http://www.mulesoft.org/schema/mule/ee/core/current/mule-ee.xsd">
	<flow name="default" doc:id="7419dce9-c8da-48e3-a8d6-6f61ca2b007d" >
		<http:listener doc:name="Listener" doc:id="c143c8d2-d52a-4e13-b747-96b091b7321c" config-ref="HTTP_Listener_config" path="/default"/>
		<set-payload value="Success - Started Flow" doc:name="Success - Started Flow" doc:id="629e3a9a-19da-4d3b-a155-f7f7dc817615" />
		<validation:is-number numberType="INTEGER" doc:name="Is number" doc:id="70537809-8aa0-4eab-a83e-e394940c98d0" value="#[payload]" message="payload is not a valid INTEGER value" />
		<set-payload value="Success - Finished Flow" doc:name="Success - Finished Flow" doc:id="5f467e1d-197e-4b42-9808-56765d3c8b11" />
	</flow>
	<flow name="on-error-continue" doc:id="d94ea00e-0a50-45b8-bd23-3bf6cdda38ab" >
		<http:listener doc:name="Listener" doc:id="120a9f07-984c-4e7b-9ef8-ccf6942176cf" config-ref="HTTP_Listener_config" path="/on-error-continue"/>
		<set-payload value="Success - Started Flow" doc:name="Success - Started Flow" doc:id="60f5d80c-f937-4ee4-bd0d-267f643b65f0" />
		<try doc:name="Try" doc:id="3eecb734-5508-48dd-99b0-8ba0b738f94d" >
			<validation:is-number numberType="INTEGER" doc:name="Is number" doc:id="62655124-275c-4b19-b705-85956be5de02" value="#[payload]" message="payload is not a valid INTEGER value"/>
			<set-payload value="Success - Finished Try Scope" doc:name="Success - Finished Try Scope" doc:id="c2c40b36-1352-4292-8cbb-03d57877f708" />
			<error-handler >
				<on-error-continue enableNotifications="true" logException="true" doc:name="On Error Continue" doc:id="6a4fd4fe-b6d7-406d-9f45-076f9a4dc2a8" >
					<set-payload value="Error – Try Scope" doc:name="Error – Try Scope" doc:id="95640346-5bf1-4ff6-b726-8a3b15127492" />
				</on-error-continue>
			</error-handler>
		</try>
		<set-payload value="Success - Finished Flow" doc:name="Success - Finished Flow" doc:id="23577ee9-f531-4977-b229-a79de59e5f1c" />
	</flow>
	<flow name="on-error-propagate" doc:id="3c6856b0-06c6-4597-b235-621ad37da8e6" >
		<http:listener doc:name="Listener" doc:id="6d77e633-f306-4394-9246-4c7df3edcb5a" config-ref="HTTP_Listener_config" path="/on-error-propagate"/>
		<set-payload value="Success - Started Flow" doc:name="Success - Started Flow" doc:id="26537e6a-a958-4b51-99b5-c79a46492c1b" />
		<try doc:name="Try" doc:id="7ac7192d-a374-4f22-b568-ea4bc9996981" >
			<validation:is-number numberType="INTEGER" doc:name="Is number" doc:id="ad48dc1d-9057-4801-aa43-7cefad33c700" value="#[payload]" message="payload is not a valid INTEGER value" />
			<set-payload value="Success - Finished Try Scope" doc:name="Success - Finished Try Scope" doc:id="3f821dc0-7c7e-4723-af88-47ddd054dcc0" />
			<error-handler >
				<on-error-propagate enableNotifications="true" logException="true" doc:name="On Error Propagate" doc:id="f8f2444b-eaa6-459c-811a-abe6e58dd52a" >
					<set-payload value="Error – Try Scope" doc:name="Error – Try Scope" doc:id="9103a0dc-20dc-4075-a841-5c8e6e01965d" />
				</on-error-propagate>
			</error-handler>
		</try>
		<set-payload value="Success - Finished Flow" doc:name="Success - Finished Flow" doc:id="0fda2b42-3009-454a-9ed5-810758cc11f0" />
	
</flow>
	<flow name="specific-errors" doc:id="1e2995b3-889c-4caf-9066-702d42ea5a74" >
		<http:listener doc:name="Listener" doc:id="bb909e28-3490-4f95-b9ec-3a642a689af0" config-ref="HTTP_Listener_config" path="/specific-errors"/>
		<set-payload value="Success - Started Flow" doc:name="Success - Started Flow" doc:id="fbc5ff36-412d-428e-ab14-eca7045a37e7" />
		<validation:is-number numberType="INTEGER" doc:name="Is number" doc:id="1c4112e2-4546-4ccc-aad7-3ef8eb798604" value="#[payload]" message="payload is not a valid INTEGER value" />
		<set-payload value="Success - Finished Flow" doc:name="Success - Finished Flow" doc:id="d8703ff5-ba5e-442d-b34b-7560ef8b4a2a" />
		<error-handler >
			<on-error-continue enableNotifications="true" logException="true" doc:name="On Error Continue" doc:id="9efd4609-592d-422d-95a8-fcd5d32e8934" type="STREAM_MAXIMUM_SIZE_EXCEEDED">
				<set-payload value="Error - Maximum Size Exceeded" doc:name="Error - Maximum Size Exceeded" doc:id="23df4a8b-3e93-413f-b265-f13258e92912" />
			</on-error-continue>
			<on-error-continue enableNotifications="true" logException="true" doc:name="On Error Continue" doc:id="bffdd5eb-95d1-49ca-b489-b7179807037c" type="VALIDATION:INVALID_NUMBER">
				<set-payload value="Error - Invalid Number" doc:name="Error - Invalid Number" doc:id="a095f9ae-e6d1-4e41-a648-afd965f38441" />
			</on-error-continue>
			<on-error-propagate enableNotifications="true" logException="true" doc:name="On Error Propagate" doc:id="6b6b1046-b481-4e3b-ba80-5dbc6d0eac61" >
				<set-payload value="Error Response" doc:name="Error Response" doc:id="0a151f50-f90e-44f3-b1b9-fabbc5c408d7" />
			</on-error-propagate>
		</error-handler>
	
</flow>
	<flow name="global-error" doc:id="60797167-20fc-417f-a6d7-176cdebad305" >
		<http:listener doc:name="Listener" doc:id="9316efde-1623-4ad5-ace3-ab671ff0b144" config-ref="HTTP_Listener_config" path="/global-error"/>
		<set-payload value="Success - Started Flow" doc:name="Success - Started Flow" doc:id="1ea230ff-dca5-4145-9949-503e49e51263" />
		<validation:is-number numberType="INTEGER" doc:name="Is number" doc:id="2b5996a5-af98-42b4-b4c0-153f364dfa19" value="#[payload]" message="payload is not a valid INTEGER value" />
		<set-payload value="Success - Finished Flow" doc:name="Success - Finished Flow" doc:id="f0b46220-ac9e-4c91-9a73-9cc4d3039dd1" />
		<error-handler ref="globalError_Handler" />
	
</flow>
	<flow name="raise-error" doc:id="47fbcea8-9782-4f60-a2fd-ecf2f311ed46" >
		<http:listener doc:name="Listener" doc:id="e6997433-f557-4b81-86e7-83ebb66a2c5d" config-ref="HTTP_Listener_config" path="/raise-error"/>
		<choice doc:name="Choice" doc:id="c25b8a2b-21ce-47cb-ab25-e34d1c8363f9" >
			<when expression="#[!isEmpty(payload.empName)]">
				<ee:transform doc:name="Transform Message" doc:id="c5af72af-05f7-4810-8564-c42b41f503d4" >
					<ee:message >
						<ee:set-payload ><![CDATA[%dw 2.0
output application/java
---
{
}]]></ee:set-payload>
					</ee:message>
				</ee:transform>
			</when>
			<otherwise >
				<raise-error doc:name="Raise error" doc:id="75116e41-d4e5-48f5-aa55-d81d6318bf62" type="EMPLOYEE:NULLNAME" description="Employee Name is Null"/>
			</otherwise>
		</choice>
	</flow>
</mule>
