<?xml version="1.0" encoding="UTF-8"?>

<mule xmlns:ee="http://www.mulesoft.org/schema/mule/ee/core" xmlns:http="http://www.mulesoft.org/schema/mule/http"
	xmlns:file="http://www.mulesoft.org/schema/mule/file"
	xmlns="http://www.mulesoft.org/schema/mule/core" xmlns:doc="http://www.mulesoft.org/schema/mule/documentation" xmlns:xsi="http://www.w3.org/2001/XMLSchema-instance" xsi:schemaLocation="http://www.mulesoft.org/schema/mule/core http://www.mulesoft.org/schema/mule/core/current/mule.xsd
http://www.mulesoft.org/schema/mule/file http://www.mulesoft.org/schema/mule/file/current/mule-file.xsd
http://www.mulesoft.org/schema/mule/http http://www.mulesoft.org/schema/mule/http/current/mule-http.xsd
http://www.mulesoft.org/schema/mule/ee/core http://www.mulesoft.org/schema/mule/ee/core/current/mule-ee.xsd">
	<flow name="read" doc:id="403689fc-b215-44da-958a-51831f46a26a" >
		<http:listener doc:name="Listener" doc:id="e8b154e1-3045-4220-8f81-61851f263608" path="/read" config-ref="HTTP_Listener_config"/>
		<file:read doc:name="Read" doc:id="4db2e188-8c23-4200-a6e9-a5cffbc25eb1" path="C:\Users\geeta.bagati\Documents\file-read-operation\employee.csv"/>
		<ee:transform doc:name="Transform Message" doc:id="a854e4a6-98fd-4a56-8a17-9eddacfc9af7" >
			<ee:message >
				<ee:set-payload ><![CDATA[%dw 2.0
output application/json
---
payload]]></ee:set-payload>
			</ee:message>
		</ee:transform>
	</flow>
	<flow name="write" doc:id="8ee11dfe-331d-459e-af24-8d93ca50c816" >
		<http:listener doc:name="Listener" doc:id="9e7b768d-ded4-48bd-be5f-bf5b95cc612b" path="/write" allowedMethods="POST" config-ref="HTTP_Listener_config"/>
		<file:write doc:name="Write" doc:id="5f5cccce-1e71-4463-876e-bc8a1eb13823" path="C:\Users\geeta.bagati\Documents\file-write-operation\exampleFile.txt"/>
	</flow>
	<flow name="List" doc:id="7bab980c-64d6-4374-96dc-6909b9913c04" >
		<http:listener doc:name="Listener" doc:id="fae5d3f2-8c2b-4d4d-ad4b-365c2916316b" path="/list" config-ref="HTTP_Listener_config"/>
		<file:list doc:name="List" doc:id="6a60e056-2ba7-401d-9d00-62845cf8e1ee" directoryPath="C:\Users\geeta.bagati\Documents\file-read-operation" />
		<ee:transform doc:name="Transform Message" doc:id="1e2f39e5-0aa5-4a54-a5eb-c7b6ad10012e" >
			<ee:message >
				<ee:set-payload ><![CDATA[%dw 2.0
output application/json
---
payload]]></ee:set-payload>
			</ee:message>
		</ee:transform>
	</flow>
</mule>
