<?xml version="1.0" encoding="UTF-8"?>

<mule xmlns:http="http://www.mulesoft.org/schema/mule/http" xmlns="http://www.mulesoft.org/schema/mule/core"
	xmlns:doc="http://www.mulesoft.org/schema/mule/documentation"
	xmlns:xsi="http://www.w3.org/2001/XMLSchema-instance" xsi:schemaLocation="http://www.mulesoft.org/schema/mule/core http://www.mulesoft.org/schema/mule/core/current/mule.xsd
http://www.mulesoft.org/schema/mule/http http://www.mulesoft.org/schema/mule/http/current/mule-http.xsd">
	<flow name="Flow" doc:id="72da0f2a-e286-4571-a165-366dbf47f9cb" >
		<http:listener doc:name="Listener" doc:id="5ecd1d6f-bc87-4871-9bf4-342f5f145ed9" config-ref="HTTP_Listener_config" path="/"/>
		<logger level="INFO" doc:name="Logger" doc:id="7d441eb3-5acd-4f2f-9c4c-99f6a8d337a0" />
		<flow-ref doc:name="PrivateFlow" doc:id="22660c60-2ef0-445e-823f-998b097b8efa" name="PrivateFlow"/>
	</flow>
	<flow name="PrivateFlow" doc:id="eb7c453f-fc5d-4b26-81d4-bd7c10237509" >
		<logger level="INFO" doc:name="Logger" doc:id="cab91a07-9dc3-4475-8b0e-f059deefd3c2" />
	</flow>
	<sub-flow name="SubFlow" doc:id="3eea4be3-db96-4801-8eb4-e239c87f61d9" >
		<logger level="INFO" doc:name="Logger" doc:id="05720805-2b7b-4668-88de-e6271eb3130c" />
	</sub-flow>
</mule>
