<?xml version="1.0" encoding="UTF-8"?>

<mule xmlns:os="http://www.mulesoft.org/schema/mule/os"
	xmlns:db="http://www.mulesoft.org/schema/mule/db"
	xmlns:http="http://www.mulesoft.org/schema/mule/http"
	xmlns="http://www.mulesoft.org/schema/mule/core"
	xmlns:doc="http://www.mulesoft.org/schema/mule/documentation"
	xmlns:xsi="http://www.w3.org/2001/XMLSchema-instance" xsi:schemaLocation="
http://www.mulesoft.org/schema/mule/db http://www.mulesoft.org/schema/mule/db/current/mule-db.xsd 
http://www.mulesoft.org/schema/mule/http http://www.mulesoft.org/schema/mule/http/current/mule-http.xsd http://www.mulesoft.org/schema/mule/core http://www.mulesoft.org/schema/mule/core/current/mule.xsd
http://www.mulesoft.org/schema/mule/os http://www.mulesoft.org/schema/mule/os/current/mule-os.xsd">
	<http:listener-config name="HTTP_Listener_config1"
		doc:name="HTTP Listener config"
		doc:id="6ea7697f-f966-4283-aced-8b365f7cc28e">
		<http:listener-connection host="localhost"
			port="8081" />
	</http:listener-config>
	<os:object-store name="Object_store" doc:name="Object store" doc:id="87cf1791-7134-43d0-971d-dd957ba4bfc9" maxEntries="10" />
	<configuration-properties doc:name="Configuration properties" doc:id="12bdef73-369c-4259-a391-cd967bd07316" file="local.yaml" />
	<http:request-config name="HTTP_Request_configuration" doc:name="HTTP Request configuration" doc:id="7f1d0c32-6c11-4cbe-82ac-831dbe7c6c34" basePath="/api/users" >
		<http:request-connection protocol="HTTPS" host="reqres.in" />
	</http:request-config>

</mule>
