<?xml version="1.0" encoding="UTF-8"?>

<mule xmlns:ee="http://www.mulesoft.org/schema/mule/ee/core" xmlns:http="http://www.mulesoft.org/schema/mule/http"
	xmlns="http://www.mulesoft.org/schema/mule/core"
	xmlns:doc="http://www.mulesoft.org/schema/mule/documentation" xmlns:xsi="http://www.w3.org/2001/XMLSchema-instance" xsi:schemaLocation="http://www.mulesoft.org/schema/mule/core http://www.mulesoft.org/schema/mule/core/current/mule.xsd
http://www.mulesoft.org/schema/mule/http http://www.mulesoft.org/schema/mule/http/current/mule-http.xsd
http://www.mulesoft.org/schema/mule/ee/core http://www.mulesoft.org/schema/mule/ee/core/current/mule-ee.xsd">
	<http:request-config name="HTTP_Request_configuration1" doc:name="HTTP Request configuration" doc:id="064cf399-0155-4f65-8fac-16447372c05e" basePath="/api" >
		<http:request-connection protocol="HTTPS" host="reqres.in" />
	</http:request-config>
	<flow name="http-request1" doc:id="88d32362-9f56-4e8a-a426-7fa8560b48e2" >
		<http:listener doc:name="Listener" doc:id="382111d4-0559-427e-b492-2df54a9d6439" path="/request1" allowedMethods="GET" config-ref="HTTP_Listener_config"/>
		<http:request method="GET" doc:name="Request" doc:id="9ecd6274-9e68-47b6-b421-caee4f5f9bee" url="https://jsonplaceholder.typicode.com/posts"/>
		<ee:transform doc:name="Transform Message" doc:id="3c7537bc-3601-4916-9235-481c6fedb8bb" >
			<ee:message >
				<ee:set-payload ><![CDATA[%dw 2.0
output application/json
---
payload]]></ee:set-payload>
			</ee:message>
		</ee:transform>
	</flow>
	<flow name="http-request2" doc:id="0b62e51a-40ba-4257-a473-fe64643f2d21">
		<http:listener doc:name="Listener" doc:id="03bde936-14ee-4ea8-a6bb-13b23a1c53cf" path="/request2" allowedMethods="GET" config-ref="HTTP_Listener_config"/>
		<http:request method="GET" doc:name="Request" doc:id="4e3fa6d5-8fa5-49ff-ac81-ef6fa0bfb599" config-ref="HTTP_Request_configuration1" path="/users">
			<http:query-params><![CDATA[#[output application/java
---
{
	"page" : 2
}]]]></http:query-params>
		</http:request>
		<ee:transform doc:name="Transform Message" doc:id="b17fefd2-90e2-4c9a-ba32-25b65dd5d168">
			<ee:message>
				<ee:set-payload><![CDATA[%dw 2.0
output application/json
---
payload]]></ee:set-payload>
			</ee:message>
		</ee:transform>
	</flow>
</mule>
