<?xml version="1.0" encoding="UTF-8"?>

<mule xmlns:http="http://www.mulesoft.org/schema/mule/http" xmlns:db="http://www.mulesoft.org/schema/mule/db" xmlns:ee="http://www.mulesoft.org/schema/mule/ee/core" xmlns="http://www.mulesoft.org/schema/mule/core"
    xmlns:doc="http://www.mulesoft.org/schema/mule/documentation" 
    xmlns:xsi="http://www.w3.org/2001/XMLSchema-instance" xsi:schemaLocation="http://www.mulesoft.org/schema/mule/core http://www.mulesoft.org/schema/mule/core/current/mule.xsd
    http://www.mulesoft.org/schema/mule/db http://www.mulesoft.org/schema/mule/db/current/mule-db.xsd
    http://www.mulesoft.org/schema/mule/ee/core http://www.mulesoft.org/schema/mule/ee/core/current/mule-ee.xsd
http://www.mulesoft.org/schema/mule/http http://www.mulesoft.org/schema/mule/http/current/mule-http.xsd">
    <db:config name="Database_Config" doc:name="Database Config" doc:id="ac073c67-5a8f-4831-b11d-935d3af0eec9" >
		<db:my-sql-connection host="localhost" port="3306" user="root" password="root" database="sampledb"/>
	</db:config>
	<http:listener-config name="HTTP_Listener_config" doc:name="HTTP Listener config" doc:id="867ce45a-589d-4d02-be4d-e50b98f8f41b" >
		<http:listener-connection host="0.0.0.0" port="8083" />
	</http:listener-config>
	<flow name="getAccountsSubFlow" doc:id="db7639b4-b4b3-467b-9a27-3a794d085ccc">
        <http:listener doc:name="Listener" doc:id="b1fcf640-7977-4a03-a1c6-7dfb132406db" config-ref="HTTP_Listener_config" path="/db"/>
		<ee:transform doc:name="Build whereClause as string" doc:id="97b06e41-6a8f-49e3-99c1-256530a32a01">
            <ee:message>
            </ee:message>
            <ee:variables>
                <ee:set-variable variableName="whereClause"><![CDATA[%dw 2.0
output application/json
var qp = attributes.queryParams
---
{     
   ("customerId" : qp.customerId) if (!isBlank(qp.customerId  default "")) ,
   ("firstName" : qp.firstName) if (!isBlank(qp.firstName  default "")),
   ("middelInitial" : qp.middelInitial) if (!isBlank(qp.middelInitial  default "")),
   ("lastName" : qp.lastName) if (!isBlank(qp.lastName  default "")),
   ("dateOfBirth" : qp.dateOfBirth) if (!isBlank(qp.dateOfBirth  default ""))
}
]]></ee:set-variable>
            </ee:variables>
        </ee:transform>
        <ee:transform doc:name="Transform Message" doc:id="893117c7-a5f2-42f1-aa41-04a5ad8ab517" >
			<ee:message >
			</ee:message>
			<ee:variables >
				<ee:set-variable variableName="orQuery" ><![CDATA[%dw 2.0
output application/json
var qp = attributes.queryParams

var query = ("Select CustomerId,FirstName,MiddelInitial,LastName,DateOfBirth from Customer where " ++
(if(!isBlank(qp.customerId))("CustomerId=:customerId" ++ if(sizeOf(qp)>1) " OR " else "" ) else "") ++ 
(if(!isBlank(qp.firstName))("FirstName=:firstName" ++ if(sizeOf(qp)>1) " OR " else "" ) else "") ++  
(if(!isBlank(qp.middelInitial))("MiddelInitial=:middelInitial" ++ if(sizeOf(qp)>1) " OR " else "" ) else "") ++ 
 (if(!isBlank(qp.lastName))("LastName=:lastName" ++ if(sizeOf(qp)>1) " OR " else "" ) else "") ++  
 (if(!isBlank(qp.dateOfBirth))("DateOfBirth=:dateOfBirth" ++ if(sizeOf(qp)>1) " OR " else "" ) else ""))
---
if(sizeOf(qp)<1) "Select CustomerId,FirstName,MiddelInitial,LastName,DateOfBirth from Customer" else if (query[-3 to -2] contains "OR") query[0 to -5] else query[0 to -1]
]]></ee:set-variable>
				<ee:set-variable variableName="andQuery" ><![CDATA[%dw 2.0
output application/json
var qp = attributes.queryParams

var query = ("Select CustomerId,FirstName,MiddelInitial,LastName,DateOfBirth from Customer where " ++
(if(!isBlank(qp.customerId))("CustomerId=:customerId" ++ if(sizeOf(qp)>1) " AND " else "" ) else "") ++ 
(if(!isBlank(qp.firstName))("FirstName=:firstName" ++ if(sizeOf(qp)>1) " AND " else "" ) else "") ++  
(if(!isBlank(qp.middelInitial))("MiddelInitial=:middelInitial" ++ if(sizeOf(qp)>1) " AND " else "" ) else "") ++ 
 (if(!isBlank(qp.lastName))("LastName=:lastName" ++ if(sizeOf(qp)>1) " AND " else "" ) else "") ++  
 (if(!isBlank(qp.dateOfBirth))("DateOfBirth=:dateOfBirth" ++ if(sizeOf(qp)>1) " AND " else "" ) else ""))
---
if(sizeOf(qp)<1) "Select CustomerId,FirstName,MiddelInitial,LastName,DateOfBirth from Customer" else if (query[-4 to -2] contains "AND") query[0 to -5] else query[0 to -1]
]]></ee:set-variable>
			</ee:variables>
		</ee:transform>
		<db:select doc:name="SELECT Accounts" doc:id="7f00ee65-d6c8-4d22-832e-0a4877dc2a2d" config-ref="Database_Config">
			<db:sql ><![CDATA[#[vars.orQuery]]]></db:sql>
			<db:input-parameters ><![CDATA[#[vars.whereClause]]]></db:input-parameters>
        
</db:select>
        <ee:transform doc:name="DB Account to sAPI Account" doc:id="d24bb463-736d-4ac3-8e78-dd6630c0cf40">
            <ee:message>
                <ee:set-payload><![CDATA[%dw 2.0
output application/json
---
payload]]></ee:set-payload>
            </ee:message>
        </ee:transform>
    </flow>
	<flow name="getAccountsSubFlow1" doc:id="a27b7815-9fd2-4fa6-abac-aedc561953ee" >
		<http:listener doc:name="Listener" doc:id="d879a83b-e958-41c7-a7a6-c447a3fa7b60" config-ref="HTTP_Listener_config" path="/create" />
		<ee:transform doc:name="Mapping" doc:id="42566c5e-e6d9-4dd3-bef4-d64cfa2863bf" >
			<ee:message >
			</ee:message>
			<ee:variables >
				<ee:set-variable variableName="customerPayload" ><![CDATA[%dw 2.0
output application/json
---
{
    "FirstName": payload.'firstName',
    "MiddelInitial": payload.'middelInitial',
    "LastName": payload.'lastName',
    "DateOfBirth": payload.'dateOfBirth'
}]]></ee:set-variable>
			</ee:variables>
		</ee:transform>
		<db:insert doc:name="Insert" doc:id="0ff4a457-7b7a-4fb3-9bce-d3ab5c15b531">
			<db:sql ><![CDATA[INSERT INTO Customer (
                FirstName,
                MiddelInitial,
                LastName,
                DateOfBirth
                ) VALUES (
                :firstName,
                :middelInitial,
                :lastName,
                :dateOfBirth
                )
            ]]></db:sql>
			<db:input-parameters ><![CDATA[#[{
    "firstName": vars.customerPayload.'FirstName',
    "middelInitial": vars.customerPayload.'MiddelInitial',
    "lastName": vars.customerPayload.'LastName',
    "dateOfBirth": vars.customerPayload.'DateOfBirth'
}]]]></db:input-parameters>
		</db:insert>
		<ee:transform doc:name="Response" doc:id="5b528396-1c3d-4dea-a649-412db03bbb67" >
			<ee:message >
				<ee:set-payload ><![CDATA[%dw 2.0
output application/json
---
{
    "Message": "Inserted Successfully"
}]]></ee:set-payload>
			</ee:message>
		</ee:transform>
	</flow>
	<flow name="getAccountsSubFlow2" doc:id="4ec4601d-23da-47d0-9331-636be59c5fde" >
		<http:listener doc:name="Listener" doc:id="7dc79f06-c981-489b-8b9e-36a160cb7cca" config-ref="HTTP_Listener_config" path="/getById/{customerId}" />
		<ee:transform doc:name="variable customerId" doc:id="b2c66d8c-d57d-40b1-90d3-1736a2173a99" >
			<ee:message />
			<ee:variables >
				<ee:set-variable variableName="customerId" ><![CDATA[%dw 2.0
output application/json
---
attributes.uriParams.'customerId']]></ee:set-variable>
			</ee:variables>
		</ee:transform>
		<db:select doc:name="Select" doc:id="67b8ca95-3af4-4fb4-a302-d420e7d21250" config-ref="Database_Config">
			<db:sql ><![CDATA[select CustomerId,FirstName,MiddelInitial,LastName,DateOfBirth from Customer where CustomerId = :customerId ]]></db:sql>
			<db:input-parameters ><![CDATA[#[{
	customerId: vars.customerId
}]]]></db:input-parameters>
		</db:select>
		<ee:transform doc:name="Response" doc:id="b7663071-8665-4cc7-8716-2855e6cf2438" >
			<ee:message >
				<ee:set-payload ><![CDATA[%dw 2.0
output application/json
---
payload]]></ee:set-payload>
			</ee:message>
		</ee:transform>
	</flow>
	<flow name="getAccountsSubFlow3" doc:id="f8cdd0a0-d1b0-4f2c-957f-0e3ca4fa2e3a" >
		<http:listener doc:name="Listener" doc:id="4877f4ee-07e6-45be-8d37-c0604014242f" config-ref="HTTP_Listener_config" path="/deleteById/{customerId}" />
		<ee:transform doc:name="variable customerId" doc:id="424c3c06-a9a6-4226-828f-624a30854813" >
			<ee:message />
			<ee:variables >
				<ee:set-variable variableName="customerId" ><![CDATA[%dw 2.0
output application/json
---
attributes.uriParams.'customerId']]></ee:set-variable>
			</ee:variables>
		</ee:transform>
		<db:delete doc:name="Delete" doc:id="497d4129-4a84-4723-b493-e1fb1e165689">
			<db:sql ><![CDATA[delete from Customer where CustomerId = :customerId ]]></db:sql>
			<db:input-parameters ><![CDATA[#[{
	customerId: vars.customerId
}]]]></db:input-parameters>
		</db:delete>
		<ee:transform doc:name="Response" doc:id="29135e4a-c4e6-416c-abac-55874f4bc984" >
			<ee:message >
				<ee:set-payload ><![CDATA[%dw 2.0
output application/json
---
payload]]></ee:set-payload>
			</ee:message>
		</ee:transform>
	</flow>
	<flow name="getAccountsSubFlow4" doc:id="eff42bce-2958-41a0-8071-fa6bd9735564" >
		<http:listener doc:name="Listener" doc:id="11b1a912-cf85-4483-a8f5-2ecfee2c4dc3" config-ref="HTTP_Listener_config" path="/updateById/{customerId}" />
		<ee:transform doc:name="variable customerId" doc:id="9d31042d-339a-440a-a4e4-6f37354218d9" >
			<ee:message />
			<ee:variables >
				<ee:set-variable variableName="customerId" ><![CDATA[%dw 2.0
output application/json
---
attributes.uriParams.'customerId']]></ee:set-variable>
			</ee:variables>
		</ee:transform>
		<db:update doc:name="Update" doc:id="51bec711-6345-4eeb-b689-fbc73717cc23">
			<db:sql ><![CDATA[update Customer  
set FirstName= :firstName, MiddelInitial= :middelInitial, LastName= :lastName, DateOfBirth= :dateOfBirth
where CustomerId = :customerId]]></db:sql>
			<db:input-parameters ><![CDATA[#[{
    "customerId": vars.'customerId',
    "firstName": payload.'firstName',
    "middelInitial": payload.'middelInitial',
    "lastName": payload.'lastName',
    "dateOfBirth": payload.'dateOfBirth'
}]]]></db:input-parameters>
		</db:update>
		<ee:transform doc:name="Response" doc:id="8817a2bb-e475-450b-8e96-f9fd5468746b" >
			<ee:message >
				<ee:set-payload ><![CDATA[%dw 2.0
output application/json
---
payload]]></ee:set-payload>
			</ee:message>
		</ee:transform>
	</flow>

</mule>
