<?xml version="1.0" encoding="UTF-8"?>

<mule xmlns:http="http://www.mulesoft.org/schema/mule/http" xmlns:ee="http://www.mulesoft.org/schema/mule/ee/core"
	xmlns="http://www.mulesoft.org/schema/mule/core"
	xmlns:doc="http://www.mulesoft.org/schema/mule/documentation" xmlns:xsi="http://www.w3.org/2001/XMLSchema-instance" xsi:schemaLocation="http://www.mulesoft.org/schema/mule/core http://www.mulesoft.org/schema/mule/core/current/mule.xsd
http://www.mulesoft.org/schema/mule/ee/core http://www.mulesoft.org/schema/mule/ee/core/current/mule-ee.xsd
http://www.mulesoft.org/schema/mule/http http://www.mulesoft.org/schema/mule/http/current/mule-http.xsd">
	<flow name="invokeJavaFlow" doc:id="3c73cc11-d740-43b8-9f3c-46911b3f28a6" >
		<http:listener doc:name="Listener" doc:id="663710f2-7fe4-40f3-aea5-a092c707031c" config-ref="HTTP_Listener_config" path="/java"/>
		<ee:transform doc:name="Transform Message" doc:id="18ef2323-6fcd-445f-a4bb-9af385e0e226" >
			<ee:message >
				<ee:set-payload ><![CDATA[%dw 2.0
import java!ExampleJava::Addition 
output application/json
---
{

  addResult: Addition::add(60,20)

}]]></ee:set-payload>
			</ee:message>
		</ee:transform>
	</flow>
</mule>
