<?xml version="1.0" encoding="UTF-8"?>

<mule xmlns:ee="http://www.mulesoft.org/schema/mule/ee/core" xmlns:os="http://www.mulesoft.org/schema/mule/os"
	xmlns:http="http://www.mulesoft.org/schema/mule/http"
	xmlns="http://www.mulesoft.org/schema/mule/core" xmlns:doc="http://www.mulesoft.org/schema/mule/documentation" xmlns:xsi="http://www.w3.org/2001/XMLSchema-instance" xsi:schemaLocation="http://www.mulesoft.org/schema/mule/core http://www.mulesoft.org/schema/mule/core/current/mule.xsd
http://www.mulesoft.org/schema/mule/http http://www.mulesoft.org/schema/mule/http/current/mule-http.xsd
http://www.mulesoft.org/schema/mule/os http://www.mulesoft.org/schema/mule/os/current/mule-os.xsd
http://www.mulesoft.org/schema/mule/ee/core http://www.mulesoft.org/schema/mule/ee/core/current/mule-ee.xsd">
	<flow name="os-store" doc:id="8a1d6cff-e187-4770-a241-2daa2d5b3fa5" >
		<http:listener doc:name="Listener" doc:id="49b4bd22-e201-427c-aebf-f88433223843" config-ref="HTTP_Listener_config" path="/os-store" allowedMethods="POST"/>
		<os:store doc:name="Store" doc:id="1679e9e2-1f96-44f6-9cb3-34c86cdf3aca" key="emp-details" objectStore="Object_store"/>
	</flow>
	<flow name="os-retrieve" doc:id="6476a72c-f6ff-446b-a60f-7a1b5e6493d2" >
		<http:listener doc:name="Listener" doc:id="8d2eb0bd-6b2e-4502-be20-01b908fa17ea" config-ref="HTTP_Listener_config" path="/os-retrieve"/>
		<os:retrieve doc:name="Retrieve" doc:id="b2468605-f067-4110-8ba7-0cbf5b5f74a4" objectStore="Object_store" key="emp-details">
			<os:default-value ><![CDATA[#["Try again, as the key doesn't exists."]]]></os:default-value>
		</os:retrieve>
		<ee:transform doc:name="Transform Message" doc:id="1c8cbd48-7138-4081-acda-7c4a91310347" >
			<ee:message >
				<ee:set-payload ><![CDATA[%dw 2.0
output application/json
---
payload.empName]]></ee:set-payload>
			</ee:message>
		</ee:transform>
	</flow>
</mule>
