<?xml version="1.0" encoding="UTF-8"?>

<mule xmlns:ee="http://www.mulesoft.org/schema/mule/ee/core" xmlns:db="http://www.mulesoft.org/schema/mule/db"
	xmlns:http="http://www.mulesoft.org/schema/mule/http"
	xmlns="http://www.mulesoft.org/schema/mule/core" xmlns:doc="http://www.mulesoft.org/schema/mule/documentation" xmlns:xsi="http://www.w3.org/2001/XMLSchema-instance" xsi:schemaLocation="http://www.mulesoft.org/schema/mule/core http://www.mulesoft.org/schema/mule/core/current/mule.xsd
http://www.mulesoft.org/schema/mule/http http://www.mulesoft.org/schema/mule/http/current/mule-http.xsd
http://www.mulesoft.org/schema/mule/db http://www.mulesoft.org/schema/mule/db/current/mule-db.xsd
http://www.mulesoft.org/schema/mule/ee/core http://www.mulesoft.org/schema/mule/ee/core/current/mule-ee.xsd">
	<flow name="prop-configFlow" doc:id="88e8521d-2883-4586-b6fc-53d1eb700154">
		<http:listener doc:name="Listener" doc:id="7f499aee-6bfa-464f-9358-ca8e8b191631" config-ref="HTTP_Listener_config" path="/prop" />
		<ee:transform doc:name="Transform Message" doc:id="b7435c59-fdcf-49e4-b9c1-aa0f86823f49">
			<ee:message>
				<ee:set-payload><![CDATA[%dw 2.0
output application/json
---
{
	"prop file": '${http.host}'
}]]></ee:set-payload>
			</ee:message>
		</ee:transform>
	</flow>
</mule>
