<?xml version="1.0" encoding="UTF-8"?>

 

<mule xmlns:ee="http://www.mulesoft.org/schema/mule/ee/core" xmlns:file="http://www.mulesoft.org/schema/mule/file"

    xmlns:http="http://www.mulesoft.org/schema/mule/http"

    xmlns="http://www.mulesoft.org/schema/mule/core" xmlns:doc="http://www.mulesoft.org/schema/mule/documentation" xmlns:xsi="http://www.w3.org/2001/XMLSchema-instance" xsi:schemaLocation="http://www.mulesoft.org/schema/mule/core http://www.mulesoft.org/schema/mule/core/current/mule.xsd
http://www.mulesoft.org/schema/mule/http http://www.mulesoft.org/schema/mule/http/current/mule-http.xsd
http://www.mulesoft.org/schema/mule/file http://www.mulesoft.org/schema/mule/file/current/mule-file.xsd
http://www.mulesoft.org/schema/mule/ee/core http://www.mulesoft.org/schema/mule/ee/core/current/mule-ee.xsd">

    <file:config name="File_Config" doc:name="File Config" doc:id="ef85ab33-a3a0-4da6-8c5e-57bb4dcd3865" >
		<file:connection workingDir="C:\Users\geeta.bagati\Desktop" />
	</file:config>
	<flow name="read-dataFlow" doc:id="96627023-d76f-4957-a282-ada45ac3849c" >

        <http:listener doc:name="Listener" doc:id="cf684466-dc0b-4c2d-bfa6-e6c6b44fedb1" path="/tr" config-ref="HTTP_Listener_config"/>

        <file:read doc:id="48ab4524-a3e6-43ae-a728-ac38382e0632" path="rank.xlsx" outputMimeType="application/xlsx" config-ref="File_Config"/>
		<ee:transform doc:name="Transform Message" doc:id="6a07a969-42d8-4feb-a6cb-35d84c1a88fc" >
			<ee:message >
				<ee:set-payload ><![CDATA[%dw 2.0
output application/json
---
payload."Meeting Participants" map ((item, index) ->
{
    name: item.Name,
    days: sizeOf(item filterObject($ contains "Y")) 
} 
)orderBy -$.days]]></ee:set-payload>
			</ee:message>
		</ee:transform>

    
</flow>
	<flow name="training-ranksFlow" doc:id="eb22e41b-df4b-46cf-a482-b4d88f5a675e" >
		<http:listener doc:name="Listener" doc:id="616d5adc-dd21-4a19-ba93-4946dad825a4" config-ref="HTTP_Listener_config" path="/tr-details"/>
		<file:list doc:name="List" doc:id="b4435bca-1be3-493f-923b-b5bad9b07cbc" directoryPath="C:\Users\geeta.bagati\Downloads\Records"/>
		<ee:transform doc:name="Transform Message" doc:id="327873de-3b60-42cd-bf6a-82247ab9b94d" >
			<ee:message >
				<ee:set-payload ><![CDATA[%dw 2.0
output application/json
---
payload..payload map {
    "a": $ map ((item, index) -> {
        "Name": item.Name,
        "Email": item.Email,
        "Time": item."In-Meeting Duration"
    }), 
    ("day" ++ ($$+1)): ""
}.a]]></ee:set-payload>
			</ee:message>
		</ee:transform>
		<logger level="INFO" doc:name="Logger" doc:id="9e2ad06c-710d-4058-95fb-4c28070ac439" />
	</flow>


</mule>
