<?xml version="1.0" encoding="UTF-8"?>
<mule xmlns="http://www.mulesoft.org/schema/mule/core"
	xmlns:api-gateway="http://www.mulesoft.org/schema/mule/api-gateway"
	xmlns:apikit="http://www.mulesoft.org/schema/mule/mule-apikit"
	xmlns:doc="http://www.mulesoft.org/schema/mule/documentation"
	xmlns:ee="http://www.mulesoft.org/schema/mule/ee/core"
	xmlns:http="http://www.mulesoft.org/schema/mule/http"
	xmlns:os="http://www.mulesoft.org/schema/mule/os"
	xmlns:salesforce="http://www.mulesoft.org/schema/mule/salesforce"
	xmlns:secure-properties="http://www.mulesoft.org/schema/mule/secure-properties"
	xmlns:xsi="http://www.w3.org/2001/XMLSchema-instance"
	xsi:schemaLocation=" http://www.mulesoft.org/schema/mule/mule-apikit http://www.mulesoft.org/schema/mule/mule-apikit/current/mule-apikit.xsd  http://www.mulesoft.org/schema/mule/http http://www.mulesoft.org/schema/mule/http/current/mule-http.xsd http://www.mulesoft.org/schema/mule/core http://www.mulesoft.org/schema/mule/core/current/mule.xsd http://www.mulesoft.org/schema/mule/api-gateway http://www.mulesoft.org/schema/mule/api-gateway/current/mule-api-gateway.xsd http://www.mulesoft.org/schema/mule/secure-properties http://www.mulesoft.org/schema/mule/secure-properties/current/mule-secure-properties.xsd http://www.mulesoft.org/schema/mule/os http://www.mulesoft.org/schema/mule/os/current/mule-os.xsd http://www.mulesoft.org/schema/mule/salesforce http://www.mulesoft.org/schema/mule/salesforce/current/mule-salesforce.xsd">
	<http:listener-config
		name="sf-content-version-http-listener-config"
		doc:name="HTTP Listener config"
		doc:id="0b818e5e-5b2b-41a4-ba99-239efebb311f">
		<http:listener-connection host="${http.host}"
			port="${http.port}" />
	</http:listener-config>
	<apikit:config name="sf-content-version-sys-api-config"
		api="sf-content-version-sys-api.raml"
		outboundHeadersMapName="outboundHeaders"
		httpStatusVarName="httpStatus" />
	<configuration
		doc:name="global-error-handler-configuration"
		doc:id="36e836cf-4e78-44a8-9d9c-6e68108ed44f"
		defaultErrorHandler-ref="global-error-handler" />
	<configuration-properties
		doc:name="configuration-properties-env"
		doc:id="69fcab58-5a98-455b-bffc-cbbcb983908a"
		file="properties/${mule.env}.yaml " />
	<secure-properties:config
		name="configuration-properties-secured-env"
		doc:name="Secure Properties Config"
		doc:id="fece7e19-4410-494f-ad60-3b0d3a462fd5"
		file="secure/properties/${mule.env}-secure.yaml" key="${mule.key}" />
	<global-property doc:name="Global Property"
		doc:id="dd0a430c-6b6b-4e9e-96b1-09b474e7167d" name="mule.env"
		value="local" />
	<global-property doc:name="Global Property"
		doc:id="5e0fcd9e-5124-4db2-88fe-a45d771dd481" name="mule.key"
		value="mulesoft12345678" />
	<api-gateway:autodiscovery apiId="${api.id}"
		ignoreBasePath="true" doc:name="api-autodiscovery"
		doc:id="7d1a30be-dec8-4070-8702-8329792ab754"
		flowRef="sf-content-version-sys-api-main" />
	<salesforce:sfdc-config
		name="salesforce-configuration" doc:name="Salesforce Config"
		doc:id="34332ffe-8e0d-4f61-8530-16f1bfa3ab9f">
		<salesforce:oauth-user-pass-connection
			consumerKey="#[vars.SFConfig.consumerKey]"
			consumerSecret="#[vars.SFConfig.consumerSecret]"
			username="#[vars.SFConfig.username]"
			password="#[vars.SFConfig.password]"
			tokenEndpoint="#[vars.SFConfig.tokenEndpoint]" />
	</salesforce:sfdc-config>
	<salesforce:sfdc-config
		name="salesforce-configuration-vr" doc:name="Salesforce Config"
		doc:id="dc4eb59d-5b89-4b04-880b-3cd4e0c7daed">
		<salesforce:oauth-user-pass-connection
			consumerKey="${secure::sf.vocational.consumerKey}"
			consumerSecret="${secure::sf.vocational.consumerSecret}"
			username="${secure::sf.vocational.username}"
			password="${secure::sf.vocational.password}"
			tokenEndpoint="${secure::sf.vocational.tokenEndpoint}" />
	</salesforce:sfdc-config>
	<http:request-config name="common_prc_api_request"
		doc:name="HTTP Request configuration"
		doc:id="fa66d2ad-c486-4600-98c1-ffacb2540887"
		basePath="${prc.basePath}" requestStreamingMode="ALWAYS">
		<http:request-connection host="${prc.host}"
			port="${prc.port}" />
	</http:request-config>
</mule>
