<?xml version="1.0" encoding="UTF-8"?>

<mule xmlns:http="http://www.mulesoft.org/schema/mule/http" xmlns:ee="http://www.mulesoft.org/schema/mule/ee/core"
	xmlns:salesforce="http://www.mulesoft.org/schema/mule/salesforce"
	xmlns="http://www.mulesoft.org/schema/mule/core" xmlns:doc="http://www.mulesoft.org/schema/mule/documentation" xmlns:xsi="http://www.w3.org/2001/XMLSchema-instance" xsi:schemaLocation="http://www.mulesoft.org/schema/mule/core http://www.mulesoft.org/schema/mule/core/current/mule.xsd
http://www.mulesoft.org/schema/mule/salesforce http://www.mulesoft.org/schema/mule/salesforce/current/mule-salesforce.xsd
http://www.mulesoft.org/schema/mule/ee/core http://www.mulesoft.org/schema/mule/ee/core/current/mule-ee.xsd
http://www.mulesoft.org/schema/mule/http http://www.mulesoft.org/schema/mule/http/current/mule-http.xsd">
	<http:request-config name="HTTP_Request_configuration_prc_api" doc:name="HTTP Request configuration" doc:id="3a42ac2b-56dd-4b62-8875-7eb0cef171c4" />
	<flow name="jobeventsFlow" doc:id="d30c1471-81f7-4774-a051-8a5d6ed46180" >
		<salesforce:replay-channel-listener doc:name="Replay channel listener" doc:id="c7fab424-00f5-4d21-8c6e-c8e10a1b5097" config-ref="salesforce-configuration-vr" streamingChannel="${cdc.event}" replayOption="FROM_LAST_REPLAY_ID" cacheEventsInMemory="true"/>
		<logger level="INFO" doc:name="Flow Start" doc:id="c3b74e4a-faa8-4159-b91c-85d9bda59a5f" message='#[vars.correlationId default "" ++ " flow started to update job records in the database.  - at : " ++ now()]'/>
		<ee:transform doc:name="json payload" doc:id="57091ba4-2082-462c-8316-7c4acc981122" >
			<ee:message >
				<ee:set-payload ><![CDATA[%dw 2.0
output application/json
---
read(payload.data.payload.EventData__c,"application/json")]]></ee:set-payload>
			</ee:message>
		</ee:transform>
		<choice doc:name="Checks if the data is updated or not." doc:id="009fe1ef-a033-4069-bf06-89042fe68deb" >
			<when expression='payload.changeType == "Update"'>
				<until-successful maxRetries="${until-successful.maxRetries}" doc:name="Until Successful" doc:id="4bd58f44-3f3e-4166-9f93-07557191fb91" millisBetweenRetries="${until-successful.millisBetweenRetries}">
					<ee:transform doc:name="Set jobId variable and request body" doc:id="f9c915b1-1818-437a-b19a-d97148ebdfab" >
						<ee:message >
						</ee:message>
						<ee:variables >
							<ee:set-variable variableName="jobId" ><![CDATA[%dw 2.0
output application/json
---
payload.UniqueJobId__c as Number]]></ee:set-variable>
							<ee:set-variable variableName="body" ><![CDATA[%dw 2.0
output application/json
---
payload.UpdatedFields]]></ee:set-variable>
						</ee:variables>
					</ee:transform>
					<flow-ref doc:name="fetch-company-name-subflow" doc:id="3b3d10dc-d9a1-47e5-ab8d-3deae578837e" name="fetch-company-name-subflow" />
					<ee:transform doc:name="Set Request" doc:id="af0a09ae-9e33-4690-b065-95e624ac028d">
					<ee:message>
						<ee:set-payload><![CDATA[%dw 2.0
output application/json
var p = vars.body
---
{
	("jTitle": p.Name default "") if(! isBlank(p.Name)),
	("jDescription": p.Description__c default "") if(p.Description__c?),
	("jLocation": p.Location__c default "") if(p.Location__c?),
	"cName": payload[0].Name default "",
	("jType": p.Type__c  default "") if(p.Type__c?),
	("salaryRange": p.Salary_Range__c default "") if(p.Salary_Range__c?),
	("applicationDeadline": p.Application_Deadline__c default "") if(p.Application_Deadline__c?),
	("expLevel": p.Experience_Level__c default "") if(p.Experience_Level__c?),
	("skillAndQual": p.Skills_and_Qualifications__c default "") if(p.Skills_and_Qualifications__c?),
	("jStatus": p.Status_of_Job_Is_it_still_available__c default "") if(! isBlank(p.Status_of_Job_Is_it_still_available__c)),
	("createdDate": p.LastModifiedDate as Date as String {
		format: "yyyy-MM-dd"
	} default "") if(! isBlank(p.LastModifiedDate))
}]]></ee:set-payload>
					</ee:message>
				</ee:transform>
					<flow-ref doc:name="SettingRequiredHeaders" doc:id="44d56385-46d1-4cb2-99d2-6d8d034d44d5" name="SettingRequiredHeaders" />
					<try doc:name="Try" doc:id="1f3771a1-d5c6-48e2-af08-be58de54fb04">
				<http:request method="PATCH" doc:name="HTTP patch call to common-prc-api" doc:id="7e6a536e-d9f6-4ba2-88f9-3666f688249f" config-ref="common_prc_api_request" path="${prc.updatePath}" sendCorrelationId="ALWAYS" correlationId="#[vars.correlationId]">
					<http:headers><![CDATA[#[vars.settingRequiredHeaders]]]></http:headers>
							<http:uri-params ><![CDATA[#[output application/json
---
{
	jobId : vars.jobId
}]]]></http:uri-params>
				
</http:request>
						<error-handler>
					<on-error-propagate enableNotifications="true" logException="true" doc:name="On Error Propagate" doc:id="00103eeb-3c9b-4f46-b7f8-6c168737b894" type="ANY">
						<logger level="ERROR" doc:name="Error Message" doc:id="368360f0-7d9d-4ce8-91b8-f2546b9cc66e" message='#[error.errorType.asString ++ " Error occured while connecting to PRC API"]' />
					</on-error-propagate>
				</error-handler>
			</try>
					<logger level="INFO" doc:name="Flow End" doc:id="63bd2e34-e65f-47f9-8f91-02b2177bca24" message='#[vars.correlationId default "" ++ " flow ended to update job records in the database.  - at : " ++ now()]' />
		


</until-successful>
			</when>
			<otherwise>
				<logger level="INFO" doc:name="Fields in Salesforce Not Updated or Modified." doc:id="efb22b38-76c1-4ddd-a5a3-0af15c597a66" message="Fields in Salesforce Not Updated or Modified."/>
			</otherwise>
		</choice>
	</flow>
	<sub-flow name="fetch-company-name-subflow" doc:id="61b146c4-05da-4873-a952-239403eb8156">
		<flow-ref doc:name="get-job-record-by-refId-subflow" doc:id="0ab61023-1615-4228-b196-7b283c259dc2" name="get-job-record-by-refId-subflow" />
		<salesforce:query doc:name="Fetch the company name from salesforce." doc:id="7a105ca5-37d3-4dc2-b3ed-5315facf0989" config-ref="salesforce-configuration-vr">
						<salesforce:salesforce-query><![CDATA[SELECT Id, Name FROM Account WHERE Id=':id']]></salesforce:salesforce-query>
						<salesforce:parameters><![CDATA[#[output application/json
---
{
	"id" : payload[0].cName
}]]]></salesforce:parameters>
					</salesforce:query>
	</sub-flow>
</mule>
