<?xml version="1.0" encoding="UTF-8"?>
<mule xmlns="http://www.mulesoft.org/schema/mule/core" xmlns:apikit="http://www.mulesoft.org/schema/mule/mule-apikit" xmlns:doc="http://www.mulesoft.org/schema/mule/documentation" xmlns:ee="http://www.mulesoft.org/schema/mule/ee/core" xmlns:http="http://www.mulesoft.org/schema/mule/http" xmlns:xsi="http://www.w3.org/2001/XMLSchema-instance" xsi:schemaLocation="http://www.mulesoft.org/schema/mule/core http://www.mulesoft.org/schema/mule/core/current/mule.xsd http://www.mulesoft.org/schema/mule/http http://www.mulesoft.org/schema/mule/http/current/mule-http.xsd http://www.mulesoft.org/schema/mule/mule-apikit http://www.mulesoft.org/schema/mule/mule-apikit/current/mule-apikit.xsd http://www.mulesoft.org/schema/mule/ee/core http://www.mulesoft.org/schema/mule/ee/core/current/mule-ee.xsd ">
    <flow name="sf-content-version-sys-api-main">
        <http:listener config-ref="sf-content-version-http-listener-config" path="${http.path}">
            <http:response statusCode="#[vars.httpStatus default 200]">
                <http:headers><![CDATA[#[vars.outboundHeaders default {}]]]></http:headers>
            </http:response>
            <http:error-response statusCode="#[vars.httpStatus default 500]">
                <http:body><![CDATA[#[payload]]]></http:body>
                <http:headers><![CDATA[#[vars.outboundHeaders default {}]]]></http:headers>
            </http:error-response>
        </http:listener>
        <set-variable value="#[%dw 2.0&#xA;output application/json&#xA;---&#xA;attributes.headers.&quot;x-correlation-id&quot; default correlationId]" doc:name="set var correlationId" doc:id="5c8b97bf-d4ba-4538-a270-03b785bc2318" variableName="correlationId" />
        <ee:transform doc:name="Set SFConfig variable" doc:id="5e8a0e11-1386-4fcb-9faf-fbff41da3fa0">
            <ee:message />
            <ee:variables>
                <ee:set-variable variableName="SFConfig"><![CDATA[%dw 2.0
output application/json
---
if (attributes.headers.org_name contains "grants") 
//Salesforce credentials for 'grants organization'
{
	"username": "${secure::sf.grants.username}", 
	"password": "${secure::sf.grants.password}",
	"consumerKey": "${secure::sf.grants.consumerKey}",
	"consumerSecret": "${secure::sf.grants.consumerSecret}",
	"tokenEndpoint": "${secure::sf.grants.tokenEndpoint}"
}
else 
//Salesforce credentials for 'vocational organization'
{
	"username": "${secure::sf.vocational.username}",
	"password": "${secure::sf.vocational.password}",
	"consumerKey": "${secure::sf.vocational.consumerKey}",
	"consumerSecret": "${secure::sf.vocational.consumerSecret}",
	"tokenEndpoint": "${secure::sf.vocational.tokenEndpoint}"
}]]></ee:set-variable>
            </ee:variables>
        </ee:transform>
        <logger level="INFO" doc:name="sf-content-version-api started" doc:id="7ae84bb6-a279-4a27-b1cf-1ec09d73f8f8" message="#[vars.correlationId default &quot;&quot; ++ &quot; sf-content-version-api started - at : &quot; ++ now()]" />
        <apikit:router config-ref="sf-content-version-sys-api-config" />
        <logger level="INFO" doc:name="sf-content-version-api ended" doc:id="c8c74feb-888a-4aef-bd3c-5699c3d8c85a" message="#[vars.correlationId default &quot;&quot; ++ &quot; sf-content-version-api ended - at : &quot; ++ now()]" />
        <error-handler ref="global-error-handler" />
    </flow>
    <flow name="sf-content-version-sys-api-console">
        <http:listener config-ref="sf-content-version-http-listener-config" path="/console/*">
            <http:response statusCode="#[vars.httpStatus default 200]">
                <http:headers>#[vars.outboundHeaders default {}]</http:headers>
            </http:response>
            <http:error-response statusCode="#[vars.httpStatus default 500]">
                <http:body>#[payload]</http:body>
                <http:headers>#[vars.outboundHeaders default {}]</http:headers>
            </http:error-response>
        </http:listener>
        <choice doc:name="Enable/Disable Console" doc:id="cefd8c4b-1a49-48ab-ac35-f074bf305dbd">
            <when expression="${api.viewConsole} ">
                <apikit:console config-ref="sf-content-version-sys-api-config" />
            </when>
            <otherwise>
                <ee:transform doc:name="The Console is disabled." doc:id="f2a9c31f-cd7e-42d2-a343-77914fa8bc58">
                    <ee:message>
                        <ee:set-payload><![CDATA[%dw 2.0
output application/json
---
"The Console is disabled."]]></ee:set-payload>
                    </ee:message>
                </ee:transform>
            </otherwise>
        </choice>
        <error-handler ref="global-error-handler" />
    </flow>
    <flow name="get:\api\v1\ping:sf-content-version-sys-api-config">
        <logger level="INFO" doc:name="Start Log" doc:id="7ae1c782-8c20-417f-a9f9-c28e798767d0" message="#[vars.correlationId default &quot;&quot; ++ &quot; ping flow started. - at : &quot; ++ now()]" />
        <ee:transform doc:name="Response" doc:id="8f0efde9-859c-4d4a-a488-eac125775f9d">
            <ee:message>
                <ee:set-payload><![CDATA[%dw 2.0
output application/json
---
{
  status: "UP",
  api: "${api.name}",
  env: "${api.env}",
  timestamp: now() as String {format: "dd/MM/yyyy HH:mm:SS"}
}]]></ee:set-payload>
            </ee:message>
        </ee:transform>
        <logger level="INFO" doc:name="End Log" doc:id="38f60868-f361-4c0e-a0ac-2aa3a44e117d" message="#[vars.correlationId default &quot;&quot; ++ &quot; ping flow ended. - at : &quot; ++ now()]" />
    </flow>
    <flow name="get:\api\v1\health-check:sf-content-version-sys-api-config">
        <logger level="INFO" doc:name="Start Log" doc:id="d25b1774-20cf-4e33-a7bd-717f38dcc22b" message="#[vars.correlationId default &quot;&quot; ++ &quot; health-check flow started. - at : &quot; ++ now()]" />
        <ee:transform doc:name="Response" doc:id="8da6656f-48a9-4ded-9696-41608abb46c2">
            <ee:message>
                <ee:set-payload><![CDATA[%dw 2.0
output application/json
---
{
  response: {
    application: "${api.name}",
    buildversion: "${api.buildversion}",
    buildTimestamp: now() as String {format: "dd/MM/yyyy HH:mm:SS"},
    status: "UP",
    env: "${api.env}",
    systems: [
      {
        name: "sf content version API",
        status: "UP" //need to update this
      }
    ]
  }
}]]></ee:set-payload>
            </ee:message>
        </ee:transform>
        <logger level="INFO" doc:name="End Log" doc:id="4fdaa220-bc3d-4f1b-afba-e8ed8db1fb1e" message="#[vars.correlationId default &quot;&quot; ++ &quot; health-check flow ended. - at : &quot; ++ now()]" />
    </flow>
    <flow name="get:\api\v1\content-version:sf-content-version-sys-api-config">
        <ee:transform doc:name="Setting the docId variable" doc:id="244ad879-0bbe-4f7f-850a-22e260a2364a">
            <ee:message />
            <ee:variables>
                <ee:set-variable variableName="docId"><![CDATA[%dw 2.0
output application/json
---
attributes.queryParams.'docId']]></ee:set-variable>
            </ee:variables>
        </ee:transform>
        <flow-ref doc:name="get-content-version-subflow" doc:id="c3dea770-a099-45c9-b927-0382e733e755" name="get-content-version-subflow" />
    </flow>
    <flow name="delete:\api\v1\content-version:application\json:sf-content-version-sys-api-config">
        <ee:transform doc:name="Saving the payload with docId" doc:id="52614a2d-b5fe-4efa-aa0e-33d81009e8cf">
            <ee:message />
            <ee:variables>
                <ee:set-variable variableName="docId"><![CDATA[%dw 2.0
output application/json
---
payload.'docId']]></ee:set-variable>
            </ee:variables>
        </ee:transform>
        <flow-ref doc:name="delete-content-version-subflow" doc:id="0a2d5d4d-725e-43d1-817b-4d992aa7cc16" name="delete-content-version-subflow" />
    </flow>
    <flow name="get:\api\v1\content-document-id:sf-content-version-sys-api-config" doc:id="dfe332b9-70ca-420f-9946-a96ef81a6197">
        <ee:transform doc:name="Setting the entityId variable" doc:id="d6c74a89-14c3-43fc-b7b7-0d3c41ed44a2">
            <ee:message />
            <ee:variables>
                <ee:set-variable variableName="entityId"><![CDATA[%dw 2.0
output application/json
---
attributes.queryParams.'entityId']]></ee:set-variable>
            </ee:variables>
        </ee:transform>
        <flow-ref doc:name="get-content-document-id-subflow" doc:id="bceda324-902a-4b7a-809c-b1bbb1ea78d1" name="get-content-document-id-subflow" />
    </flow>
    <flow name="get:\api\v1\payments:sf-content-version-sys-api-config">
        <ee:transform doc:name="Setting input paramters" doc:id="7843f662-0ccd-4e1f-98c8-84d5355080c2">
            <ee:message />
            <ee:variables>
                <ee:set-variable variableName="inputParams"><![CDATA[%dw 2.0
output application/java
var qp = attributes.queryParams
---
{     
   ("date" : qp.date) if (!isBlank(qp.date  default "")) ,
   ("status" : qp.status) if (!isBlank(qp.status  default ""))
}]]></ee:set-variable>
            </ee:variables>
        </ee:transform>
        <flow-ref doc:name="get-all-payments-subflow" doc:id="62d80762-8ab5-498b-89b5-3ebf9bc11681" name="get-all-payments-subflow" />
    </flow>
    <flow name="patch:\api\v1\payments:application\json:sf-content-version-sys-api-config">
        <flow-ref doc:name="update-payment-subflow" doc:id="908ca2d6-6860-4673-a19c-3cd48a92a7bb" name="update-payment-subflow" />
    </flow>
    <flow name="get:\api\v1\job\(jobId):sf-content-version-sys-api-config">
        <ee:transform doc:name="Set jobId variable">
            <ee:variables>
                <ee:set-variable variableName="jobId"><![CDATA[%dw 2.0
output application/json
---
attributes.uriParams.'jobId']]></ee:set-variable>
            </ee:variables>
        </ee:transform>
        <flow-ref doc:name="get-job-record-by-refId-subflow" doc:id="63373efd-63cd-4f5f-9761-eb2c8e0b8c7a" name="get-job-record-by-refId-subflow" />
    </flow>
    <flow name="post:\api\v1\job:application\json:sf-content-version-sys-api-config">
        <flow-ref doc:name="update-job-records-subflow" doc:id="b17d810d-cb24-4194-9a67-88a001d8bc9f" name="insert-job-records-subflow" />
    </flow>
    <flow name="patch:\api\v1\job\(jobId):application\json:sf-content-version-sys-api-config">
        <ee:transform doc:name="Set jobId variable" doc:id="aadf5092-8173-46e6-95a2-761df76d48f8">
            <ee:variables>
                <ee:set-variable variableName="jobId"><![CDATA[%dw 2.0
output application/json
---
attributes.uriParams.'jobId']]></ee:set-variable>
            </ee:variables>
        </ee:transform>
        <flow-ref doc:name="update-job-recordsSub_Flow" doc:id="076c2fe1-3b45-4cc9-a471-b0a6f0056958" name="update-job-records-subflow" />
    </flow>
</mule>
