<?xml version="1.0" encoding="UTF-8"?>

<mule xmlns:http="http://www.mulesoft.org/schema/mule/http"
	xmlns:ee="http://www.mulesoft.org/schema/mule/ee/core"
	xmlns="http://www.mulesoft.org/schema/mule/core"
	xmlns:doc="http://www.mulesoft.org/schema/mule/documentation"
	xmlns:xsi="http://www.w3.org/2001/XMLSchema-instance"
	xsi:schemaLocation="
http://www.mulesoft.org/schema/mule/http http://www.mulesoft.org/schema/mule/http/current/mule-http.xsd 
http://www.mulesoft.org/schema/mule/ee/core http://www.mulesoft.org/schema/mule/ee/core/current/mule-ee.xsd http://www.mulesoft.org/schema/mule/core http://www.mulesoft.org/schema/mule/core/current/mule.xsd">
	<flow name="post-SitesFlow"
		doc:id="6a47c695-ffc7-47b3-aae5-619c7371cc50">
		<logger level="TRACE" doc:name="Flow Start"
			doc:id="f881d009-e5f1-4b66-bd85-034f83b24b92"
			message='#[%dw 2.0&#10;output application/json&#10;---&#10;"CorrelationId : " ++ vars.correlationId ++ " Post Site Flow Started"]' />
		<ee:transform doc:name="Request Body For POST"
			doc:id="2a865d9e-5141-4a10-830e-be2a400b9077">
			<ee:message />
			<ee:variables>
				<ee:set-variable variableName="body"><![CDATA[%dw 2.0
output application/json
---
payload]]></ee:set-variable>
			</ee:variables>
		</ee:transform>
		<until-successful
			maxRetries="${until-successful.maxRetries}"
			doc:name="Until Successful"
			doc:id="4b70dd07-4f80-460a-ae6e-78c5e8152778"
			millisBetweenRetries="${until-successful.millisBetweenRetries}">
			<try doc:name="Try" doc:id="e2902212-2863-4c5c-aeae-d9b860971b92">
				<http:request method="POST"
					doc:name="HTTP POST Sites call to sites-sys-api"
					doc:id="c48aac54-9bd1-4eca-acd0-603546b876b8"
					config-ref="sites_sys_api_request" path="${sites.sys.sitesPath}"
					sendCorrelationId="ALWAYS" correlationId="#[vars.correlationId]">
					<http:body><![CDATA[#[vars.body]]]></http:body>
					<http:headers><![CDATA[#[vars.settingRequiredHeaders]]]></http:headers>

				</http:request>
				<error-handler>
					<on-error-propagate enableNotifications="true"
						logException="true" doc:name="On Error Propagate"
						doc:id="8a756fe8-41c2-451e-9fc2-1aed282c5ee8" type="ANY">
						<logger level="ERROR" doc:name="Error Message"
							doc:id="292f67f6-7210-405b-9d89-ca595f3e312f"
							message='#[error.errorType.asString ++ " Error occured while connecting to SIEBEL"]' />
					</on-error-propagate>
				</error-handler>
			</try>
		</until-successful>
		<ee:transform doc:name="Response From POST Call"
			doc:id="3f9cbec8-629b-43d9-a3e1-e3efe60693c5">
			<ee:message>
				<ee:set-payload><![CDATA[%dw 2.0
output application/json
---
payload]]></ee:set-payload>
			</ee:message>
		</ee:transform>
		<logger level="INFO" doc:name="Flow End"
			doc:id="e7863808-04f6-433d-8c47-a20d0999f81c"
			message='#[%dw 2.0&#10;output application/json&#10;---&#10;"CorrelationId : " ++ vars.correlationId ++ " Post Site Flow Ended"]' />
	</flow>
</mule>
