<?xml version="1.0" encoding="UTF-8"?>

<mule xmlns:ee="http://www.mulesoft.org/schema/mule/ee/core" xmlns:box="http://www.mulesoft.org/schema/mule/box"
	xmlns="http://www.mulesoft.org/schema/mule/core"
	xmlns:doc="http://www.mulesoft.org/schema/mule/documentation" xmlns:xsi="http://www.w3.org/2001/XMLSchema-instance" xsi:schemaLocation="http://www.mulesoft.org/schema/mule/core http://www.mulesoft.org/schema/mule/core/current/mule.xsd
http://www.mulesoft.org/schema/mule/box http://www.mulesoft.org/schema/mule/box/current/mule-box.xsd
http://www.mulesoft.org/schema/mule/ee/core http://www.mulesoft.org/schema/mule/ee/core/current/mule-ee.xsd">
	<sub-flow name="deleteFileByFileIdFlow" doc:id="1ce7f13d-37a3-4e36-ba5f-5ae4103fe543" >
		<try doc:name="Try" doc:id="c67b85cb-8cdb-40da-8e82-b986a2e7da32" >
			<until-successful maxRetries="${until-successful.maxRetries}" doc:name="Until Successful" doc:id="33624aa4-acf5-4139-bbb1-e24155e18240" millisBetweenRetries="${until-successful.millisBetweenRetries}">
			<box:delete-files-by-file-id doc:name="Delete file" doc:id="ea15c9cc-617f-48e3-bf51-a76fb3f53ea4" config-ref="Box_Connector_Config_jwt_custom_key" fileId="#[vars.'fileId']" />
		</until-successful>
			<error-handler >
				<on-error-continue enableNotifications="true" logException="true" doc:name="On Error Continue" doc:id="d8f08a7d-4c67-406e-865b-1c12867a4f63" type="BOX:NOT_FOUND" >
					<ee:transform doc:name="Transform Message" doc:id="b97e125a-cb5d-436f-b66c-56138081e261" >
						<ee:message />
						<ee:variables >
							<ee:set-variable variableName="emptyError" ><![CDATA[%dw 2.0
output application/json
---
"The File with Id : " ++ vars.fileId default "" ++ " does not exists in BOX"]]></ee:set-variable>
						</ee:variables>
					</ee:transform>
				</on-error-continue>
			</error-handler>
		</try>
		<ee:transform doc:name="Transform Message" doc:id="41bd4c39-5df9-4957-87b2-70b2db5d7e6b" >
			<ee:message >
				<ee:set-payload ><![CDATA[%dw 2.0
output application/json
---
if(isBlank(vars.emptyError))
{
    "message": "File with id: " ++ vars.'fileId' default ""++ " removed successfully."
} else vars.emptyError]]></ee:set-payload>
			</ee:message>
		</ee:transform>
	</sub-flow>
</mule>
