<?xml version="1.0" encoding="UTF-8"?>

<mule xmlns:ee="http://www.mulesoft.org/schema/mule/ee/core"
	xmlns:http="http://www.mulesoft.org/schema/mule/http"
	xmlns:file="http://www.mulesoft.org/schema/mule/file" xmlns:box="http://www.mulesoft.org/schema/mule/box"
	xmlns="http://www.mulesoft.org/schema/mule/core"
	xmlns:doc="http://www.mulesoft.org/schema/mule/documentation" xmlns:xsi="http://www.w3.org/2001/XMLSchema-instance" xsi:schemaLocation="
http://www.mulesoft.org/schema/mule/http http://www.mulesoft.org/schema/mule/http/current/mule-http.xsd 
http://www.mulesoft.org/schema/mule/file http://www.mulesoft.org/schema/mule/file/current/mule-file.xsd http://www.mulesoft.org/schema/mule/core http://www.mulesoft.org/schema/mule/core/current/mule.xsd
http://www.mulesoft.org/schema/mule/box http://www.mulesoft.org/schema/mule/box/current/mule-box.xsd
http://www.mulesoft.org/schema/mule/ee/core http://www.mulesoft.org/schema/mule/ee/core/current/mule-ee.xsd">
	<sub-flow name="downloadFileByFileIdFlow" doc:id="11830e27-5d86-4557-9c3e-7c89bcd76645" >
<until-successful maxRetries="${until-successful.maxRetries}" doc:name="Until Successful" doc:id="8382f124-4201-4082-ac90-67beb44960f7" millisBetweenRetries="${until-successful.millisBetweenRetries}">
			<box:get-files-content-by-file-id doc:name="Download file" doc:id="ce793379-63db-48de-a0ba-1fe1997a853f" config-ref="Box_Connector_Config_jwt_custom_key" fileId="#[attributes.queryParams.'fileId']" target="downloadPay" />
		</until-successful>
		<!-- [STUDIO:"Write"]		<file:write doc:name="Write" doc:id="f89026c3-e122-48d8-aa63-cef66d27be62" path="C:\Users\geeta.bagati\Documents\test\testImage."/> [STUDIO] -->
				<ee:transform doc:name="convert payload to base64" doc:id="ff97fcb9-9465-46da-bdca-75f49ed57e42" >
			<ee:message >
				<ee:set-payload ><![CDATA[%dw 2.0
import * from dw::core::Binaries
var myfile = vars.downloadPay
output text/plain
---
toBase64(myfile as Binary)]]></ee:set-payload>
			</ee:message>
		</ee:transform>
	</sub-flow>
	
</mule>
