<?xml version="1.0" encoding="UTF-8"?>

<mule xmlns:file="http://www.mulesoft.org/schema/mule/file"
	xmlns:box="http://www.mulesoft.org/schema/mule/box"
	xmlns:http="http://www.mulesoft.org/schema/mule/http"
	xmlns:ee="http://www.mulesoft.org/schema/mule/ee/core"
	xmlns="http://www.mulesoft.org/schema/mule/core"
	xmlns:doc="http://www.mulesoft.org/schema/mule/documentation"
	xmlns:xsi="http://www.w3.org/2001/XMLSchema-instance"
	xsi:schemaLocation="
http://www.mulesoft.org/schema/mule/file http://www.mulesoft.org/schema/mule/file/current/mule-file.xsd 
http://www.mulesoft.org/schema/mule/http http://www.mulesoft.org/schema/mule/http/current/mule-http.xsd 
http://www.mulesoft.org/schema/mule/ee/core http://www.mulesoft.org/schema/mule/ee/core/current/mule-ee.xsd http://www.mulesoft.org/schema/mule/core http://www.mulesoft.org/schema/mule/core/current/mule.xsd
http://www.mulesoft.org/schema/mule/box http://www.mulesoft.org/schema/mule/box/current/mule-box.xsd">
	<flow name="uploadFileConnectorFlow"
		doc:id="7faa0758-2d52-447a-8cd5-643b72ac3167">
		<until-successful
			maxRetries="${until-successful.maxRetries}"
			doc:name="Until Successful"
			doc:id="fffba59a-8a4c-47f1-aad6-109572429164"
			millisBetweenRetries="${until-successful.millisBetweenRetries}">
			<try doc:name="Try" doc:id="de2d61d1-74af-41aa-8189-55283ca2ea94" >
				<box:create-files-content doc:name="Upload file" doc:id="d422fba8-8450-4d56-afac-4bcb990fc948" config-ref="Box_Connector_Config_jwt_custom_key" filePartFilename="#[vars.fileName]">
				<box:create-files-attributes><![CDATA[#[{
	"name": vars.fileName,
	"parent": {
		"id": vars.folderId
	}
}]]]></box:create-files-attributes>
				<box:file-content><![CDATA[#[payload]]]></box:file-content>
			</box:create-files-content>
				<ee:transform doc:name="response" doc:id="6271b725-14b3-4700-b04f-3169306df33e" >
					<ee:message >
						<ee:set-payload ><![CDATA[%dw 2.0
output application/json
---
{
    "type": payload.entries.'type'[0],
    "parentId": payload.entries.parent.id[0],
    "folderId": vars.folderId,
    "fileId": payload.entries.id[0],
    "fileName": payload.entries.name[0],
    "folderName": payload.entries.parent.name[0]
}]]></ee:set-payload>
					</ee:message>
				</ee:transform>
				<error-handler >
					<on-error-continue enableNotifications="true" logException="true" doc:name="On Error Continue" doc:id="b3292038-a70f-432d-b4f9-1d19d8cbf87e" type="BOX:CLIENT_ERROR">
				<logger level="INFO" doc:name="Logger" doc:id="27193899-f207-4361-8c42-1c648077350d" message="File is already present" />
<!-- [STUDIO:"fetch folder details by folderid"]						<logger level="INFO" doc:name="fetch folder details by folderid" doc:id="a2aa71a1-7146-4db9-905b-401e22cc2781" /> [STUDIO] -->
						<ee:transform doc:name="Transform Message" doc:id="86b5fa2d-4b96-4057-bb7c-f63f8c0896c5" >
							<ee:message >
								<ee:set-attributes ><![CDATA[%dw 2.0
output application/json
---
{
	"uriParams": {'folderId': vars.folderId}
}]]></ee:set-attributes>
							</ee:message>
						</ee:transform>
<flow-ref doc:name="getFolderDetailsByFolderIdFlow" doc:id="480d8b62-ebdf-4e31-91cd-a029c3804f95" name="getFolderDetailsByFolderIdFlow"/>
						<!-- [STUDIO:"fetch fileid by using filename from previous service"]						<logger level="INFO" doc:name="fetch fileid by using filename from previous service" doc:id="6b368627-f631-47e3-a756-f6f21a7bdf42" /> [STUDIO] -->
						<ee:transform doc:name="Filter Data by fileName" doc:id="05d1b4a4-a122-4701-ae06-e36cbdb5d919" >
							<ee:message >
								<ee:set-payload ><![CDATA[%dw 2.0
output application/json
---
(payload.item_collection.entries filter ((item, index) -> item.name == vars.fileName ))[0]]]></ee:set-payload>
							</ee:message>
							<ee:variables >
								<ee:set-variable variableName="folderName" ><![CDATA[%dw 2.0
output application/json
---
payload.name]]></ee:set-variable>
								<ee:set-variable variableName="parentId" ><![CDATA[%dw 2.0
output application/json
---
payload.parent.id]]></ee:set-variable>
							</ee:variables>
						</ee:transform>
						<ee:transform doc:name="Set Response" doc:id="213f2a6b-2f27-4fa6-b993-e6540df5320f">
					<ee:message>
						<ee:set-payload><![CDATA[%dw 2.0
output application/json
---
{
    "type": payload.'type',
    "parentId": vars.parentId,
    "folderId": vars.folderId,
    "fileId": payload.id,
    "fileName": payload.name,
    "folderName": vars.folderName
}]]></ee:set-payload>
					</ee:message>
				</ee:transform>
			</on-error-continue>
				</error-handler>
			</try>
		</until-successful>
	</flow>
	<sub-flow name="uploadFileConnector" doc:id="f9f61fb2-4915-4602-828f-fa6bd708e696">
		<flow-ref doc:name="Flow Reference" doc:id="9b76954c-ff62-4b6c-bdf2-eb89776a3dd7" name="uploadFileConnectorFlow" />
	</sub-flow>
	<sub-flow name="uploadFileFlow"
		doc:id="1c405ddf-d1d2-4004-9afa-ca6501438270" >
		<choice doc:name="Choice" doc:id="5b24f278-4894-453c-806f-7ee388289666" >
			<when expression="#['pdf' == lower(payload.fileExtension)]">
				<ee:transform doc:name="Transform Message" doc:id="9f4e6bcd-e2ae-48bf-969d-88f21e8054f1">
			<ee:message>
				<ee:set-payload><![CDATA[%dw 2.0
import * from dw::core::Binaries
var myPDFasBinary = payload.data
output application/PDF with binary
---
fromBase64(myPDFasBinary as String)]]></ee:set-payload>
			</ee:message>
			<ee:variables>
				<ee:set-variable variableName="fileName"><![CDATA[%dw 2.0
output application/json 
--- 
payload.fileName]]></ee:set-variable>
				<ee:set-variable variableName="folderId"><![CDATA[%dw 2.0
output application/json
---
payload.folderId]]></ee:set-variable>
			</ee:variables>
		</ee:transform>
				<flow-ref doc:name="uploadFileConnector" doc:id="24133242-dfa4-4b6f-91d9-3e5daa9429ac" name="uploadFileConnector" />
			</when>
			<when expression="#['csv' == lower(payload.fileExtension)]">
				<ee:transform doc:name="Transform Message" doc:id="f30d4012-8eaa-4f33-a0e7-b2097ad845e1">
					<ee:message>
						<ee:set-payload><![CDATA[%dw 2.0
import * from dw::core::Binaries
var myCSVasBinary = payload.data
output application/csv with binary
---
fromBase64(myCSVasBinary as String)]]></ee:set-payload>
					</ee:message>
					<ee:variables>
						<ee:set-variable variableName="fileName"><![CDATA[%dw 2.0
output application/json 
--- 
payload.fileName]]></ee:set-variable>
						<ee:set-variable variableName="folderId"><![CDATA[%dw 2.0
output application/json
---
payload.folderId]]></ee:set-variable>
					</ee:variables>
				</ee:transform>
				<flow-ref doc:name="uploadFileConnector" doc:id="b349eb43-af71-497b-a01e-c09216315ae5" name="uploadFileConnector" />
			</when>
			<when expression="#['json' == lower(payload.fileExtension)]">
				<ee:transform doc:name="Transform Message" doc:id="d3186d6e-ab1d-438c-8162-d88971053f81">
					<ee:message>
						<ee:set-payload><![CDATA[%dw 2.0
import * from dw::core::Binaries
var myJSONasBinary = payload.data
output application/json with binary
---
fromBase64(myJSONasBinary as String)]]></ee:set-payload>
					</ee:message>
					<ee:variables>
						<ee:set-variable variableName="fileName"><![CDATA[%dw 2.0
output application/json 
--- 
payload.fileName]]></ee:set-variable>
						<ee:set-variable variableName="folderId"><![CDATA[%dw 2.0
output application/json
---
payload.folderId]]></ee:set-variable>
					</ee:variables>
				</ee:transform>
				<flow-ref doc:name="uploadFileConnector" doc:id="fb5352a3-a5bf-425c-883d-2dd0f1e96cdb" name="uploadFileConnector" />
			</when>
			<otherwise >
				<ee:transform doc:name="Transform Message" doc:id="65b49254-b96e-4506-b9fa-febc8cb95357">
					<ee:message>
						<ee:set-payload><![CDATA[%dw 2.0
import * from dw::core::Binaries
output application/octet-stream
var myIMAGEasBinary = payload.data
---
fromBase64(myIMAGEasBinary as String)]]></ee:set-payload>
					</ee:message>
					<ee:variables>
						<ee:set-variable variableName="fileName"><![CDATA[%dw 2.0
output application/json 
--- 
payload.fileName]]></ee:set-variable>
						<ee:set-variable variableName="folderId"><![CDATA[%dw 2.0
output application/json
---
payload.folderId]]></ee:set-variable>
					</ee:variables>
				</ee:transform>
				<flow-ref doc:name="uploadFileConnector" doc:id="f1592aa4-0def-4100-8083-265f1169f825" name="uploadFileConnector" />
			</otherwise>
		</choice>
	</sub-flow>
	<!-- [STUDIO:"deleteAllFilesFromFolderFlow"] <flow name="deleteAllFilesFromFolderFlow" 
		doc:id="d1080282-4659-41bb-b3cb-885b7466dc71"> <http:listener doc:name="Listener 
		/deleteAllFilesFromFolder" doc:id="5b29c8d1-e808-4623-ab12-f3cf32b84c3b" 
		config-ref="HTTP_Listener_config" path="/deleteAllFilesFromFolder"> </http:listener> 
		<box:get-folders-items-by-folder-id doc:name="List items in folder" doc:id="6d5229a0-a232-4f27-8bec-e497f4a1bcea" 
		config-ref="Box_Connector_Config_jwt_custom_key" folderId='#["215189690874"&#93;' 
		sort="ID" direction="ASC" /> <parallel-foreach doc:name="Parallel For Each" 
		doc:id="79e60528-50f5-44aa-a1b6-89852474afca" collection="#[output application/json 
		&#45;&#45;- payload.id&#93;"> <box:delete-files-by-file-id doc:name="Delete 
		file" doc:id="8f4352d6-fb30-407b-819c-a338789f5915" config-ref="Box_Connector_Config_jwt_custom_key" 
		fileId='#[payload&#93;' /> </parallel-foreach> </flow> [STUDIO] -->
	<sub-flow name="uploadAllFilesFlow" doc:id="8195013c-bbe3-47c5-86e7-0492dfdfc7fe">
		<parallel-foreach doc:name="Parallel For Each" doc:id="83ddf49c-eb13-4ca8-8540-b3dacdb84aee" collection='#[payload]' target="finalPayload" targetValue="#[output application/json --- payload.payload]">
			<flow-ref doc:name="uploadFileFlow" doc:id="d4e17842-3a41-4199-9146-94cc3bdcda31" name="uploadFileFlow"/>
 </parallel-foreach>
		<ee:transform doc:name="Transform Message" doc:id="30195291-82f2-4fa7-ba73-189785aaec84" >
			<ee:message >
				<ee:set-payload ><![CDATA[%dw 2.0
output application/json
---
vars.finalPayload]]></ee:set-payload>
			</ee:message>
		</ee:transform>
	
</sub-flow>
	<sub-flow name="uploadFileSubFlow" doc:id="f458cc07-5366-480d-96b2-d8fb9a4daa32">
		<flow-ref doc:name="uploadFileFlow" doc:id="36189f1b-90e7-4a3a-b0e0-b9d20a38ff69" name="uploadFileFlow" />
	

</sub-flow>
</mule>