<?xml version="1.0" encoding="UTF-8"?>

<mule xmlns:ee="http://www.mulesoft.org/schema/mule/ee/core"
	xmlns:box="http://www.mulesoft.org/schema/mule/box"
	xmlns="http://www.mulesoft.org/schema/mule/core"
	xmlns:doc="http://www.mulesoft.org/schema/mule/documentation"
	xmlns:xsi="http://www.w3.org/2001/XMLSchema-instance"
	xsi:schemaLocation="http://www.mulesoft.org/schema/mule/core http://www.mulesoft.org/schema/mule/core/current/mule.xsd
http://www.mulesoft.org/schema/mule/box http://www.mulesoft.org/schema/mule/box/current/mule-box.xsd
http://www.mulesoft.org/schema/mule/ee/core http://www.mulesoft.org/schema/mule/ee/core/current/mule-ee.xsd">
	<sub-flow name="deleteCollaborationsSubFlow"
		doc:id="eed159a2-a358-41b8-9cd7-34eb5b435e09">
		<logger level="INFO" doc:name="Start Log"
			doc:id="b4502578-9b03-4190-9521-33eaba67938d"
			message="delete collaboration by collaboration_id: #[vars.collaborationId] flow started." />
		<try doc:name="Try" doc:id="e9ede158-ae3b-445d-a19c-5e4b876d2dec">
			<box:delete-collaborations-by-collaboration-id
				doc:name="Remove collaboration"
				doc:id="96088d53-c2a9-4772-b393-abb98eac7bb8"
				config-ref="Box_Connector_Config_jwt_custom_key"
				collaborationId="#[vars.collaborationId]" />
			<error-handler>
				<on-error-continue enableNotifications="true" logException="true" doc:name="On Error Continue" doc:id="24533757-7322-4400-ad52-2089b07058f5" when="error.errorMessage.payload.status &gt;=500 and error.errorMessage.payload.status &lt;=504" type="ANY">
					<until-successful maxRetries="${until-successful.maxRetries}" doc:name="Until Successful" doc:id="c88c3d83-6c69-43aa-a7bb-dfd566cb9bb6" millisBetweenRetries="${until-successful.millisBetweenRetries}">
			<logger level="INFO" doc:name="Start Log" doc:id="4f764ad7-2120-42b8-a77f-f72f15c611f4" message="until successful started to delete collaboration with collaboration_id: #[vars.collaborationId] " />
						<box:delete-collaborations-by-collaboration-id
				doc:name="Remove collaboration"
				doc:id="616c994c-7e3c-46d9-8055-8f07d35299a5"
				config-ref="Box_Connector_Config_jwt_custom_key"
				collaborationId="#[vars.collaborationId]" />
						<logger level="INFO" doc:name="End Log" doc:id="c074b3d2-d969-4a64-a7e4-6ce3a6a4a933" message="until successful ended  to delete collaboration with collaboration_id: #[vars.collaborationId] " />					
</until-successful>
				</on-error-continue>
			</error-handler>
		</try>
		<ee:transform doc:name="Response" doc:id="5a59f9e0-b56d-4194-b907-8ba4aaffa0ea">
			<ee:message>
				<ee:set-payload><![CDATA[%dw 2.0
output application/json
---
{
    "message": "Collaboration with id: " ++ vars.'collaborationId' default ""++ " removed successfully."
}]]></ee:set-payload>
			</ee:message>
		</ee:transform>
		<logger level="INFO" doc:name="End Log" doc:id="5853c598-59ea-40d1-84d1-7ddbc0b2a996" message="delete collaboration by collaboration_id: #[vars.collaborationId] flow ended." />
	</sub-flow>
</mule>
