<?xml version="1.0" encoding="UTF-8"?>

<mule xmlns:ee="http://www.mulesoft.org/schema/mule/ee/core"
	xmlns:box="http://www.mulesoft.org/schema/mule/box"
	xmlns="http://www.mulesoft.org/schema/mule/core"
	xmlns:doc="http://www.mulesoft.org/schema/mule/documentation"
	xmlns:xsi="http://www.w3.org/2001/XMLSchema-instance"
	xsi:schemaLocation="http://www.mulesoft.org/schema/mule/core http://www.mulesoft.org/schema/mule/core/current/mule.xsd
http://www.mulesoft.org/schema/mule/box http://www.mulesoft.org/schema/mule/box/current/mule-box.xsd
http://www.mulesoft.org/schema/mule/ee/core http://www.mulesoft.org/schema/mule/ee/core/current/mule-ee.xsd">
	<sub-flow name="getCollaborationsSubFlow"
		doc:id="45131331-4c24-4fbb-9c3b-47ea145fdf8f">
		<logger level="INFO" doc:name="Start Log"
			doc:id="b7010cbe-442f-416a-ba13-c27bde6c4672"
			message="get collaboration by collaboration_id: #[vars.collaborationId] flow started." />
		<try doc:name="Try" doc:id="16ede97e-e97e-4b62-a985-c5862f09358a">
			<box:get-collaborations-by-collaboration-id
				doc:name="Get collaboration"
				doc:id="660942f2-fd33-484f-add3-59ae0680f678"
				config-ref="Box_Connector_Config_jwt_custom_key"
				collaborationId="#[vars.collaborationId]" />
			<error-handler>
				<on-error-continue enableNotifications="true" logException="true" doc:name="On Error Continue" doc:id="6958f5f3-2783-47d4-a5c0-f6065359741a" when="error.errorMessage.payload.status &gt;=500 and error.errorMessage.payload.status &lt;=504">
					<until-successful maxRetries="${until-successful.maxRetries}" doc:name="Until Successful" doc:id="c780f5b7-6669-469b-9220-2fc8ef186468" millisBetweenRetries="${until-successful.millisBetweenRetries}">
			<logger level="INFO" doc:name="Start Log" doc:id="5eee1c73-7fea-41fb-978b-370cfcc45a1e" message="until successful started for collaboration_id: #[vars.collaborationId] " />
						<box:get-collaborations-by-collaboration-id
				doc:name="Get collaboration"
				doc:id="b99c53dc-4a74-4e0f-812d-336151b27dc2"
				config-ref="Box_Connector_Config_jwt_custom_key"
				collaborationId="#[vars.collaborationId]" />
						<logger level="INFO" doc:name="End Log" doc:id="32ae1743-068e-460c-b75d-205c3bb7fcd5" message="until successful ended for collaboration_id: #[vars.collaborationId] " />					
</until-successful>
				</on-error-continue>
			</error-handler>
		</try>
		<logger level="INFO" doc:name="End Log" doc:id="a78f4baa-b266-4980-a408-3c54db2fa31e" message="get collaboration by collaboration_id: #[vars.collaborationId] flow ended." />
	</sub-flow>
</mule>
