<?xml version="1.0" encoding="UTF-8"?>

<mule xmlns:ee="http://www.mulesoft.org/schema/mule/ee/core"
	xmlns:box="http://www.mulesoft.org/schema/mule/box"
	xmlns="http://www.mulesoft.org/schema/mule/core"
	xmlns:doc="http://www.mulesoft.org/schema/mule/documentation"
	xmlns:xsi="http://www.w3.org/2001/XMLSchema-instance"
	xsi:schemaLocation="http://www.mulesoft.org/schema/mule/core http://www.mulesoft.org/schema/mule/core/current/mule.xsd
http://www.mulesoft.org/schema/mule/box http://www.mulesoft.org/schema/mule/box/current/mule-box.xsd
http://www.mulesoft.org/schema/mule/ee/core http://www.mulesoft.org/schema/mule/ee/core/current/mule-ee.xsd">
	<sub-flow name="postCollaborationsSubFlow"
		doc:id="9aabed65-497a-485e-9018-937ae6f13348">
		<logger level="INFO" doc:name="Start Log"
			doc:id="76c40281-8f63-430d-86b5-d218d6d50a97"
			message="#[&quot;create collaborations flow started for &quot; ++ payload.item.'type' ++ &quot; having id &quot; ++ payload.item.id]" />
		<try doc:name="Try" doc:id="c8a59f45-0faf-45a8-b233-38c78677d265">
			<box:create-collaborations
				doc:name="Create collaboration"
				doc:id="6f37d04a-a6a2-40d5-a069-339daf4f8623"
				config-ref="Box_Connector_Config_jwt_custom_key" />
			<error-handler>
				<on-error-continue enableNotifications="true" logException="true" doc:name="On Error Continue" doc:id="0b91cad6-4aba-4c49-a88c-012beeaa8381" when="error.errorMessage.payload.status &gt;=500 and error.errorMessage.payload.status &lt;=504">
					<until-successful maxRetries="${until-successful.maxRetries}" doc:name="Until Successful" doc:id="707262e6-ca29-46b7-aa3c-e9b6e8387db7" millisBetweenRetries="${until-successful.millisBetweenRetries}">
			<logger level="INFO" doc:name="Start Log" doc:id="217522b7-a384-455b-854e-3414be92d732" message="#[&quot;until successful started for &quot; ++ payload.item.'type' ++ &quot; having id &quot; ++ payload.item.id]" />
						<box:create-collaborations
				doc:name="Create collaboration"
				doc:id="82038069-f3ab-402a-8adf-2f5c4a37a079"
				config-ref="Box_Connector_Config_jwt_custom_key" />
						<logger level="INFO" doc:name="End Log" doc:id="fab76e04-a801-4291-a639-d8a8a12a4002" message="#[&quot;until successful ended for &quot; ++ payload.item.'type' ++ &quot; having id &quot; ++ payload.item.id]" />					
</until-successful>
				</on-error-continue>
			</error-handler>
		</try>
		<logger level="INFO" doc:name="End Log" doc:id="2648836c-52cd-4aaf-8a3d-72a82dfefe07" message="#[&quot;create collaborations flow ended for &quot; ++ payload.item.'type' ++ &quot; having id &quot; ++ payload.item.id]" />
	</sub-flow>
</mule>
