<?xml version="1.0" encoding="UTF-8"?>

<mule xmlns:ee="http://www.mulesoft.org/schema/mule/ee/core"
	xmlns:box="http://www.mulesoft.org/schema/mule/box"
	xmlns="http://www.mulesoft.org/schema/mule/core"
	xmlns:doc="http://www.mulesoft.org/schema/mule/documentation"
	xmlns:xsi="http://www.w3.org/2001/XMLSchema-instance"
	xsi:schemaLocation="http://www.mulesoft.org/schema/mule/core http://www.mulesoft.org/schema/mule/core/current/mule.xsd
http://www.mulesoft.org/schema/mule/box http://www.mulesoft.org/schema/mule/box/current/mule-box.xsd
http://www.mulesoft.org/schema/mule/ee/core http://www.mulesoft.org/schema/mule/ee/core/current/mule-ee.xsd">
	<sub-flow name="updateCollaborationsSubFlow"
		doc:id="a2542c30-3676-44df-89dc-fe3a6a66fd2f">
		<logger level="INFO" doc:name="Start Log"
			doc:id="124cb95e-7b70-4a46-9f94-c99f0127010b"
			message="update collaboration by collaboration_id: #[vars.collaborationId] flow started." />
		<try doc:name="Try" doc:id="8ddb156c-5662-43f8-ad37-a63f7e8f4ef6">
			<box:update-collaborations-by-collaboration-id
				doc:name="Update collaboration"
				doc:id="8ef791ca-5b14-4fa3-87db-964c0103f566"
				config-ref="Box_Connector_Config_jwt_custom_key"
				collaborationId="#[vars.collaborationId]" />
			<error-handler>
				<on-error-continue enableNotifications="true" logException="true" doc:name="On Error Continue" doc:id="6e6f5069-cbcc-4e6d-a4b7-9114ccc35220" when="error.errorMessage.payload.status &gt;=500 and error.errorMessage.payload.status &lt;=504">
					<until-successful maxRetries="${until-successful.maxRetries}" doc:name="Until Successful" doc:id="c6e52624-3ffa-4f8c-8446-8f943f6125cc" millisBetweenRetries="${until-successful.millisBetweenRetries}">
			<logger level="INFO" doc:name="Start Log" doc:id="aa107711-cd59-4401-a906-c8b22ad29dc5" message="until successful started for collaboration_id: #[vars.collaborationId] " />
						<box:update-collaborations-by-collaboration-id
				doc:name="Update collaboration"
				doc:id="e94bcdaa-c972-49ee-bf95-504d52eb241a"
				config-ref="Box_Connector_Config_jwt_custom_key"
				collaborationId="#[vars.collaborationId]" />
						<logger level="INFO" doc:name="End Log" doc:id="6543bb05-7faf-4eb3-8974-c94439e5cfaa" message="until successful ended for collaboration_id: #[vars.collaborationId] " />					
</until-successful>
				</on-error-continue>
			</error-handler>
		</try>
		<logger level="INFO" doc:name="End Log" doc:id="88899e1f-e981-4b7e-982a-bfb134d7298e" message="update collaboration by collaboration_id: #[vars.collaborationId] flow ended." />
	</sub-flow>
</mule>
