<?xml version='1.0' encoding='UTF-8'?>
<types:mule xmlns:types="http://www.mulesoft.org/schema/mule/types">
  <types:catalog>
    <types:type name="payload" format="json">
      <types:shape format="json-schema" location="schemas/empData.json"/>
    </types:type>
    <types:type name="auto_f458cc07-5366-480d-96b2-d8fb9a4daa32_Output-Variables-httpStatus" format="java">
      <types:shape format="raml" autogeneratedOrigin="0c9ac6f4-1a33-4bbb-9098-771566a43d18"><![CDATA[#%RAML 1.0 DataType
type: string]]></types:shape>
    </types:type>
    <types:type name="auto_e94db9e1-280c-49e7-8a50-30aa7f6db9d4_Input-Payload" format="json">
      <types:shape format="weave" example="weave/autogenerated/e94db9e1-280c-49e7-8a50-30aa7f6db9d4/Input-Payload.wev" autogeneratedOrigin="8d18f62a-7fda-4b32-99cb-8b24a51d4768"><![CDATA[%dw 2.0

type auto_e94db9e1_280c_49e7_8a50_30aa7f6db9d4_Input_Payload = {|  |}

]]></types:shape>
    </types:type>
    <types:type name="auto_e94db9e1-280c-49e7-8a50-30aa7f6db9d4_Output-Payload" format="json">
      <types:shape format="weave" example="weave/autogenerated/e94db9e1-280c-49e7-8a50-30aa7f6db9d4/Output-Payload.wev" autogeneratedOrigin="8d18f62a-7fda-4b32-99cb-8b24a51d4768"><![CDATA[%dw 2.0

type auto_e94db9e1_280c_49e7_8a50_30aa7f6db9d4_Output_Payload = Any

]]></types:shape>
    </types:type>
    <types:type name="auto_e94db9e1-280c-49e7-8a50-30aa7f6db9d4_Output-Attributes" format="java">
      <types:shape format="weave" example="weave/autogenerated/e94db9e1-280c-49e7-8a50-30aa7f6db9d4/Output-Attributes.wev" autogeneratedOrigin="8d18f62a-7fda-4b32-99cb-8b24a51d4768"><![CDATA[%dw 2.0

type auto_e94db9e1_280c_49e7_8a50_30aa7f6db9d4_Output_Attributes = {|
  statusCode: Number, 
  headers: { _?: String }, 
  reasonPhrase: String
|} {"typeAlias": "HttpResponseAttributes",
"typeId": "com.mulesoft.connectivity.boxconnector.rest.commons.api.operation.HttpResponseAttributes"}

]]></types:shape>
    </types:type>
  </types:catalog>
  <types:enrichment select="#f458cc07-5366-480d-96b2-d8fb9a4daa32">
    <types:processor-declaration>
      <types:output-event>
        <types:variables>
          <types:variable name="httpStatus" type="auto_f458cc07-5366-480d-96b2-d8fb9a4daa32_Output-Variables-httpStatus"/>
        </types:variables>
      </types:output-event>
    </types:processor-declaration>
  </types:enrichment>
  <types:enrichment select="#e94db9e1-280c-49e7-8a50-30aa7f6db9d4">
    <types:processor-declaration>
      <types:input-event>
        <types:message>
          <types:payload type="auto_e94db9e1-280c-49e7-8a50-30aa7f6db9d4_Input-Payload"/>
        </types:message>
      </types:input-event>
      <types:output-event>
        <types:message>
          <types:payload type="auto_e94db9e1-280c-49e7-8a50-30aa7f6db9d4_Output-Payload"/>
          <types:attributes type="auto_e94db9e1-280c-49e7-8a50-30aa7f6db9d4_Output-Attributes"/>
        </types:message>
      </types:output-event>
    </types:processor-declaration>
  </types:enrichment>
  <types:enrichment select="#86b5fa2d-4b96-4057-bb7c-f63f8c0896c5"/>
  <types:enrichment select="#fe395593-e662-472c-b78c-0a048eaeea49"/>
  <types:enrichment select="#03d688b9-ed5b-4745-a33d-251199ff0acd"/>
</types:mule>