<?xml version="1.0" encoding="UTF-8"?>

<mule xmlns:ee="http://www.mulesoft.org/schema/mule/ee/core"
	xmlns:box="http://www.mulesoft.org/schema/mule/box"
	xmlns="http://www.mulesoft.org/schema/mule/core"
	xmlns:doc="http://www.mulesoft.org/schema/mule/documentation"
	xmlns:xsi="http://www.w3.org/2001/XMLSchema-instance"
	xsi:schemaLocation="http://www.mulesoft.org/schema/mule/core http://www.mulesoft.org/schema/mule/core/current/mule.xsd
http://www.mulesoft.org/schema/mule/box http://www.mulesoft.org/schema/mule/box/current/mule-box.xsd
http://www.mulesoft.org/schema/mule/ee/core http://www.mulesoft.org/schema/mule/ee/core/current/mule-ee.xsd">
	<sub-flow name="copyFolderByFolderIdSubFlow"
		doc:id="bc207ae1-84b0-49b8-be06-db420872a05d">
		<logger level="INFO" doc:name="Start Log"
			doc:id="f1f0ddeb-1c07-42b3-b508-f47e4ea7d1e1"
			message='#[%dw 2.0 output application/json --- "Flow started to copy folder having folderId: " ++ vars.folderId ++ " into folder with parentId " ++ payload.parent.id]' />
		<try doc:name="Try" doc:id="60d76aff-54f7-4bcd-afda-42f8f313c705">
			<box:create-folders-copy-by-folder-id
				doc:name="Copy folder" doc:id="c3a3e4fd-e35c-4121-af23-aa9f4ad1f458"
				config-ref="Box_Connector_Config_jwt_custom_key"
				folderId="#[vars.folderId]" />
			<error-handler>
				<on-error-continue enableNotifications="true" logException="true" doc:name="On Error Continue" doc:id="8a87becb-38e7-4289-a975-1da817fb127d" when="error.errorMessage.payload.status &gt;=500 and error.errorMessage.payload.status &lt;=504">
					<until-successful maxRetries="${until-successful.maxRetries}" doc:name="Until Successful" doc:id="8d42ff44-6b6b-48dc-9439-9f68c2bbb437" millisBetweenRetries="${until-successful.millisBetweenRetries}">
						<logger level="INFO" doc:name="Start Log" doc:id="5afb72fe-194e-4856-b461-313745af6c1d" message="until successful started for folderId: #[vars.folderId]" />
						<box:create-folders-copy-by-folder-id doc:name="Copy folder" doc:id="4d82e7b4-a512-40ba-aa91-f9235b9e05c3" config-ref="Box_Connector_Config_jwt_custom_key" folderId="#[vars.folderId]" />
						<logger level="INFO" doc:name="End Log" doc:id="b39e896c-a7c7-41b2-9d4c-e8d0522fdb9f" message="until successful ended for folderId: #[vars.folderId]" />
					</until-successful>
				</on-error-continue>
			</error-handler>
		</try>
		<logger level="INFO" doc:name="End Log" doc:id="5f36c1c4-563a-4015-a0b4-560eb43a5705" message='#[%dw 2.0 output application/json --- "Flow ended to copy folder having folderId: " ++ vars.folderId ++ " into folder with parentId " ++ payload.parent.id]' />
	</sub-flow>
</mule>
