<?xml version="1.0" encoding="UTF-8"?>

<mule xmlns:ee="http://www.mulesoft.org/schema/mule/ee/core"
	xmlns:box="http://www.mulesoft.org/schema/mule/box"
	xmlns="http://www.mulesoft.org/schema/mule/core"
	xmlns:doc="http://www.mulesoft.org/schema/mule/documentation"
	xmlns:xsi="http://www.w3.org/2001/XMLSchema-instance"
	xsi:schemaLocation="http://www.mulesoft.org/schema/mule/core http://www.mulesoft.org/schema/mule/core/current/mule.xsd
http://www.mulesoft.org/schema/mule/box http://www.mulesoft.org/schema/mule/box/current/mule-box.xsd
http://www.mulesoft.org/schema/mule/ee/core http://www.mulesoft.org/schema/mule/ee/core/current/mule-ee.xsd">
	<sub-flow name="createFolderSubFlow"
		doc:id="bc207ae1-84b0-49b8-be06-db420872a05d">
		<logger level="INFO" doc:name="Start Log"
			doc:id="6952847b-73c4-4ffe-b504-3dc297aa40bf"
			message='#["create folder flow started for foldername: " ++ payload.name default ""++  " with parentId: " ++  payload.parent.id default ""]' />
		<try doc:name="Try" doc:id="b6af9fa1-2a0a-4c32-a508-a4ccadd51bb3">
			<flow-ref doc:name="createFolderConnectorSubflow" doc:id="7bbd5b85-3521-4f76-9ba8-58a6be4a25af" name="createFolderConnectorSubflow" />
			<error-handler>
				<on-error-continue enableNotifications="true" logException="true" doc:name="On Error Continue" doc:id="81de549e-bac0-457d-b093-de91bd1333c8" when='error.errorMessage.payload.message contains "already exists"'>
					<logger level="INFO" doc:name="Folder Already Exists" doc:id="57d20610-a99b-4fe6-8656-025bda81527c" message='FOLDER ALREADY EXISTS' />
					<ee:transform doc:name="Response" doc:id="a961891c-77ee-42b9-9382-c9de108b2d03" >
						<ee:message >
							<ee:set-payload ><![CDATA[%dw 2.0
output application/json
---
{
	"type": (error.errorMessage.payload.context_info.conflicts.'type')[0],
    "parentId": payload.parent.id,
    "folderId": (error.errorMessage.payload.context_info.conflicts.id)[0],
    "folderName": payload.name
}]]></ee:set-payload>
						</ee:message>
					</ee:transform>
				</on-error-continue>
				<on-error-continue enableNotifications="true"
					logException="true" doc:name="On Error Continue"
					doc:id="10d0cb04-a0af-42c1-bc6c-e340214ddedb"
					type="BOX:CONNECTIVITY, BOX:INTERNAL_SERVER_ERROR">
					<until-successful
						maxRetries="${until-successful.maxRetries}"
						doc:name="Until Successful"
						doc:id="d37b1a49-c4f9-4348-9050-6954c947d99a"
						millisBetweenRetries="${until-successful.millisBetweenRetries}">
						<logger level="INFO" doc:name="Start Log"
							doc:id="44b99cea-378f-499a-8420-2e387be01d0f"
							message='#["until successful started for foldername: " ++ payload.name]' />
						<flow-ref doc:name="createFolderConnectorSubflow" doc:id="09f5bed0-4e5f-4feb-9b96-9e242493fc19" name="createFolderConnectorSubflow"/>
						<logger level="INFO" doc:name="End Log"
							doc:id="71a32b6a-0597-412b-971f-f453c64a82f6"
							message='#["until successful ended for foldername: " ++ payload.folderName]' />
					</until-successful>
				</on-error-continue>
			</error-handler>
		</try>
		<logger level="INFO" doc:name="End Log"
			doc:id="b0f86982-3314-484e-b214-5fae3d03e1a1"
			message='#["create folder flow ended for foldername: " ++ payload.folderName default "" ++  " with parentId: " ++  payload.parentId default ""]' />
	</sub-flow>
	<sub-flow name="createFolderConnectorSubflow" doc:id="51dc5c4e-27c2-4ab7-ab74-30712ba911e5">
		<box:create-folders doc:name="Create folder" doc:id="939569bf-3f88-4a4c-a491-390b6c567ffd" config-ref="Box_Connector_Config_jwt_custom_key" />
		<ee:transform doc:name="Response" doc:id="4cf69e9f-3e03-4976-80b6-4377818797c3">
			<ee:message>
				<ee:set-payload><![CDATA[%dw 2.0
output application/json
---
{
	"type": payload.'type',
    "parentId": payload.parent.id,
    "folderId": payload.id,
    "folderName": payload.name
}]]></ee:set-payload>
			</ee:message>
		</ee:transform>
	</sub-flow>
</mule>
