<?xml version="1.0" encoding="UTF-8"?>

<mule xmlns:ee="http://www.mulesoft.org/schema/mule/ee/core" xmlns:box="http://www.mulesoft.org/schema/mule/box"
	xmlns="http://www.mulesoft.org/schema/mule/core"
	xmlns:doc="http://www.mulesoft.org/schema/mule/documentation" xmlns:xsi="http://www.w3.org/2001/XMLSchema-instance" xsi:schemaLocation="http://www.mulesoft.org/schema/mule/core http://www.mulesoft.org/schema/mule/core/current/mule.xsd
http://www.mulesoft.org/schema/mule/box http://www.mulesoft.org/schema/mule/box/current/mule-box.xsd
http://www.mulesoft.org/schema/mule/ee/core http://www.mulesoft.org/schema/mule/ee/core/current/mule-ee.xsd">
	<sub-flow name="deleteFolderByFolderIdSubFlow" doc:id="7e92d919-cbbf-4cb7-b3b4-16b278752f44" >
		<logger level="INFO" doc:name="Start Log" doc:id="147036fb-8110-47ca-a5b1-1421f6bf7976" message="delete folder by folderId: #[vars.folderId] flow started." />
		<try doc:name="Try" doc:id="e376ee21-fb07-4342-a151-8d463ff5c497">
					<box:delete-folders-by-folder-id doc:name="Delete folder" doc:id="6e8af09c-b306-4b21-bb58-4179d8e2e7e4" config-ref="Box_Connector_Config_jwt_custom_key" folderId="#[vars.'folderId']" />
					<error-handler>
				<on-error-continue enableNotifications="true" logException="true" doc:name="On Error Continue" doc:id="8e103ac6-22bd-4b83-bb0c-4de6d09bb9c1" when="error.errorMessage.payload.status &gt;=500 and error.errorMessage.payload.status &lt;=504">
					<until-successful maxRetries="${until-successful.maxRetries}" doc:name="Until Successful" doc:id="7067e138-773e-4704-84eb-69cb6471c993" millisBetweenRetries="${until-successful.millisBetweenRetries}">
						<logger level="INFO" doc:name="Start Log" doc:id="6280fd2b-aab0-435e-96a1-b0b7978624a8" message="until successful started for folderId: #[vars.folderId]" />
						<box:delete-folders-by-folder-id doc:name="Delete folder" doc:id="6f848fae-3e9d-48c3-b323-9de31c288aac" config-ref="Box_Connector_Config_jwt_custom_key" folderId="#[vars.'folderId']" />
						<logger level="INFO" doc:name="End Log" doc:id="3d082912-a3a3-4228-896f-f1d59489bed2" message="until successful ended for folderId: #[vars.folderId]" />
					</until-successful>
				</on-error-continue>
					</error-handler>
				</try>
		<ee:transform doc:name="Response" doc:id="a5200c1d-bde1-48f0-abbf-0e556cb3d267" >
			<ee:message >
				<ee:set-payload ><![CDATA[%dw 2.0
output application/json
---
{
    "message": "Folder with id: " ++ vars.'folderId' default ""++ " removed successfully."
}]]></ee:set-payload>
			</ee:message>
		</ee:transform>
		<logger level="INFO" doc:name="End Log" doc:id="470dfd98-6fa2-4694-a6d2-1278fe4b1a51" message="delete folder by folderId: #[vars.folderId] flow ended." />
	</sub-flow>
</mule>
