<?xml version="1.0" encoding="UTF-8"?>

<mule xmlns:file="http://www.mulesoft.org/schema/mule/file"
	xmlns:ee="http://www.mulesoft.org/schema/mule/ee/core"
	xmlns:box="http://www.mulesoft.org/schema/mule/box"
	xmlns="http://www.mulesoft.org/schema/mule/core"
	xmlns:doc="http://www.mulesoft.org/schema/mule/documentation"
	xmlns:xsi="http://www.w3.org/2001/XMLSchema-instance"
	xsi:schemaLocation="http://www.mulesoft.org/schema/mule/core http://www.mulesoft.org/schema/mule/core/current/mule.xsd
http://www.mulesoft.org/schema/mule/box http://www.mulesoft.org/schema/mule/box/current/mule-box.xsd
http://www.mulesoft.org/schema/mule/ee/core http://www.mulesoft.org/schema/mule/ee/core/current/mule-ee.xsd
http://www.mulesoft.org/schema/mule/file http://www.mulesoft.org/schema/mule/file/current/mule-file.xsd">
	<sub-flow name="downloadAllFilesFromFolderSubFlow"
		doc:id="8f7855be-a044-44f3-a6ae-574f1d45332f">
		<try doc:name="Try" doc:id="54ec49ce-a470-4698-a9ad-05d0e2fc270c">
			<box:get-folders-items-by-folder-id
				doc:name="List items in folder"
				doc:id="fd85fde4-4b39-4e90-ab6e-5de379ad5877"
				config-ref="Box_Connector_Config_jwt_custom_key"
				folderId="#[attributes.uriParams.'folderId']" sort="ID"
				direction="ASC" />
			<error-handler>
				<on-error-continue enableNotifications="true"
					logException="true" doc:name="On Error Continue"
					doc:id="8eba30f5-dce2-453f-a934-e36baf36f247"
					when="error.errorMessage.payload.status &gt;=500 and error.errorMessage.payload.status &lt;=504">
					<until-successful
						maxRetries="${until-successful.maxRetries}"
						doc:name="Until Successful"
						doc:id="f64d5aff-a499-43b8-8218-395d8e619e32"
						millisBetweenRetries="${until-successful.millisBetweenRetries}">
						<logger level="INFO" doc:name="Start Log" doc:id="7f94f7a8-14da-44ea-bfd5-b113fe7908d7" message="until successful started." />
						<box:get-folders-items-by-folder-id
							doc:name="List items in folder"
							doc:id="b8211420-04a3-4041-880a-7d8fc76195c5"
							config-ref="Box_Connector_Config_jwt_custom_key"
							folderId="#[attributes.uriParams.'folderId']" sort="ID"
							direction="ASC" />
						<logger level="INFO" doc:name="End Log" doc:id="cee98358-d96a-487d-a6ca-b066716bc397" message="until successful ended." />



					
</until-successful>
				</on-error-continue>
			</error-handler>
		</try>
		<ee:transform doc:name="Transform Message"
			doc:id="ff92955b-e3bc-46f8-9059-1ecaf8c04b8b">
			<ee:message>
				<ee:set-payload><![CDATA[%dw 2.0
output application/json
---
payload]]></ee:set-payload>
			</ee:message>
		</ee:transform>
		<try doc:name="Try" doc:id="5ee6a4cc-cc45-4097-9ce5-47d0a1472b69">
			<parallel-foreach doc:name="Parallel For Each" doc:id="8795cbfe-9b12-449d-93db-f689a36d4c3e" collection="#[%dw 2.0&#10;output application/json&#10;---&#10;payload.id]">
				<box:get-files-content-by-file-id doc:name="Download file" doc:id="45f5055b-8201-45b5-a65d-fb1aa1242b31" config-ref="Box_Connector_Config_jwt_custom_key" fileId="#[payload]"/>
			</parallel-foreach>
			<error-handler >
				<on-error-continue enableNotifications="true" logException="true" doc:name="On Error Continue" doc:id="37464222-a325-4846-aee8-65b895ec519f" when="error.errorMessage.payload.status &gt;=500 and error.errorMessage.payload.status &lt;=504" >
					<until-successful maxRetries="${until-successful.maxRetries}" doc:name="Until Successful" doc:id="777e572f-46cc-4084-8e9c-1242115a6325" millisBetweenRetries="${until-successful.millisBetweenRetries}" >
					<logger level="INFO" doc:name="Start Log" doc:id="283c5f5c-f00a-4684-8f6a-718f13e7bf03" message="until successful started." />
						<box:get-files-content-by-file-id doc:name="Download file" doc:id="2772259d-adfe-4226-a3d9-b5b72ef06217" config-ref="Box_Connector_Config_jwt_custom_key" fileId="#[payload]" target="outputPayload" />
						<logger level="INFO" doc:name="End Log" doc:id="e68dd61f-64f8-4476-9a70-5c54c12557b8" message="until successful ended." />
					
</until-successful>
				</on-error-continue>
			</error-handler>
		</try>
	</sub-flow>
</mule>
