<?xml version="1.0" encoding="UTF-8"?>

<mule xmlns:ee="http://www.mulesoft.org/schema/mule/ee/core"
	xmlns:box="http://www.mulesoft.org/schema/mule/box"
	xmlns="http://www.mulesoft.org/schema/mule/core"
	xmlns:doc="http://www.mulesoft.org/schema/mule/documentation"
	xmlns:xsi="http://www.w3.org/2001/XMLSchema-instance"
	xsi:schemaLocation="http://www.mulesoft.org/schema/mule/core http://www.mulesoft.org/schema/mule/core/current/mule.xsd
http://www.mulesoft.org/schema/mule/box http://www.mulesoft.org/schema/mule/box/current/mule-box.xsd
http://www.mulesoft.org/schema/mule/ee/core http://www.mulesoft.org/schema/mule/ee/core/current/mule-ee.xsd">
	<sub-flow name="getFolderDetailsByFolderIdSubFlow"
		doc:id="e94db9e1-280c-49e7-8a50-30aa7f6db9d4">
		<logger level="INFO" doc:name="Start Log"
			doc:id="12a77aae-9a51-46a5-a070-aa51d40bfc05"
			message="get folder details by folderId: #[vars.folderId] flow started." />
		<try doc:name="Try" doc:id="76941359-3591-4480-b004-b7acf4c640a1">
			<box:get-folders-by-folder-id
				doc:name="Get folder information"
				doc:id="af389320-7cb1-40c5-b8a2-7f6fb215a341"
				config-ref="Box_Connector_Config_jwt_custom_key"
				folderId="#[attributes.uriParams.'folderId']" />
			<error-handler>
				<on-error-continue enableNotifications="true" logException="true" doc:name="On Error Continue" doc:id="258febd9-1ecc-40f2-9f7b-a745bf31bfe0" when="error.errorMessage.payload.status &gt;=500 and error.errorMessage.payload.status &lt;=504">
					<until-successful maxRetries="${until-successful.maxRetries}" doc:name="Until Successful" doc:id="09145135-c5c6-4cbe-a9fb-7d248dc2e71a" millisBetweenRetries="${until-successful.millisBetweenRetries}">
					<logger level="INFO" doc:name="Start Log" doc:id="ad51603e-675e-43c0-9959-3a1c0f755e43" message="until successful started for folderId: #[vars.folderId]" />
						<box:get-folders-by-folder-id doc:name="Get folder information" doc:id="131581c6-d305-427a-bcdd-94fb38fca7ad" config-ref="Box_Connector_Config_jwt_custom_key" folderId="#[attributes.uriParams.'folderId']" />
						<logger level="INFO" doc:name="End Log" doc:id="89bfd447-99d0-4aa2-9175-83be563537a7" message="until successful ended for folderId: #[vars.folderId]" />
			
					
</until-successful>
				</on-error-continue>
			</error-handler>
		</try>
		<logger level="INFO" doc:name="End Log" doc:id="e8224d52-58b3-4fb3-b374-88602b0075f8" message="get folder details by folderId: #[vars.folderId] flow ended." />
	</sub-flow>
</mule>
