<?xml version="1.0" encoding="UTF-8"?>

<mule xmlns:ee="http://www.mulesoft.org/schema/mule/ee/core"
	xmlns:box="http://www.mulesoft.org/schema/mule/box"
	xmlns="http://www.mulesoft.org/schema/mule/core"
	xmlns:doc="http://www.mulesoft.org/schema/mule/documentation"
	xmlns:xsi="http://www.w3.org/2001/XMLSchema-instance"
	xsi:schemaLocation="http://www.mulesoft.org/schema/mule/core http://www.mulesoft.org/schema/mule/core/current/mule.xsd
http://www.mulesoft.org/schema/mule/box http://www.mulesoft.org/schema/mule/box/current/mule-box.xsd
http://www.mulesoft.org/schema/mule/ee/core http://www.mulesoft.org/schema/mule/ee/core/current/mule-ee.xsd">
	<sub-flow name="updateFolderByFolderIdSubFlow"
		doc:id="bc207ae1-84b0-49b8-be06-db420872a05d">
		<logger level="INFO" doc:name="Start Log"
			doc:id="2be9a51f-444f-451f-96e6-24686938329a"
			message="update folder by folderId: #[vars.folderId] flow started." />
		<try doc:name="Try" doc:id="e8a9cfcf-4256-4fca-9bb6-aadfa1ef8e3b">
			<box:update-folders-by-folder-id
				doc:name="Update folder"
				doc:id="620dd6c2-5ee5-47d6-af83-726b71a43202"
				config-ref="Box_Connector_Config_jwt_custom_key"
				folderId="#[vars.folderId]" />
			<error-handler>
				<on-error-continue enableNotifications="true" logException="true" doc:name="On Error Continue" doc:id="36201e7f-2245-49b2-8519-9ebdeed3ba69" when="error.errorMessage.payload.status &gt;=500 and error.errorMessage.payload.status &lt;=504">
					<until-successful maxRetries="${until-successful.maxRetries}" doc:name="Until Successful" doc:id="49e91a56-5970-4d34-b11a-1add2617af06" millisBetweenRetries="${until-successful.millisBetweenRetries}">
					<logger level="INFO" doc:name="Start Log" doc:id="728647df-cab9-498a-83bf-25f3c72b54c4" message="until successful started for folderId: #[vars.folderId]" />
						<box:update-folders-by-folder-id doc:name="Update folder" doc:id="d23ebcff-0589-4f9c-87f9-c28d48babc7c" config-ref="Box_Connector_Config_jwt_custom_key" folderId="#[vars.folderId]" />
						<logger level="INFO" doc:name="End Log" doc:id="11eee902-1ec5-47cd-82ef-4da358c6853e" message="until successful ended for folderId: #[vars.folderId]" />
			
					
</until-successful>
				</on-error-continue>
			</error-handler>
		</try>
		<logger level="INFO" doc:name="End Log" doc:id="1a18cf6e-bf3a-4005-965a-0c13933de4f3" message="update folder by folderId: #[vars.folderId] flow ended." />
	</sub-flow>
</mule>
