<?xml version="1.0" encoding="UTF-8"?>

<mule xmlns:ee="http://www.mulesoft.org/schema/mule/ee/core" xmlns="http://www.mulesoft.org/schema/mule/core"
	xmlns:doc="http://www.mulesoft.org/schema/mule/documentation"
	xmlns:xsi="http://www.w3.org/2001/XMLSchema-instance" xsi:schemaLocation="http://www.mulesoft.org/schema/mule/core http://www.mulesoft.org/schema/mule/core/current/mule.xsd
http://www.mulesoft.org/schema/mule/ee/core http://www.mulesoft.org/schema/mule/ee/core/current/mule-ee.xsd">
	<sub-flow name="SettingRequiredHeaders" doc:id="15f6c7f6-592f-4d2f-9855-2f3382790d4d" >
		<ee:transform doc:name="Setting Required Headers" doc:id="5b811246-e2e0-4fd3-aefe-6493e4d732bd">
			<ee:message />
			<ee:variables>
				<ee:set-variable variableName="settingRequiredHeaders"><![CDATA[%dw 2.0
output application/json
---
{
	client_id: "${secure::prc.client_id}",
    client_secret: "${secure::prc.client_secret}",
    correlationId: attributes.headers."x-correlation-id" default correlationId,
    org_name: "grants"
}]]></ee:set-variable>
			</ee:variables>
		</ee:transform>
	</sub-flow>
</mule>
