<?xml version="1.0" encoding="UTF-8"?>
<mule xmlns="http://www.mulesoft.org/schema/mule/core" xmlns:apikit="http://www.mulesoft.org/schema/mule/mule-apikit" xmlns:doc="http://www.mulesoft.org/schema/mule/documentation" xmlns:ee="http://www.mulesoft.org/schema/mule/ee/core" xmlns:http="http://www.mulesoft.org/schema/mule/http" xmlns:xsi="http://www.w3.org/2001/XMLSchema-instance" xsi:schemaLocation="http://www.mulesoft.org/schema/mule/core http://www.mulesoft.org/schema/mule/core/current/mule.xsd http://www.mulesoft.org/schema/mule/http http://www.mulesoft.org/schema/mule/http/current/mule-http.xsd http://www.mulesoft.org/schema/mule/mule-apikit http://www.mulesoft.org/schema/mule/mule-apikit/current/mule-apikit.xsd http://www.mulesoft.org/schema/mule/ee/core http://www.mulesoft.org/schema/mule/ee/core/current/mule-ee.xsd ">
    <flow name="grants-management-exp-api-main">
        <http:listener config-ref="grants-http-listener-config" path="${http.path}">
            <http:response statusCode="#[vars.httpStatus default 200]">
                <http:headers><![CDATA[#[vars.outboundHeaders default {}]]]></http:headers>
            </http:response>
            <http:error-response statusCode="#[vars.httpStatus default 500]">
                <http:body><![CDATA[#[payload]]]></http:body>
                <http:headers><![CDATA[#[vars.outboundHeaders default {}]]]></http:headers>
            </http:error-response>
        </http:listener>
        <set-variable value="#[%dw 2.0&#xA;output application/json&#xA;---&#xA;attributes.headers.&quot;x-correlation-id&quot; default correlationId]" doc:name="set var correlationId" doc:id="0bb48f55-2e8f-4d7e-b2e3-8e7f6e5a1baa" variableName="correlationId" />
        <flow-ref doc:name="SettingRequiredHeaders" doc:id="465db93c-b78e-4cad-9bca-7274524ff87c" name="SettingRequiredHeaders" />
        <logger level="INFO" doc:name="grants-management-exp-api started" doc:id="89442c0d-9b31-47a6-b040-ea58274556e1" message="#[vars.correlationId default &quot;&quot; ++ &quot; grants-management-exp-api started - at : &quot; ++ now()]" />
        <apikit:router config-ref="grants-management-exp-api-config" />
        <logger level="INFO" doc:name="grants-management-exp-api ended" doc:id="de31e78a-4a4f-4552-8305-b5b21d141ef7" message="#[vars.correlationId default &quot;&quot; ++ &quot; grants-management-exp-api ended - at : &quot; ++ now()]" />
        <error-handler ref="global-error-handler" />
    </flow>
    <flow name="grants-management-exp-api-console">
        <http:listener config-ref="grants-http-listener-config" path="/console/*">
            <http:response statusCode="#[vars.httpStatus default 200]">
                <http:headers><![CDATA[#[vars.outboundHeaders default {}]]]></http:headers>
            </http:response>
            <http:error-response statusCode="#[vars.httpStatus default 500]">
                <http:body><![CDATA[#[payload]]]></http:body>
                <http:headers><![CDATA[#[vars.outboundHeaders default {}]]]></http:headers>
            </http:error-response>
        </http:listener>
        <choice doc:name="Enable/Disable Console" doc:id="93a8239b-da2e-4b6d-8409-2bb6022377a4">
            <when expression="${api.viewConsole} ">
                <apikit:console config-ref="grants-management-exp-api-config" />
            </when>
            <otherwise>
                <ee:transform doc:name="The Console is disabled." doc:id="1d9c9cd6-6088-4a53-b5c5-a748b158e47e">
                    <ee:message>
                        <ee:set-payload><![CDATA[%dw 2.0
output application/json
---
"The Console is disabled."]]></ee:set-payload>
                    </ee:message>
                </ee:transform>
            </otherwise>
        </choice>
        <error-handler ref="global-error-handler" />
    </flow>
    <flow name="get:\api\v1\ping:grants-management-exp-api-config">
        <logger level="INFO" doc:name="Start Log" doc:id="4ef2bcca-b465-4f9f-9047-496a6280abe9" message="#[vars.correlationId default &quot;&quot; ++ &quot; ping flow started. - at : &quot; ++ now()]" />
        <ee:transform doc:name="Response" doc:id="a852f418-bf9c-4ab2-92e0-70f3b56eb508">
            <ee:message>
                <ee:set-payload><![CDATA[%dw 2.0
output application/json
---
{
  status: "UP",
  api: "${api.name}",
  env: "${api.env}",
  timestamp: now() as String {format: "dd/MM/yyyy HH:mm:SS"}
}]]></ee:set-payload>
            </ee:message>
        </ee:transform>
        <logger level="INFO" doc:name="End Log" doc:id="302a1f9d-2afc-49ec-870c-daa1e4e45191" message="#[vars.correlationId default &quot;&quot; ++ &quot; ping flow ended. - at : &quot; ++ now()]" />
    </flow>
    <flow name="get:\api\v1\health-check:grants-management-exp-api-config">
        <logger level="INFO" doc:name="Start Log" doc:id="f84ae6d8-ce73-4b97-8c56-57929ebf394e" message="#[vars.correlationId default &quot;&quot; ++ &quot; health-check flow started. - at : &quot; ++ now()]" />
        <ee:transform doc:name="Response" doc:id="16ca0bbb-0172-48fc-bb30-ef5fad286af5">
            <ee:message>
                <ee:set-payload><![CDATA[%dw 2.0
output application/json
---
{
  response: {
    application: "${api.name}",
    buildversion: "${api.buildversion}",
    buildTimestamp: now() as String {format: "dd/MM/yyyy HH:mm:SS"},
    status: "UP",
    env: "${api.env}",
    systems: [
      {
        name: "Grants Management Exp API",
        status: "UP"
      }
    ]
  }
}]]></ee:set-payload>
            </ee:message>
        </ee:transform>
        <logger level="INFO" doc:name="End Log" doc:id="1db1964f-97df-4cf0-b7f1-701b6ea578f5" message="#[vars.correlationId default &quot;&quot; ++ &quot; health-check flow ended. - at : &quot; ++ now()]" />
    </flow>
    <flow name="post:\api\v1\docs:application\json:grants-management-exp-api-config">
        <flow-ref doc:name="upload-docs-subflow" doc:id="357f2a13-291e-4ab0-87c9-bbcc0c25bfb4" name="upload-docs-subflow" />
    </flow>
    <flow name="get:\api\v1\docs\(docId):grants-management-exp-api-config">
        <flow-ref doc:name="retrieve-doc-subflow" doc:id="a6cfe697-9a20-4ab4-864b-67dedba5c6ee" name="retrieve-doc-subflow" />
    </flow>
    <flow name="get:\api\v1\payments\(payment-id):grants-management-exp-api-config">
        <logger level="INFO" doc:name="check status of the payment" doc:id="3cd59ea9-cb79-49a9-ade6-e5110a1538d6" />
        <ee:transform doc:name="Set Response" doc:id="ec313d28-3f6f-401e-847e-160070dde5f7">
            <ee:message>
                <ee:set-payload><![CDATA[%dw 2.0
output application/json
---
{
	"status": "Submitted",
	"id": attributes.uriParams.'payment-id',
	"date": now() as String {format: "dd/MM/yyyy HH:mm:SS"}
}]]></ee:set-payload>
            </ee:message>
        </ee:transform>
    </flow>
    <flow name="post:\api\v1\payments:application\json:grants-management-exp-api-config">
        <ee:transform doc:name="Set Request" doc:id="c2fcb87b-8aee-40c1-bdd6-fe7d56ec50e8">
            <ee:message>
                <ee:set-payload><![CDATA[%dw 2.0
output application/json
---
{
	(if (!isBlank(payload.scheduledDate))("scheduledDate" : payload.scheduledDate) else ("scheduledDate" : now() as Date)),
	"status" : "Scheduled"
}]]></ee:set-payload>
            </ee:message>
        </ee:transform>
        <flow-ref doc:name="create-payment-subflow" doc:id="4ba262c1-410c-4055-8a40-df1403aa364d" name="create-payment-subflow" />
    </flow>
</mule>
