<?xml version='1.0' encoding='UTF-8'?>
<types:mule xmlns:types="http://www.mulesoft.org/schema/mule/types">
  <types:catalog>
    <types:type name="auto_653739c4-856c-4d76-ac71-6f81a1743658_Input-Payload" format="json">
      <types:shape format="weave" example="weave/autogenerated/653739c4-856c-4d76-ac71-6f81a1743658/Input-Payload.wev" autogeneratedOrigin="ab90032a-db38-408b-9205-14c9eef99484"><![CDATA[%dw 2.0

type auto_653739c4_856c_4d76_ac71_6f81a1743658_Input_Payload = {|  |}

]]></types:shape>
    </types:type>
    <types:type name="auto_653739c4-856c-4d76-ac71-6f81a1743658_Input-Attributes" format="java">
      <types:shape format="weave" example="weave/autogenerated/653739c4-856c-4d76-ac71-6f81a1743658/Input-Attributes.wev" autogeneratedOrigin="ab90032a-db38-408b-9205-14c9eef99484"><![CDATA[%dw 2.0

type auto_653739c4_856c_4d76_ac71_6f81a1743658_Input_Attributes = {|
  statusCode: Number, 
  reasonPhrase: String, 
  headers: { _?: String }
|} {"typeAlias": "HttpResponseAttributes",
"typeId": "org.mule.extension.http.api.HttpResponseAttributes"}

]]></types:shape>
    </types:type>
    <types:type name="auto_653739c4-856c-4d76-ac71-6f81a1743658_Input-Variables-reqHeaders" format="json">
      <types:shape format="weave" example="weave/autogenerated/653739c4-856c-4d76-ac71-6f81a1743658/Input-Variables-reqHeaders.wev" autogeneratedOrigin="ab90032a-db38-408b-9205-14c9eef99484"><![CDATA[%dw 2.0

type auto_653739c4_856c_4d76_ac71_6f81a1743658_Input_Variables_reqHeaders = {|
  "gateway-entity-id": String, 
  "client-request-id": String, 
  "Content-Type": String
|}

]]></types:shape>
    </types:type>
    <types:type name="auto_653739c4-856c-4d76-ac71-6f81a1743658_Input-Variables-queryParameters" format="java">
      <types:shape format="weave" example="weave/autogenerated/653739c4-856c-4d76-ac71-6f81a1743658/Input-Variables-queryParameters.wev" autogeneratedOrigin="ab90032a-db38-408b-9205-14c9eef99484"><![CDATA[%dw 2.0

type auto_653739c4_856c_4d76_ac71_6f81a1743658_Input_Variables_queryParameters = Any

]]></types:shape>
    </types:type>
    <types:type name="auto_653739c4-856c-4d76-ac71-6f81a1743658_Output-Payload" format="json">
      <types:shape format="weave" example="weave/autogenerated/653739c4-856c-4d76-ac71-6f81a1743658/Output-Payload.wev" autogeneratedOrigin="ab90032a-db38-408b-9205-14c9eef99484"><![CDATA[%dw 2.0

type auto_653739c4_856c_4d76_ac71_6f81a1743658_Output_Payload = {|  |}

]]></types:shape>
    </types:type>
    <types:type name="auto_653739c4-856c-4d76-ac71-6f81a1743658_Output-Attributes" format="java">
      <types:shape format="weave" example="weave/autogenerated/653739c4-856c-4d76-ac71-6f81a1743658/Output-Attributes.wev" autogeneratedOrigin="ab90032a-db38-408b-9205-14c9eef99484"><![CDATA[%dw 2.0

type auto_653739c4_856c_4d76_ac71_6f81a1743658_Output_Attributes = {|
  statusCode: Number, 
  reasonPhrase: String, 
  headers: { _?: String }
|} {"typeAlias": "HttpResponseAttributes",
"typeId": "org.mule.extension.http.api.HttpResponseAttributes"}

]]></types:shape>
    </types:type>
    <types:type name="auto_653739c4-856c-4d76-ac71-6f81a1743658_Output-Variables-reqHeaders" format="json">
      <types:shape format="weave" example="weave/autogenerated/653739c4-856c-4d76-ac71-6f81a1743658/Output-Variables-reqHeaders.wev" autogeneratedOrigin="ab90032a-db38-408b-9205-14c9eef99484"><![CDATA[%dw 2.0

type auto_653739c4_856c_4d76_ac71_6f81a1743658_Output_Variables_reqHeaders = {|
  "gateway-entity-id": String, 
  "client-request-id": String, 
  "Content-Type": String
|}

]]></types:shape>
    </types:type>
    <types:type name="auto_653739c4-856c-4d76-ac71-6f81a1743658_Output-Variables-queryParameters" format="java">
      <types:shape format="weave" example="weave/autogenerated/653739c4-856c-4d76-ac71-6f81a1743658/Output-Variables-queryParameters.wev" autogeneratedOrigin="ab90032a-db38-408b-9205-14c9eef99484"><![CDATA[%dw 2.0

type auto_653739c4_856c_4d76_ac71_6f81a1743658_Output_Variables_queryParameters = Any

]]></types:shape>
    </types:type>
    <types:type name="auto_78921983-ccbf-4a85-a042-3c14c2f8f7f3_Input-Variables-reqHeaders" format="java">
      <types:shape format="weave" example="weave/autogenerated/78921983-ccbf-4a85-a042-3c14c2f8f7f3/Input-Variables-reqHeaders.wev" autogeneratedOrigin="73d52154-00d8-41dd-9aee-1a531a8a8eaa"><![CDATA[%dw 2.0

type auto_78921983_ccbf_4a85_a042_3c14c2f8f7f3_Input_Variables_reqHeaders = Any

]]></types:shape>
    </types:type>
    <types:type name="auto_78921983-ccbf-4a85-a042-3c14c2f8f7f3_Output-Variables-reqHeaders" format="java">
      <types:shape format="weave" example="weave/autogenerated/78921983-ccbf-4a85-a042-3c14c2f8f7f3/Output-Variables-reqHeaders.wev" autogeneratedOrigin="73d52154-00d8-41dd-9aee-1a531a8a8eaa"><![CDATA[%dw 2.0

type auto_78921983_ccbf_4a85_a042_3c14c2f8f7f3_Output_Variables_reqHeaders = Any

]]></types:shape>
    </types:type>
    <types:type name="auto_25d17164-c4b9-4018-b441-0e76ca1a2d0b_Input-Variables-inputPayload" format="java">
      <types:shape format="weave" example="weave/autogenerated/25d17164-c4b9-4018-b441-0e76ca1a2d0b/Input-Variables-inputPayload.wev" autogeneratedOrigin="3900b51b-7da1-40ef-ac3b-62175b196dca"><![CDATA[%dw 2.0

type auto_25d17164_c4b9_4018_b441_0e76ca1a2d0b_Input_Variables_inputPayload = Any

]]></types:shape>
    </types:type>
    <types:type name="auto_25d17164-c4b9-4018-b441-0e76ca1a2d0b_Input-Variables-reqHeaders" format="json">
      <types:shape format="weave" example="weave/autogenerated/25d17164-c4b9-4018-b441-0e76ca1a2d0b/Input-Variables-reqHeaders.wev" autogeneratedOrigin="4b10cf52-67c3-4848-b8f6-f932e5ac9052"><![CDATA[%dw 2.0

type auto_25d17164_c4b9_4018_b441_0e76ca1a2d0b_Input_Variables_reqHeaders = {|
  Authorization: Any, 
  "gateway-entity-id": String, 
  "client-request-id": String, 
  "Content-Type": String
|}

]]></types:shape>
    </types:type>
    <types:type name="auto_25d17164-c4b9-4018-b441-0e76ca1a2d0b_Input-Variables-queryParameters" format="java">
      <types:shape format="weave" example="weave/autogenerated/25d17164-c4b9-4018-b441-0e76ca1a2d0b/Input-Variables-queryParameters.wev" autogeneratedOrigin="4b10cf52-67c3-4848-b8f6-f932e5ac9052"><![CDATA[%dw 2.0

type auto_25d17164_c4b9_4018_b441_0e76ca1a2d0b_Input_Variables_queryParameters = Any

]]></types:shape>
    </types:type>
    <types:type name="auto_25d17164-c4b9-4018-b441-0e76ca1a2d0b_Output-Payload" format="json">
      <types:shape format="weave" example="weave/autogenerated/25d17164-c4b9-4018-b441-0e76ca1a2d0b/Output-Payload.wev" autogeneratedOrigin="4b10cf52-67c3-4848-b8f6-f932e5ac9052"><![CDATA[%dw 2.0

type auto_25d17164_c4b9_4018_b441_0e76ca1a2d0b_Output_Payload = Any

]]></types:shape>
    </types:type>
    <types:type name="auto_25d17164-c4b9-4018-b441-0e76ca1a2d0b_Output-Attributes" format="java">
      <types:shape format="weave" example="weave/autogenerated/25d17164-c4b9-4018-b441-0e76ca1a2d0b/Output-Attributes.wev" autogeneratedOrigin="4b10cf52-67c3-4848-b8f6-f932e5ac9052"><![CDATA[%dw 2.0

type auto_25d17164_c4b9_4018_b441_0e76ca1a2d0b_Output_Attributes = {|
  statusCode: Number, 
  reasonPhrase: String, 
  headers: { _?: String }
|} {"typeAlias": "HttpResponseAttributes",
"typeId": "org.mule.extension.http.api.HttpResponseAttributes"}

]]></types:shape>
    </types:type>
    <types:type name="auto_25d17164-c4b9-4018-b441-0e76ca1a2d0b_Output-Variables-inputPayload" format="java">
      <types:shape format="weave" example="weave/autogenerated/25d17164-c4b9-4018-b441-0e76ca1a2d0b/Output-Variables-inputPayload.wev" autogeneratedOrigin="4b10cf52-67c3-4848-b8f6-f932e5ac9052"><![CDATA[%dw 2.0

type auto_25d17164_c4b9_4018_b441_0e76ca1a2d0b_Output_Variables_inputPayload = Any

]]></types:shape>
    </types:type>
    <types:type name="auto_25d17164-c4b9-4018-b441-0e76ca1a2d0b_Output-Variables-bearerToken" format="java">
      <types:shape format="weave" example="weave/autogenerated/25d17164-c4b9-4018-b441-0e76ca1a2d0b/Output-Variables-bearerToken.wev" autogeneratedOrigin="3900b51b-7da1-40ef-ac3b-62175b196dca"><![CDATA[%dw 2.0

type auto_25d17164_c4b9_4018_b441_0e76ca1a2d0b_Output_Variables_bearerToken = Any

]]></types:shape>
    </types:type>
    <types:type name="auto_25d17164-c4b9-4018-b441-0e76ca1a2d0b_Output-Variables-reqHeaders" format="json">
      <types:shape format="weave" example="weave/autogenerated/25d17164-c4b9-4018-b441-0e76ca1a2d0b/Output-Variables-reqHeaders.wev" autogeneratedOrigin="3900b51b-7da1-40ef-ac3b-62175b196dca"><![CDATA[%dw 2.0

type auto_25d17164_c4b9_4018_b441_0e76ca1a2d0b_Output_Variables_reqHeaders = {|
  Authorization: Any, 
  "gateway-entity-id": String, 
  "client-request-id": String, 
  "Content-Type": String
|}

]]></types:shape>
    </types:type>
    <types:type name="auto_25d17164-c4b9-4018-b441-0e76ca1a2d0b_Output-Variables-queryParameters" format="java">
      <types:shape format="weave" example="weave/autogenerated/25d17164-c4b9-4018-b441-0e76ca1a2d0b/Output-Variables-queryParameters.wev" autogeneratedOrigin="4b10cf52-67c3-4848-b8f6-f932e5ac9052"><![CDATA[%dw 2.0

type auto_25d17164_c4b9_4018_b441_0e76ca1a2d0b_Output_Variables_queryParameters = Any

]]></types:shape>
    </types:type>
    <types:type name="auto_eccbdddc-c78c-43e3-a76b-b3a58429cb6b_Input-Payload" format="java">
      <types:shape format="weave" example="weave/autogenerated/eccbdddc-c78c-43e3-a76b-b3a58429cb6b/Input-Payload.wev" autogeneratedOrigin="e077a415-dcf1-4580-855b-b0ffbe7f90f9"><![CDATA[%dw 2.0

type auto_eccbdddc_c78c_43e3_a76b_b3a58429cb6b_Input_Payload = {|  |} {"typeAlias": "Serializable",
"typeId": "java.io.Serializable"}

]]></types:shape>
    </types:type>
    <types:type name="auto_eccbdddc-c78c-43e3-a76b-b3a58429cb6b_Input-Attributes" format="java">
      <types:shape format="weave" example="weave/autogenerated/eccbdddc-c78c-43e3-a76b-b3a58429cb6b/Input-Attributes.wev" autogeneratedOrigin="e077a415-dcf1-4580-855b-b0ffbe7f90f9"><![CDATA[%dw 2.0

type auto_eccbdddc_c78c_43e3_a76b_b3a58429cb6b_Input_Attributes = Null

]]></types:shape>
    </types:type>
    <types:type name="auto_eccbdddc-c78c-43e3-a76b-b3a58429cb6b_Input-Variables-reqHeaders" format="json">
      <types:shape format="weave" example="weave/autogenerated/eccbdddc-c78c-43e3-a76b-b3a58429cb6b/Input-Variables-reqHeaders.wev" autogeneratedOrigin="e077a415-dcf1-4580-855b-b0ffbe7f90f9"><![CDATA[%dw 2.0

type auto_eccbdddc_c78c_43e3_a76b_b3a58429cb6b_Input_Variables_reqHeaders = {|
  Authorization: Any, 
  "gateway-entity-id": String, 
  "client-request-id": String, 
  "Content-Type": String
|}

]]></types:shape>
    </types:type>
    <types:type name="auto_eccbdddc-c78c-43e3-a76b-b3a58429cb6b_Input-Variables-inputPayload" format="java">
      <types:shape format="weave" example="weave/autogenerated/eccbdddc-c78c-43e3-a76b-b3a58429cb6b/Input-Variables-inputPayload.wev" autogeneratedOrigin="e077a415-dcf1-4580-855b-b0ffbe7f90f9"><![CDATA[%dw 2.0

type auto_eccbdddc_c78c_43e3_a76b_b3a58429cb6b_Input_Variables_inputPayload = Any

]]></types:shape>
    </types:type>
    <types:type name="auto_eccbdddc-c78c-43e3-a76b-b3a58429cb6b_Input-Variables-queryParameters" format="java">
      <types:shape format="weave" example="weave/autogenerated/eccbdddc-c78c-43e3-a76b-b3a58429cb6b/Input-Variables-queryParameters.wev" autogeneratedOrigin="e077a415-dcf1-4580-855b-b0ffbe7f90f9"><![CDATA[%dw 2.0

type auto_eccbdddc_c78c_43e3_a76b_b3a58429cb6b_Input_Variables_queryParameters = Any

]]></types:shape>
    </types:type>
    <types:type name="auto_eccbdddc-c78c-43e3-a76b-b3a58429cb6b_Output-Payload" format="json">
      <types:shape format="weave" example="weave/autogenerated/eccbdddc-c78c-43e3-a76b-b3a58429cb6b/Output-Payload.wev" autogeneratedOrigin="e077a415-dcf1-4580-855b-b0ffbe7f90f9"><![CDATA[%dw 2.0

type auto_eccbdddc_c78c_43e3_a76b_b3a58429cb6b_Output_Payload = Any

]]></types:shape>
    </types:type>
    <types:type name="auto_eccbdddc-c78c-43e3-a76b-b3a58429cb6b_Output-Attributes" format="java">
      <types:shape format="weave" example="weave/autogenerated/eccbdddc-c78c-43e3-a76b-b3a58429cb6b/Output-Attributes.wev" autogeneratedOrigin="e077a415-dcf1-4580-855b-b0ffbe7f90f9"><![CDATA[%dw 2.0

type auto_eccbdddc_c78c_43e3_a76b_b3a58429cb6b_Output_Attributes = {|
  statusCode: Number, 
  reasonPhrase: String, 
  headers: { _?: String }
|} {"typeAlias": "HttpResponseAttributes",
"typeId": "org.mule.extension.http.api.HttpResponseAttributes"}

]]></types:shape>
    </types:type>
    <types:type name="auto_eccbdddc-c78c-43e3-a76b-b3a58429cb6b_Output-Variables-reqHeaders" format="json">
      <types:shape format="weave" example="weave/autogenerated/eccbdddc-c78c-43e3-a76b-b3a58429cb6b/Output-Variables-reqHeaders.wev" autogeneratedOrigin="e077a415-dcf1-4580-855b-b0ffbe7f90f9"><![CDATA[%dw 2.0

type auto_eccbdddc_c78c_43e3_a76b_b3a58429cb6b_Output_Variables_reqHeaders = {|
  Authorization: Any, 
  "gateway-entity-id": String, 
  "client-request-id": String, 
  "Content-Type": String
|}

]]></types:shape>
    </types:type>
    <types:type name="auto_eccbdddc-c78c-43e3-a76b-b3a58429cb6b_Output-Variables-inputPayload" format="java">
      <types:shape format="weave" example="weave/autogenerated/eccbdddc-c78c-43e3-a76b-b3a58429cb6b/Output-Variables-inputPayload.wev" autogeneratedOrigin="e077a415-dcf1-4580-855b-b0ffbe7f90f9"><![CDATA[%dw 2.0

type auto_eccbdddc_c78c_43e3_a76b_b3a58429cb6b_Output_Variables_inputPayload = Any

]]></types:shape>
    </types:type>
    <types:type name="auto_eccbdddc-c78c-43e3-a76b-b3a58429cb6b_Output-Variables-queryParameters" format="java">
      <types:shape format="weave" example="weave/autogenerated/eccbdddc-c78c-43e3-a76b-b3a58429cb6b/Output-Variables-queryParameters.wev" autogeneratedOrigin="e077a415-dcf1-4580-855b-b0ffbe7f90f9"><![CDATA[%dw 2.0

type auto_eccbdddc_c78c_43e3_a76b_b3a58429cb6b_Output_Variables_queryParameters = Any

]]></types:shape>
    </types:type>
    <types:type name="auto_4aaed2ce-3c42-443e-8c08-f8fd3298c0c4_Output-Payload" format="java">
      <types:shape format="weave" example="weave/autogenerated/4aaed2ce-3c42-443e-8c08-f8fd3298c0c4/Output-Payload.wev" autogeneratedOrigin="e1b84ad9-ead7-49a5-9b76-e9faef7da898"><![CDATA[%dw 2.0

type auto_4aaed2ce_3c42_443e_8c08_f8fd3298c0c4_Output_Payload = Any

]]></types:shape>
    </types:type>
    <types:type name="auto_4aaed2ce-3c42-443e-8c08-f8fd3298c0c4_Output-Attributes" format="java">
      <types:shape format="weave" example="weave/autogenerated/4aaed2ce-3c42-443e-8c08-f8fd3298c0c4/Output-Attributes.wev" autogeneratedOrigin="e1b84ad9-ead7-49a5-9b76-e9faef7da898"><![CDATA[%dw 2.0

type auto_4aaed2ce_3c42_443e_8c08_f8fd3298c0c4_Output_Attributes = {|
  statusCode: Number, 
  reasonPhrase: String, 
  headers: { _?: String }
|} {"typeAlias": "HttpResponseAttributes",
"typeId": "org.mule.extension.http.api.HttpResponseAttributes"}

]]></types:shape>
    </types:type>
    <types:type name="auto_905aa5eb-14ae-4801-bda7-8134cbb26c74_Input-Payload" format="json">
      <types:shape format="weave" example="weave/autogenerated/905aa5eb-14ae-4801-bda7-8134cbb26c74/Input-Payload.wev" autogeneratedOrigin="f1c8437b-d074-4063-aa14-967c738b3e14"><![CDATA[%dw 2.0

type auto_905aa5eb_14ae_4801_bda7_8134cbb26c74_Input_Payload = Any

]]></types:shape>
    </types:type>
    <types:type name="auto_905aa5eb-14ae-4801-bda7-8134cbb26c74_Input-Attributes" format="java">
      <types:shape format="weave" example="weave/autogenerated/905aa5eb-14ae-4801-bda7-8134cbb26c74/Input-Attributes.wev" autogeneratedOrigin="f1c8437b-d074-4063-aa14-967c738b3e14"><![CDATA[%dw 2.0

type auto_905aa5eb_14ae_4801_bda7_8134cbb26c74_Input_Attributes = {|
  statusCode: Number, 
  reasonPhrase: String, 
  headers: { _?: String }
|} {"typeAlias": "HttpResponseAttributes",
"typeId": "org.mule.extension.http.api.HttpResponseAttributes"}

]]></types:shape>
    </types:type>
    <types:type name="auto_905aa5eb-14ae-4801-bda7-8134cbb26c74_Input-Variables-reqHeaders" format="json">
      <types:shape format="weave" example="weave/autogenerated/905aa5eb-14ae-4801-bda7-8134cbb26c74/Input-Variables-reqHeaders.wev" autogeneratedOrigin="f1c8437b-d074-4063-aa14-967c738b3e14"><![CDATA[%dw 2.0

type auto_905aa5eb_14ae_4801_bda7_8134cbb26c74_Input_Variables_reqHeaders = {|
  Authorization: Any, 
  "gateway-entity-id": String, 
  "client-request-id": String, 
  "Content-Type": String
|}

]]></types:shape>
    </types:type>
    <types:type name="auto_905aa5eb-14ae-4801-bda7-8134cbb26c74_Input-Variables-inputPayload" format="java">
      <types:shape format="weave" example="weave/autogenerated/905aa5eb-14ae-4801-bda7-8134cbb26c74/Input-Variables-inputPayload.wev" autogeneratedOrigin="f1c8437b-d074-4063-aa14-967c738b3e14"><![CDATA[%dw 2.0

type auto_905aa5eb_14ae_4801_bda7_8134cbb26c74_Input_Variables_inputPayload = Any

]]></types:shape>
    </types:type>
    <types:type name="auto_905aa5eb-14ae-4801-bda7-8134cbb26c74_Input-Variables-bearerToken" format="java">
      <types:shape format="weave" example="weave/autogenerated/905aa5eb-14ae-4801-bda7-8134cbb26c74/Input-Variables-bearerToken.wev" autogeneratedOrigin="f1c8437b-d074-4063-aa14-967c738b3e14"><![CDATA[%dw 2.0

type auto_905aa5eb_14ae_4801_bda7_8134cbb26c74_Input_Variables_bearerToken = Any

]]></types:shape>
    </types:type>
    <types:type name="auto_905aa5eb-14ae-4801-bda7-8134cbb26c74_Input-Variables-queryParameters" format="java">
      <types:shape format="weave" example="weave/autogenerated/905aa5eb-14ae-4801-bda7-8134cbb26c74/Input-Variables-queryParameters.wev" autogeneratedOrigin="f1c8437b-d074-4063-aa14-967c738b3e14"><![CDATA[%dw 2.0

type auto_905aa5eb_14ae_4801_bda7_8134cbb26c74_Input_Variables_queryParameters = Any

]]></types:shape>
    </types:type>
    <types:type name="auto_905aa5eb-14ae-4801-bda7-8134cbb26c74_Output-Payload" format="java">
      <types:shape format="weave" example="weave/autogenerated/905aa5eb-14ae-4801-bda7-8134cbb26c74/Output-Payload.wev" autogeneratedOrigin="f1c8437b-d074-4063-aa14-967c738b3e14"><![CDATA[%dw 2.0

type auto_905aa5eb_14ae_4801_bda7_8134cbb26c74_Output_Payload = Any

]]></types:shape>
    </types:type>
    <types:type name="auto_905aa5eb-14ae-4801-bda7-8134cbb26c74_Output-Attributes" format="java">
      <types:shape format="weave" example="weave/autogenerated/905aa5eb-14ae-4801-bda7-8134cbb26c74/Output-Attributes.wev" autogeneratedOrigin="f1c8437b-d074-4063-aa14-967c738b3e14"><![CDATA[%dw 2.0

type auto_905aa5eb_14ae_4801_bda7_8134cbb26c74_Output_Attributes = {|
  statusCode: Number, 
  reasonPhrase: String, 
  headers: { _?: String }
|} {"typeAlias": "HttpResponseAttributes",
"typeId": "org.mule.extension.http.api.HttpResponseAttributes"}

]]></types:shape>
    </types:type>
    <types:type name="auto_905aa5eb-14ae-4801-bda7-8134cbb26c74_Output-Variables-reqHeaders" format="json">
      <types:shape format="weave" example="weave/autogenerated/905aa5eb-14ae-4801-bda7-8134cbb26c74/Output-Variables-reqHeaders.wev" autogeneratedOrigin="f1c8437b-d074-4063-aa14-967c738b3e14"><![CDATA[%dw 2.0

type auto_905aa5eb_14ae_4801_bda7_8134cbb26c74_Output_Variables_reqHeaders = {|
  Authorization: Any, 
  "gateway-entity-id": String, 
  "client-request-id": String, 
  "Content-Type": String
|}

]]></types:shape>
    </types:type>
    <types:type name="auto_905aa5eb-14ae-4801-bda7-8134cbb26c74_Output-Variables-inputPayload" format="java">
      <types:shape format="weave" example="weave/autogenerated/905aa5eb-14ae-4801-bda7-8134cbb26c74/Output-Variables-inputPayload.wev" autogeneratedOrigin="f1c8437b-d074-4063-aa14-967c738b3e14"><![CDATA[%dw 2.0

type auto_905aa5eb_14ae_4801_bda7_8134cbb26c74_Output_Variables_inputPayload = Any

]]></types:shape>
    </types:type>
    <types:type name="auto_905aa5eb-14ae-4801-bda7-8134cbb26c74_Output-Variables-bearerToken" format="java">
      <types:shape format="weave" example="weave/autogenerated/905aa5eb-14ae-4801-bda7-8134cbb26c74/Output-Variables-bearerToken.wev" autogeneratedOrigin="f1c8437b-d074-4063-aa14-967c738b3e14"><![CDATA[%dw 2.0

type auto_905aa5eb_14ae_4801_bda7_8134cbb26c74_Output_Variables_bearerToken = Any

]]></types:shape>
    </types:type>
    <types:type name="auto_905aa5eb-14ae-4801-bda7-8134cbb26c74_Output-Variables-queryParameters" format="java">
      <types:shape format="weave" example="weave/autogenerated/905aa5eb-14ae-4801-bda7-8134cbb26c74/Output-Variables-queryParameters.wev" autogeneratedOrigin="f1c8437b-d074-4063-aa14-967c738b3e14"><![CDATA[%dw 2.0

type auto_905aa5eb_14ae_4801_bda7_8134cbb26c74_Output_Variables_queryParameters = Any

]]></types:shape>
    </types:type>
    <types:type name="auto_c71af4cd-906e-478f-ab9d-ed2b61e78d48_Output-Payload" format="java">
      <types:shape format="weave" example="weave/autogenerated/c71af4cd-906e-478f-ab9d-ed2b61e78d48/Output-Payload.wev" autogeneratedOrigin="fc72a9e8-6c18-4805-9333-92475162f747"><![CDATA[%dw 2.0

type auto_c71af4cd_906e_478f_ab9d_ed2b61e78d48_Output_Payload = Any

]]></types:shape>
    </types:type>
    <types:type name="auto_c71af4cd-906e-478f-ab9d-ed2b61e78d48_Output-Attributes" format="java">
      <types:shape format="weave" example="weave/autogenerated/c71af4cd-906e-478f-ab9d-ed2b61e78d48/Output-Attributes.wev" autogeneratedOrigin="fc72a9e8-6c18-4805-9333-92475162f747"><![CDATA[%dw 2.0

type auto_c71af4cd_906e_478f_ab9d_ed2b61e78d48_Output_Attributes = {|
  statusCode: Number, 
  reasonPhrase: String, 
  headers: { _?: String }
|} {"typeAlias": "HttpResponseAttributes",
"typeId": "org.mule.extension.http.api.HttpResponseAttributes"}

]]></types:shape>
    </types:type>
    <types:type name="auto_5b4ee8fe-b091-4048-a884-8f5eab05e6f1_Input-Payload" format="json">
      <types:shape format="weave" example="weave/autogenerated/5b4ee8fe-b091-4048-a884-8f5eab05e6f1/Input-Payload.wev" autogeneratedOrigin="cec51ab7-8da3-4131-aa3a-c526629186c7"><![CDATA[%dw 2.0

type auto_5b4ee8fe_b091_4048_a884_8f5eab05e6f1_Input_Payload = Any

]]></types:shape>
    </types:type>
    <types:type name="auto_5b4ee8fe-b091-4048-a884-8f5eab05e6f1_Input-Attributes" format="java">
      <types:shape format="weave" example="weave/autogenerated/5b4ee8fe-b091-4048-a884-8f5eab05e6f1/Input-Attributes.wev" autogeneratedOrigin="cec51ab7-8da3-4131-aa3a-c526629186c7"><![CDATA[%dw 2.0

type auto_5b4ee8fe_b091_4048_a884_8f5eab05e6f1_Input_Attributes = {|
  statusCode: Number, 
  reasonPhrase: String, 
  headers: { _?: String }
|} {"typeAlias": "HttpResponseAttributes",
"typeId": "org.mule.extension.http.api.HttpResponseAttributes"}

]]></types:shape>
    </types:type>
    <types:type name="auto_5b4ee8fe-b091-4048-a884-8f5eab05e6f1_Input-Variables-reqHeaders" format="json">
      <types:shape format="weave" example="weave/autogenerated/5b4ee8fe-b091-4048-a884-8f5eab05e6f1/Input-Variables-reqHeaders.wev" autogeneratedOrigin="cec51ab7-8da3-4131-aa3a-c526629186c7"><![CDATA[%dw 2.0

type auto_5b4ee8fe_b091_4048_a884_8f5eab05e6f1_Input_Variables_reqHeaders = {|
  Authorization: Any, 
  "gateway-entity-id": String, 
  "client-request-id": String, 
  "Content-Type": String
|}

]]></types:shape>
    </types:type>
    <types:type name="auto_5b4ee8fe-b091-4048-a884-8f5eab05e6f1_Input-Variables-inputPayload" format="java">
      <types:shape format="weave" example="weave/autogenerated/5b4ee8fe-b091-4048-a884-8f5eab05e6f1/Input-Variables-inputPayload.wev" autogeneratedOrigin="cec51ab7-8da3-4131-aa3a-c526629186c7"><![CDATA[%dw 2.0

type auto_5b4ee8fe_b091_4048_a884_8f5eab05e6f1_Input_Variables_inputPayload = Any

]]></types:shape>
    </types:type>
    <types:type name="auto_5b4ee8fe-b091-4048-a884-8f5eab05e6f1_Input-Variables-bearerToken" format="java">
      <types:shape format="weave" example="weave/autogenerated/5b4ee8fe-b091-4048-a884-8f5eab05e6f1/Input-Variables-bearerToken.wev" autogeneratedOrigin="cec51ab7-8da3-4131-aa3a-c526629186c7"><![CDATA[%dw 2.0

type auto_5b4ee8fe_b091_4048_a884_8f5eab05e6f1_Input_Variables_bearerToken = Any

]]></types:shape>
    </types:type>
    <types:type name="auto_5b4ee8fe-b091-4048-a884-8f5eab05e6f1_Input-Variables-queryParameters" format="java">
      <types:shape format="weave" example="weave/autogenerated/5b4ee8fe-b091-4048-a884-8f5eab05e6f1/Input-Variables-queryParameters.wev" autogeneratedOrigin="cec51ab7-8da3-4131-aa3a-c526629186c7"><![CDATA[%dw 2.0

type auto_5b4ee8fe_b091_4048_a884_8f5eab05e6f1_Input_Variables_queryParameters = Any

]]></types:shape>
    </types:type>
    <types:type name="auto_5b4ee8fe-b091-4048-a884-8f5eab05e6f1_Output-Payload" format="java">
      <types:shape format="weave" example="weave/autogenerated/5b4ee8fe-b091-4048-a884-8f5eab05e6f1/Output-Payload.wev" autogeneratedOrigin="cec51ab7-8da3-4131-aa3a-c526629186c7"><![CDATA[%dw 2.0

type auto_5b4ee8fe_b091_4048_a884_8f5eab05e6f1_Output_Payload = Any

]]></types:shape>
    </types:type>
    <types:type name="auto_5b4ee8fe-b091-4048-a884-8f5eab05e6f1_Output-Attributes" format="java">
      <types:shape format="weave" example="weave/autogenerated/5b4ee8fe-b091-4048-a884-8f5eab05e6f1/Output-Attributes.wev" autogeneratedOrigin="cec51ab7-8da3-4131-aa3a-c526629186c7"><![CDATA[%dw 2.0

type auto_5b4ee8fe_b091_4048_a884_8f5eab05e6f1_Output_Attributes = {|
  statusCode: Number, 
  reasonPhrase: String, 
  headers: { _?: String }
|} {"typeAlias": "HttpResponseAttributes",
"typeId": "org.mule.extension.http.api.HttpResponseAttributes"}

]]></types:shape>
    </types:type>
    <types:type name="auto_5b4ee8fe-b091-4048-a884-8f5eab05e6f1_Output-Variables-reqHeaders" format="json">
      <types:shape format="weave" example="weave/autogenerated/5b4ee8fe-b091-4048-a884-8f5eab05e6f1/Output-Variables-reqHeaders.wev" autogeneratedOrigin="cec51ab7-8da3-4131-aa3a-c526629186c7"><![CDATA[%dw 2.0

type auto_5b4ee8fe_b091_4048_a884_8f5eab05e6f1_Output_Variables_reqHeaders = {|
  Authorization: Any, 
  "gateway-entity-id": String, 
  "client-request-id": String, 
  "Content-Type": String
|}

]]></types:shape>
    </types:type>
    <types:type name="auto_5b4ee8fe-b091-4048-a884-8f5eab05e6f1_Output-Variables-inputPayload" format="java">
      <types:shape format="weave" example="weave/autogenerated/5b4ee8fe-b091-4048-a884-8f5eab05e6f1/Output-Variables-inputPayload.wev" autogeneratedOrigin="cec51ab7-8da3-4131-aa3a-c526629186c7"><![CDATA[%dw 2.0

type auto_5b4ee8fe_b091_4048_a884_8f5eab05e6f1_Output_Variables_inputPayload = Any

]]></types:shape>
    </types:type>
    <types:type name="auto_5b4ee8fe-b091-4048-a884-8f5eab05e6f1_Output-Variables-bearerToken" format="java">
      <types:shape format="weave" example="weave/autogenerated/5b4ee8fe-b091-4048-a884-8f5eab05e6f1/Output-Variables-bearerToken.wev" autogeneratedOrigin="cec51ab7-8da3-4131-aa3a-c526629186c7"><![CDATA[%dw 2.0

type auto_5b4ee8fe_b091_4048_a884_8f5eab05e6f1_Output_Variables_bearerToken = Any

]]></types:shape>
    </types:type>
    <types:type name="auto_5b4ee8fe-b091-4048-a884-8f5eab05e6f1_Output-Variables-queryParameters" format="java">
      <types:shape format="weave" example="weave/autogenerated/5b4ee8fe-b091-4048-a884-8f5eab05e6f1/Output-Variables-queryParameters.wev" autogeneratedOrigin="cec51ab7-8da3-4131-aa3a-c526629186c7"><![CDATA[%dw 2.0

type auto_5b4ee8fe_b091_4048_a884_8f5eab05e6f1_Output_Variables_queryParameters = Any

]]></types:shape>
    </types:type>
    <types:type name="auto_22e644cb-aaf1-4996-b5c3-7fc932b11093_Input-Payload" format="java">
      <types:shape format="weave" example="weave/autogenerated/22e644cb-aaf1-4996-b5c3-7fc932b11093/Input-Payload.wev" autogeneratedOrigin="a246fd1f-84df-4bb3-b9f4-2415ad24c82b"><![CDATA[%dw 2.0

type auto_22e644cb_aaf1_4996_b5c3_7fc932b11093_Input_Payload = Any

]]></types:shape>
    </types:type>
    <types:type name="auto_22e644cb-aaf1-4996-b5c3-7fc932b11093_Input-Attributes" format="java">
      <types:shape format="weave" example="weave/autogenerated/22e644cb-aaf1-4996-b5c3-7fc932b11093/Input-Attributes.wev" autogeneratedOrigin="a246fd1f-84df-4bb3-b9f4-2415ad24c82b"><![CDATA[%dw 2.0

type auto_22e644cb_aaf1_4996_b5c3_7fc932b11093_Input_Attributes = {|
  clientCertificate?: {|
    publicKey?: {|  |}, 
    "type"?: String, 
    encoded?: Binary
  |}, 
  headers: {|
    "x-correlation-id": String, 
    client_id: String, 
    client_secret: String
  |}, 
  listenerPath: String, 
  method: String, 
  queryParams: {| detail?: Boolean |}, 
  queryString: String, 
  relativePath: String, 
  remoteAddress: String, 
  requestPath: String, 
  requestUri: String, 
  scheme: String, 
  uriParams: {| "payment-id": String |}, 
  version: String, 
  localAddress: String
|}

]]></types:shape>
    </types:type>
    <types:type name="auto_22e644cb-aaf1-4996-b5c3-7fc932b11093_Input-Variables-payment-id" format="java">
      <types:shape format="raml" autogeneratedOrigin="a246fd1f-84df-4bb3-b9f4-2415ad24c82b"><![CDATA[#%RAML 1.0 DataType
type: string]]></types:shape>
    </types:type>
    <types:type name="auto_22e644cb-aaf1-4996-b5c3-7fc932b11093_Input-Variables-outboundHeaders" format="java">
      <types:shape format="weave" example="weave/autogenerated/22e644cb-aaf1-4996-b5c3-7fc932b11093/Input-Variables-outboundHeaders.wev" autogeneratedOrigin="a246fd1f-84df-4bb3-b9f4-2415ad24c82b"><![CDATA[%dw 2.0

type auto_22e644cb_aaf1_4996_b5c3_7fc932b11093_Input_Variables_outboundHeaders = {|  |}

]]></types:shape>
    </types:type>
    <types:type name="auto_22e644cb-aaf1-4996-b5c3-7fc932b11093_Input-Variables-httpStatus" format="java">
      <types:shape format="raml" autogeneratedOrigin="a246fd1f-84df-4bb3-b9f4-2415ad24c82b"><![CDATA[#%RAML 1.0 DataType
type: string]]></types:shape>
    </types:type>
    <types:type name="auto_22e644cb-aaf1-4996-b5c3-7fc932b11093_Output-Payload" format="json">
      <types:shape format="weave" example="weave/autogenerated/22e644cb-aaf1-4996-b5c3-7fc932b11093/Output-Payload.wev" autogeneratedOrigin="a246fd1f-84df-4bb3-b9f4-2415ad24c82b"><![CDATA[%dw 2.0

type auto_22e644cb_aaf1_4996_b5c3_7fc932b11093_Output_Payload = {
  payee: {
    address: {
      country_code?: String, 
      city?: String, 
      country_subdivision_name?: String, 
      address_line_1?: String, 
      address_line_2?: String, 
      postal_code?: String, 
      _?: Any
    }, 
    identification?: String, 
    bank_information: {
      account_type_code?: String, 
      bank_account_number?: String, 
      account_currency?: String, 
      account_name?: String, 
      institution_information: {
        bank_identifier_code?: String, 
        address: {
          country_code?: String, 
          city?: String, 
          country_subdivision_name?: String, 
          address_line_1?: String, 
          address_line_2?: String, 
          postal_code?: String, 
          _?: Any
        }, 
        name?: String, 
        routing_transit_number?: String, 
        united_states_clearing_house_interbank_payment_system_id?: String, 
        _?: Any
      }, 
      international_bank_account_number?: String, 
      _?: Any
    }, 
    name?: String, 
    contact_information: {
      emails: Array<String>, 
      phone?: String, 
      name?: String, 
      _?: Any
    }, 
    short_name?: String, 
    _?: Any
  }, 
  ultimate_payer: {
    address: {
      country_code?: String, 
      city?: String, 
      country_subdivision_name?: String, 
      address_line_1?: String, 
      address_line_2?: String, 
      postal_code?: String, 
      _?: Any
    }, 
    identification?: String, 
    name?: String, 
    short_name?: String, 
    _?: Any
  }, 
  sender: {
    address: {
      country_code?: String, 
      city?: String, 
      country_subdivision_name?: String, 
      address_line_1?: String, 
      address_line_2?: String, 
      postal_code?: String, 
      _?: Any
    }, 
    identification?: String, 
    name?: String, 
    contact_information: {
      emails: Array<String>, 
      phone?: String, 
      name?: String, 
      _?: Any
    }, 
    short_name?: String, 
    _?: Any
  }, 
  payment: {
    payment_indicator?: String, 
    duplicate_check_flag?: Boolean, 
    identifiers: {
      customer_reference_number?: String, 
      third_party_reference_number?: String, 
      _?: Any
    }, 
    credit_amount?: Number, 
    payment_amount?: Number, 
    debit_amount?: Number, 
    foreign_exchange_information: {
      rate?: String, 
      contract_id?: String, 
      _?: Any
    }, 
    credit_currency?: String, 
    payment_currency?: String, 
    payment_type?: String, 
    payment_description?: String, 
    information: {
      remittance_information: Array<String>, 
      payment_purpose_description?: String, 
      dodd_frank_payment_originator_type?: String, 
      payment_hold_indicator?: Boolean, 
      instruction_code_for_creditor_agent?: String, 
      fee_assignment_code?: String, 
      _?: Any
    }, 
    value_date?: String, 
    debit_currency?: String, 
    _?: Any
  }, 
  on_behalf_of_bank: { _?: Any }, 
  payer: {
    address: {
      country_code?: String, 
      city?: String, 
      country_subdivision_name?: String, 
      address_line_1?: String, 
      address_line_2?: String, 
      postal_code?: String, 
      _?: Any
    }, 
    identification?: String, 
    bank_information: {
      account_type_code?: String, 
      bank_account_number?: String, 
      account_currency?: String, 
      account_name?: String, 
      institution_information: {
        bank_identifier_code?: String, 
        address: {
          country_code?: String, 
          city?: String, 
          country_subdivision_name?: String, 
          address_line_1?: String, 
          address_line_2?: String, 
          postal_code?: String, 
          _?: Any
        }, 
        name?: String, 
        routing_transit_number?: String, 
        united_states_clearing_house_interbank_payment_system_id?: String, 
        _?: Any
      }, 
      international_bank_account_number?: String, 
      _?: Any
    }, 
    name?: String, 
    contact_information: {
      emails: Array<String>, 
      phone?: String, 
      name?: String, 
      _?: Any
    }, 
    short_name?: String, 
    _?: Any
  }, 
  payment_processing_information: {
    template_name?: String, 
    payment_id?: String, 
    originating_application_id?: String, 
    file_name?: String, 
    clearing_system_information: Array<{      clearing_system_name?: String,       clearing_system_reference_number?: String,       _?: Any    }>, 
    cut_off_time?: String, 
    payment_origination_method?: String, 
    payment_audit: {
      last_modified_timestamp?: String, 
      created_timestamp?: String, 
      last_modified_by?: String, 
      created_by?: String, 
      _?: Any
    }, 
    app_id?: String, 
    status?: String, 
    _?: Any
  }, 
  ultimate_payee: {
    address: {
      country_code?: String, 
      city?: String, 
      country_subdivision_name?: String, 
      address_line_1?: String, 
      address_line_2?: String, 
      postal_code?: String, 
      _?: Any
    }, 
    identification?: String, 
    name?: String, 
    short_name?: String, 
    _?: Any
  }, 
  _?: Any
}

]]></types:shape>
    </types:type>
    <types:type name="auto_22e644cb-aaf1-4996-b5c3-7fc932b11093_Output-Attributes" format="java">
      <types:shape format="weave" example="weave/autogenerated/22e644cb-aaf1-4996-b5c3-7fc932b11093/Output-Attributes.wev" autogeneratedOrigin="a246fd1f-84df-4bb3-b9f4-2415ad24c82b"><![CDATA[%dw 2.0

type auto_22e644cb_aaf1_4996_b5c3_7fc932b11093_Output_Attributes = {|
  statusCode: Number, 
  reasonPhrase: String, 
  headers: { _?: String }
|} {"typeAlias": "HttpResponseAttributes",
"typeId": "org.mule.extension.http.api.HttpResponseAttributes"}

]]></types:shape>
    </types:type>
    <types:type name="auto_22e644cb-aaf1-4996-b5c3-7fc932b11093_Output-Variables-reqHeaders" format="json">
      <types:shape format="weave" example="weave/autogenerated/22e644cb-aaf1-4996-b5c3-7fc932b11093/Output-Variables-reqHeaders.wev" autogeneratedOrigin="a246fd1f-84df-4bb3-b9f4-2415ad24c82b"><![CDATA[%dw 2.0

type auto_22e644cb_aaf1_4996_b5c3_7fc932b11093_Output_Variables_reqHeaders = {|
  Authorization: Any, 
  "gateway-entity-id": String, 
  "client-request-id": String, 
  "Content-Type": String
|}

]]></types:shape>
    </types:type>
    <types:type name="auto_22e644cb-aaf1-4996-b5c3-7fc932b11093_Output-Variables-inputPayload" format="java">
      <types:shape format="weave" example="weave/autogenerated/22e644cb-aaf1-4996-b5c3-7fc932b11093/Output-Variables-inputPayload.wev" autogeneratedOrigin="a246fd1f-84df-4bb3-b9f4-2415ad24c82b"><![CDATA[%dw 2.0

type auto_22e644cb_aaf1_4996_b5c3_7fc932b11093_Output_Variables_inputPayload = Any

]]></types:shape>
    </types:type>
    <types:type name="auto_22e644cb-aaf1-4996-b5c3-7fc932b11093_Output-Variables-bearerToken" format="java">
      <types:shape format="weave" example="weave/autogenerated/22e644cb-aaf1-4996-b5c3-7fc932b11093/Output-Variables-bearerToken.wev" autogeneratedOrigin="a246fd1f-84df-4bb3-b9f4-2415ad24c82b"><![CDATA[%dw 2.0

type auto_22e644cb_aaf1_4996_b5c3_7fc932b11093_Output_Variables_bearerToken = Any

]]></types:shape>
    </types:type>
    <types:type name="auto_22e644cb-aaf1-4996-b5c3-7fc932b11093_Output-Variables-payment-id" format="java">
      <types:shape format="raml" autogeneratedOrigin="a246fd1f-84df-4bb3-b9f4-2415ad24c82b"><![CDATA[#%RAML 1.0 DataType
type: string]]></types:shape>
    </types:type>
    <types:type name="auto_22e644cb-aaf1-4996-b5c3-7fc932b11093_Output-Variables-queryParameters" format="java">
      <types:shape format="weave" example="weave/autogenerated/22e644cb-aaf1-4996-b5c3-7fc932b11093/Output-Variables-queryParameters.wev" autogeneratedOrigin="a246fd1f-84df-4bb3-b9f4-2415ad24c82b"><![CDATA[%dw 2.0

type auto_22e644cb_aaf1_4996_b5c3_7fc932b11093_Output_Variables_queryParameters = Any

]]></types:shape>
    </types:type>
    <types:type name="auto_22e644cb-aaf1-4996-b5c3-7fc932b11093_Output-Variables-outboundHeaders" format="java">
      <types:shape format="weave" example="weave/autogenerated/22e644cb-aaf1-4996-b5c3-7fc932b11093/Output-Variables-outboundHeaders.wev" autogeneratedOrigin="a246fd1f-84df-4bb3-b9f4-2415ad24c82b"><![CDATA[%dw 2.0

type auto_22e644cb_aaf1_4996_b5c3_7fc932b11093_Output_Variables_outboundHeaders = {|  |}

]]></types:shape>
    </types:type>
    <types:type name="auto_22e644cb-aaf1-4996-b5c3-7fc932b11093_Output-Variables-httpStatus" format="java">
      <types:shape format="raml" autogeneratedOrigin="a246fd1f-84df-4bb3-b9f4-2415ad24c82b"><![CDATA[#%RAML 1.0 DataType
type: string]]></types:shape>
    </types:type>
    <types:type name="auto_7ef9d71c-1f5d-45b7-a26a-ba59ccdca605_Input-Payload" format="json">
      <types:shape format="weave" example="weave/autogenerated/7ef9d71c-1f5d-45b7-a26a-ba59ccdca605/Input-Payload.wev" autogeneratedOrigin="aa1fef4d-1e31-4ba5-bdbc-0b41f299370a"><![CDATA[%dw 2.0

type auto_7ef9d71c_1f5d_45b7_a26a_ba59ccdca605_Input_Payload = {
  templateName: String, 
  payment: {
    duplicateCheckFlag?: Boolean, 
    information?: {
      remittanceInformation?: String, 
      contractId?: String, 
      _?: Any
    } {"description": "This object includes remittance_information and contract_id"}, 
    valueDate: String, 
    paymentCurrency?: String, 
    paymentAmount?: Number, 
    paymentType: "DRAW" | "BOOK" | "WIRE", 
    _?: Any
  } {"description": "Payment information."}, 
  _?: Any
}

]]></types:shape>
    </types:type>
    <types:type name="auto_7ef9d71c-1f5d-45b7-a26a-ba59ccdca605_Input-Attributes" format="java">
      <types:shape format="weave" example="weave/autogenerated/7ef9d71c-1f5d-45b7-a26a-ba59ccdca605/Input-Attributes.wev" autogeneratedOrigin="aa1fef4d-1e31-4ba5-bdbc-0b41f299370a"><![CDATA[%dw 2.0

type auto_7ef9d71c_1f5d_45b7_a26a_ba59ccdca605_Input_Attributes = {|
  clientCertificate?: {|
    publicKey?: {|  |}, 
    "type"?: String, 
    encoded?: Binary
  |}, 
  headers: {|
    "x-correlation-id": String, 
    client_id: String, 
    client_secret: String
  |}, 
  listenerPath: String, 
  method: String, 
  queryParams: {|  |}, 
  queryString: String, 
  relativePath: String, 
  remoteAddress: String, 
  requestPath: String, 
  requestUri: String, 
  scheme: String, 
  uriParams: {|  |}, 
  version: String, 
  localAddress: String
|}

]]></types:shape>
    </types:type>
    <types:type name="auto_7ef9d71c-1f5d-45b7-a26a-ba59ccdca605_Input-Variables-outboundHeaders" format="java">
      <types:shape format="weave" example="weave/autogenerated/7ef9d71c-1f5d-45b7-a26a-ba59ccdca605/Input-Variables-outboundHeaders.wev" autogeneratedOrigin="aa1fef4d-1e31-4ba5-bdbc-0b41f299370a"><![CDATA[%dw 2.0

type auto_7ef9d71c_1f5d_45b7_a26a_ba59ccdca605_Input_Variables_outboundHeaders = {|  |}

]]></types:shape>
    </types:type>
    <types:type name="auto_7ef9d71c-1f5d-45b7-a26a-ba59ccdca605_Input-Variables-httpStatus" format="java">
      <types:shape format="raml" autogeneratedOrigin="aa1fef4d-1e31-4ba5-bdbc-0b41f299370a"><![CDATA[#%RAML 1.0 DataType
type: string]]></types:shape>
    </types:type>
    <types:type name="auto_7ef9d71c-1f5d-45b7-a26a-ba59ccdca605_Output-Payload" format="json">
      <types:shape format="weave" example="weave/autogenerated/7ef9d71c-1f5d-45b7-a26a-ba59ccdca605/Output-Payload.wev" autogeneratedOrigin="aa1fef4d-1e31-4ba5-bdbc-0b41f299370a"><![CDATA[%dw 2.0

type auto_7ef9d71c_1f5d_45b7_a26a_ba59ccdca605_Output_Payload = {
  paymentId?: String, 
  creationDatetime?: String, 
  status?: String, 
  _?: Any
}

]]></types:shape>
    </types:type>
    <types:type name="auto_7ef9d71c-1f5d-45b7-a26a-ba59ccdca605_Output-Attributes" format="java">
      <types:shape format="weave" example="weave/autogenerated/7ef9d71c-1f5d-45b7-a26a-ba59ccdca605/Output-Attributes.wev" autogeneratedOrigin="aa1fef4d-1e31-4ba5-bdbc-0b41f299370a"><![CDATA[%dw 2.0

type auto_7ef9d71c_1f5d_45b7_a26a_ba59ccdca605_Output_Attributes = {|
  statusCode: Number, 
  reasonPhrase: String, 
  headers: { _?: String }
|} {"typeAlias": "HttpResponseAttributes",
"typeId": "org.mule.extension.http.api.HttpResponseAttributes"}

]]></types:shape>
    </types:type>
    <types:type name="auto_7ef9d71c-1f5d-45b7-a26a-ba59ccdca605_Output-Variables-reqHeaders" format="json">
      <types:shape format="weave" example="weave/autogenerated/7ef9d71c-1f5d-45b7-a26a-ba59ccdca605/Output-Variables-reqHeaders.wev" autogeneratedOrigin="aa1fef4d-1e31-4ba5-bdbc-0b41f299370a"><![CDATA[%dw 2.0

type auto_7ef9d71c_1f5d_45b7_a26a_ba59ccdca605_Output_Variables_reqHeaders = {|
  Authorization: Any, 
  "gateway-entity-id": String, 
  "client-request-id": String, 
  "Content-Type": String
|}

]]></types:shape>
    </types:type>
    <types:type name="auto_7ef9d71c-1f5d-45b7-a26a-ba59ccdca605_Output-Variables-inputPayload" format="java">
      <types:shape format="weave" example="weave/autogenerated/7ef9d71c-1f5d-45b7-a26a-ba59ccdca605/Output-Variables-inputPayload.wev" autogeneratedOrigin="aa1fef4d-1e31-4ba5-bdbc-0b41f299370a"><![CDATA[%dw 2.0

type auto_7ef9d71c_1f5d_45b7_a26a_ba59ccdca605_Output_Variables_inputPayload = Any

]]></types:shape>
    </types:type>
    <types:type name="auto_7ef9d71c-1f5d-45b7-a26a-ba59ccdca605_Output-Variables-bearerToken" format="java">
      <types:shape format="weave" example="weave/autogenerated/7ef9d71c-1f5d-45b7-a26a-ba59ccdca605/Output-Variables-bearerToken.wev" autogeneratedOrigin="aa1fef4d-1e31-4ba5-bdbc-0b41f299370a"><![CDATA[%dw 2.0

type auto_7ef9d71c_1f5d_45b7_a26a_ba59ccdca605_Output_Variables_bearerToken = Any

]]></types:shape>
    </types:type>
    <types:type name="auto_7ef9d71c-1f5d-45b7-a26a-ba59ccdca605_Output-Variables-queryParameters" format="java">
      <types:shape format="weave" example="weave/autogenerated/7ef9d71c-1f5d-45b7-a26a-ba59ccdca605/Output-Variables-queryParameters.wev" autogeneratedOrigin="aa1fef4d-1e31-4ba5-bdbc-0b41f299370a"><![CDATA[%dw 2.0

type auto_7ef9d71c_1f5d_45b7_a26a_ba59ccdca605_Output_Variables_queryParameters = Any

]]></types:shape>
    </types:type>
    <types:type name="auto_7ef9d71c-1f5d-45b7-a26a-ba59ccdca605_Output-Variables-outboundHeaders" format="java">
      <types:shape format="weave" example="weave/autogenerated/7ef9d71c-1f5d-45b7-a26a-ba59ccdca605/Output-Variables-outboundHeaders.wev" autogeneratedOrigin="aa1fef4d-1e31-4ba5-bdbc-0b41f299370a"><![CDATA[%dw 2.0

type auto_7ef9d71c_1f5d_45b7_a26a_ba59ccdca605_Output_Variables_outboundHeaders = {|  |}

]]></types:shape>
    </types:type>
    <types:type name="auto_7ef9d71c-1f5d-45b7-a26a-ba59ccdca605_Output-Variables-httpStatus" format="java">
      <types:shape format="raml" autogeneratedOrigin="aa1fef4d-1e31-4ba5-bdbc-0b41f299370a"><![CDATA[#%RAML 1.0 DataType
type: string]]></types:shape>
    </types:type>
    <types:type name="auto_3c8a6d67-488c-4563-8e09-2ab36fb17884_Input-Payload" format="json">
      <types:shape format="weave" example="weave/autogenerated/3c8a6d67-488c-4563-8e09-2ab36fb17884/Input-Payload.wev" autogeneratedOrigin="0da5b93f-da97-4880-9042-ed5d2a32672f"><![CDATA[%dw 2.0

type auto_3c8a6d67_488c_4563_8e09_2ab36fb17884_Input_Payload = {
  payee: {
    address?: {
      countrySubdivisionName?: String, 
      city?: String, 
      countryCode?: String, 
      postalCode?: String, 
      addressLine1?: String, 
      addressline2?: String, 
      _?: Any
    } {"description": "Payee’s international or domestic address."}, 
    identification?: String, 
    contactInformation?: {
      emails?: String, 
      phone?: String, 
      name?: String, 
      _?: Any
    } {"description": "The payee's contact Information."}, 
    bankInformation?: {
      accountTypeCode?: String, 
      institutionInformation?: {
        unitedStatesClearingHouseInterbankPaymentSystemId?: String, 
        address?: {
          countrySubdivisionName?: String, 
          city?: String, 
          countryCode?: String, 
          postalCode?: String, 
          addressLine1?: String, 
          addressLine2?: String, 
          _?: Any
        } {"description": "The payeebank's international or domestic address."}, 
        name?: String, 
        bankIdentifierCode?: String, 
        routingTransitNumber?: String, 
        _?: Any
      } {"description": "Institution information associated with the account."}, 
      bankAccountNumber?: String, 
      internationalBankAccountNumber?: String, 
      _?: Any
    } {"description": "Information about the payee's bank account."}, 
    name?: String, 
    shortName?: String, 
    _?: Any
  } {"description": "The business or customer receiving the payment."}, 
  payment: {
    debitCurrency?: String, 
    identifiers?: {
      customerReferenceNumber?: String, 
      thirdPartyReferenceNumber?: String, 
      _?: Any
    } {"description": "Miscellaneous payment identifiers."}, 
    valueDate: String, 
    foreignExchangeInformation?: {
      contractId?: String, 
      _?: Any
    } {"description": "Additional foreign exchange payment information."}, 
    paymentAmount: Number, 
    userId?: String, 
    paymentType: "DRAW" | "BOOK" | "WIRE", 
    paymentDescription?: String, 
    duplicateCheckFlag?: Boolean, 
    information?: {
      doddFrankPaymentOriginatorType?: "INTERNAL_PARTY" | "EXTERNAL_PARTY" | "ORIGINAL_CUSTOMER", 
      remittanceInformation?: String, 
      feeAssigmentCode?: "BEN" | "SHA" | "OUR", 
      paymentPurposeDescription?: String, 
      paymentHoldIndicator?: Boolean, 
      instructionCodeForCreditorAgent?: String, 
      _?: Any
    } {"description": "Additional information tied to this payment."}, 
    creditCurrency: String, 
    paymentCurrency: String, 
    paymentIndicator: "CREDIT", 
    _?: Any
  } {"description": "Payment information."}, 
  payer: {
    address: {
      countrySubdivisionName?: String, 
      city?: String, 
      countryCode?: String, 
      postalCode?: String, 
      addressLine1?: String, 
      addressLine2?: String, 
      _?: Any
    } {"description": "Payer's international or domestic address."}, 
    identification?: String, 
    contactInformation?: {
      emails?: Array<String> {"description": "Payer's email (maximum of five emails)."}, 
      phone?: String, 
      name?: String, 
      _?: Any
    } {"description": "Payer’s contact information."}, 
    bankInformation?: {
      accountTypeCode?: String, 
      institutionInformation?: {
        unitedStatesClearingHouseInterbankPaymentSystemId?: String, 
        address: {
          countrySubdivisionName?: String, 
          city?: String, 
          countryCode?: String, 
          postalCode?: String, 
          addressLine1?: String, 
          addressLine2?: String, 
          _?: Any
        } {"description": "The payer bank’s international or domestic address."}, 
        name?: String, 
        bankIdentifierCode?: String, 
        intermediaryBank?: {
          unitedStatesClearingHouseInterbankPaymentSystemId?: String, 
          address?: {
            countrySubdivisionName?: String, 
            city?: String, 
            countryCode?: String, 
            postalCode?: String, 
            addressLine1?: String, 
            addressLine2?: String, 
            _?: Any
          } {"description": "Address of intermediary bank, international or domestic."}, 
          name?: String, 
          bankIdentifierCode?: String, 
          routingTransitNumber?: String, 
          _?: Any
        } {"description": "Institution information associated with this account."}, 
        routingTransitNumber?: String, 
        _?: Any
      } {"description": "Institution information associated with this account."}, 
      bankAccountNumber?: String, 
      internationalBankAccountNumber?: String, 
      _?: Any
    } {"description": "Information on the payer's bank information and account information."}, 
    name?: String, 
    shortName?: String, 
    _?: Any
  } {"description": "The business or consumer making the payment."}, 
  _?: Any
}

]]></types:shape>
    </types:type>
    <types:type name="auto_3c8a6d67-488c-4563-8e09-2ab36fb17884_Input-Attributes" format="java">
      <types:shape format="weave" example="weave/autogenerated/3c8a6d67-488c-4563-8e09-2ab36fb17884/Input-Attributes.wev" autogeneratedOrigin="0da5b93f-da97-4880-9042-ed5d2a32672f"><![CDATA[%dw 2.0

type auto_3c8a6d67_488c_4563_8e09_2ab36fb17884_Input_Attributes = {|
  clientCertificate?: {|
    publicKey?: {|  |}, 
    "type"?: String, 
    encoded?: Binary
  |}, 
  headers: {|
    "x-correlation-id": String, 
    client_id: String, 
    client_secret: String
  |}, 
  listenerPath: String, 
  method: String, 
  queryParams: {|  |}, 
  queryString: String, 
  relativePath: String, 
  remoteAddress: String, 
  requestPath: String, 
  requestUri: String, 
  scheme: String, 
  uriParams: {|  |}, 
  version: String, 
  localAddress: String
|}

]]></types:shape>
    </types:type>
    <types:type name="auto_3c8a6d67-488c-4563-8e09-2ab36fb17884_Input-Variables-outboundHeaders" format="java">
      <types:shape format="weave" example="weave/autogenerated/3c8a6d67-488c-4563-8e09-2ab36fb17884/Input-Variables-outboundHeaders.wev" autogeneratedOrigin="0da5b93f-da97-4880-9042-ed5d2a32672f"><![CDATA[%dw 2.0

type auto_3c8a6d67_488c_4563_8e09_2ab36fb17884_Input_Variables_outboundHeaders = {|  |}

]]></types:shape>
    </types:type>
    <types:type name="auto_3c8a6d67-488c-4563-8e09-2ab36fb17884_Input-Variables-httpStatus" format="java">
      <types:shape format="raml" autogeneratedOrigin="0da5b93f-da97-4880-9042-ed5d2a32672f"><![CDATA[#%RAML 1.0 DataType
type: string]]></types:shape>
    </types:type>
    <types:type name="auto_3c8a6d67-488c-4563-8e09-2ab36fb17884_Output-Payload" format="json">
      <types:shape format="weave" example="weave/autogenerated/3c8a6d67-488c-4563-8e09-2ab36fb17884/Output-Payload.wev" autogeneratedOrigin="0da5b93f-da97-4880-9042-ed5d2a32672f"><![CDATA[%dw 2.0

type auto_3c8a6d67_488c_4563_8e09_2ab36fb17884_Output_Payload = {
  paymentId?: String, 
  creationDatetime?: String, 
  status?: String, 
  _?: Any
}

]]></types:shape>
    </types:type>
    <types:type name="auto_3c8a6d67-488c-4563-8e09-2ab36fb17884_Output-Attributes" format="java">
      <types:shape format="weave" example="weave/autogenerated/3c8a6d67-488c-4563-8e09-2ab36fb17884/Output-Attributes.wev" autogeneratedOrigin="0da5b93f-da97-4880-9042-ed5d2a32672f"><![CDATA[%dw 2.0

type auto_3c8a6d67_488c_4563_8e09_2ab36fb17884_Output_Attributes = {|
  statusCode: Number, 
  reasonPhrase: String, 
  headers: { _?: String }
|} {"typeAlias": "HttpResponseAttributes",
"typeId": "org.mule.extension.http.api.HttpResponseAttributes"}

]]></types:shape>
    </types:type>
    <types:type name="auto_3c8a6d67-488c-4563-8e09-2ab36fb17884_Output-Variables-reqHeaders" format="json">
      <types:shape format="weave" example="weave/autogenerated/3c8a6d67-488c-4563-8e09-2ab36fb17884/Output-Variables-reqHeaders.wev" autogeneratedOrigin="0da5b93f-da97-4880-9042-ed5d2a32672f"><![CDATA[%dw 2.0

type auto_3c8a6d67_488c_4563_8e09_2ab36fb17884_Output_Variables_reqHeaders = {|
  Authorization: Any, 
  "gateway-entity-id": String, 
  "client-request-id": String, 
  "Content-Type": String
|}

]]></types:shape>
    </types:type>
    <types:type name="auto_3c8a6d67-488c-4563-8e09-2ab36fb17884_Output-Variables-inputPayload" format="java">
      <types:shape format="weave" example="weave/autogenerated/3c8a6d67-488c-4563-8e09-2ab36fb17884/Output-Variables-inputPayload.wev" autogeneratedOrigin="0da5b93f-da97-4880-9042-ed5d2a32672f"><![CDATA[%dw 2.0

type auto_3c8a6d67_488c_4563_8e09_2ab36fb17884_Output_Variables_inputPayload = Any

]]></types:shape>
    </types:type>
    <types:type name="auto_3c8a6d67-488c-4563-8e09-2ab36fb17884_Output-Variables-bearerToken" format="java">
      <types:shape format="weave" example="weave/autogenerated/3c8a6d67-488c-4563-8e09-2ab36fb17884/Output-Variables-bearerToken.wev" autogeneratedOrigin="0da5b93f-da97-4880-9042-ed5d2a32672f"><![CDATA[%dw 2.0

type auto_3c8a6d67_488c_4563_8e09_2ab36fb17884_Output_Variables_bearerToken = Any

]]></types:shape>
    </types:type>
    <types:type name="auto_3c8a6d67-488c-4563-8e09-2ab36fb17884_Output-Variables-queryParameters" format="java">
      <types:shape format="weave" example="weave/autogenerated/3c8a6d67-488c-4563-8e09-2ab36fb17884/Output-Variables-queryParameters.wev" autogeneratedOrigin="0da5b93f-da97-4880-9042-ed5d2a32672f"><![CDATA[%dw 2.0

type auto_3c8a6d67_488c_4563_8e09_2ab36fb17884_Output_Variables_queryParameters = Any

]]></types:shape>
    </types:type>
    <types:type name="auto_3c8a6d67-488c-4563-8e09-2ab36fb17884_Output-Variables-outboundHeaders" format="java">
      <types:shape format="weave" example="weave/autogenerated/3c8a6d67-488c-4563-8e09-2ab36fb17884/Output-Variables-outboundHeaders.wev" autogeneratedOrigin="0da5b93f-da97-4880-9042-ed5d2a32672f"><![CDATA[%dw 2.0

type auto_3c8a6d67_488c_4563_8e09_2ab36fb17884_Output_Variables_outboundHeaders = {|  |}

]]></types:shape>
    </types:type>
    <types:type name="auto_3c8a6d67-488c-4563-8e09-2ab36fb17884_Output-Variables-httpStatus" format="java">
      <types:shape format="raml" autogeneratedOrigin="0da5b93f-da97-4880-9042-ed5d2a32672f"><![CDATA[#%RAML 1.0 DataType
type: string]]></types:shape>
    </types:type>
    <types:type name="auto_85498b51-836b-4fe7-b23c-7fabde169b83_Input-Payload" format="java">
      <types:shape format="weave" example="weave/autogenerated/85498b51-836b-4fe7-b23c-7fabde169b83/Input-Payload.wev" autogeneratedOrigin="fa5de701-744f-4f54-80b1-31d04332b94f"><![CDATA[%dw 2.0

type auto_85498b51_836b_4fe7_b23c_7fabde169b83_Input_Payload = {|  |} {"typeAlias": "Serializable",
"typeId": "java.io.Serializable"}

]]></types:shape>
    </types:type>
    <types:type name="auto_85498b51-836b-4fe7-b23c-7fabde169b83_Input-Attributes" format="java">
      <types:shape format="weave" example="weave/autogenerated/85498b51-836b-4fe7-b23c-7fabde169b83/Input-Attributes.wev" autogeneratedOrigin="fa5de701-744f-4f54-80b1-31d04332b94f"><![CDATA[%dw 2.0

type auto_85498b51_836b_4fe7_b23c_7fabde169b83_Input_Attributes = Null

]]></types:shape>
    </types:type>
    <types:type name="auto_85498b51-836b-4fe7-b23c-7fabde169b83_Input-Variables-reqHeaders" format="json">
      <types:shape format="weave" example="weave/autogenerated/85498b51-836b-4fe7-b23c-7fabde169b83/Input-Variables-reqHeaders.wev" autogeneratedOrigin="fa5de701-744f-4f54-80b1-31d04332b94f"><![CDATA[%dw 2.0

type auto_85498b51_836b_4fe7_b23c_7fabde169b83_Input_Variables_reqHeaders = {|
  Authorization: Any, 
  "gateway-entity-id": String, 
  "client-request-id": String, 
  "Content-Type": String
|}

]]></types:shape>
    </types:type>
    <types:type name="auto_85498b51-836b-4fe7-b23c-7fabde169b83_Input-Variables-inputPayload" format="java">
      <types:shape format="weave" example="weave/autogenerated/85498b51-836b-4fe7-b23c-7fabde169b83/Input-Variables-inputPayload.wev" autogeneratedOrigin="fa5de701-744f-4f54-80b1-31d04332b94f"><![CDATA[%dw 2.0

type auto_85498b51_836b_4fe7_b23c_7fabde169b83_Input_Variables_inputPayload = Any

]]></types:shape>
    </types:type>
    <types:type name="auto_85498b51-836b-4fe7-b23c-7fabde169b83_Input-Variables-queryParameters" format="java">
      <types:shape format="weave" example="weave/autogenerated/85498b51-836b-4fe7-b23c-7fabde169b83/Input-Variables-queryParameters.wev" autogeneratedOrigin="fa5de701-744f-4f54-80b1-31d04332b94f"><![CDATA[%dw 2.0

type auto_85498b51_836b_4fe7_b23c_7fabde169b83_Input_Variables_queryParameters = Any

]]></types:shape>
    </types:type>
    <types:type name="auto_85498b51-836b-4fe7-b23c-7fabde169b83_Output-Payload" format="json">
      <types:shape format="weave" example="weave/autogenerated/85498b51-836b-4fe7-b23c-7fabde169b83/Output-Payload.wev" autogeneratedOrigin="fa5de701-744f-4f54-80b1-31d04332b94f"><![CDATA[%dw 2.0

type auto_85498b51_836b_4fe7_b23c_7fabde169b83_Output_Payload = Any

]]></types:shape>
    </types:type>
    <types:type name="auto_85498b51-836b-4fe7-b23c-7fabde169b83_Output-Attributes" format="java">
      <types:shape format="weave" example="weave/autogenerated/85498b51-836b-4fe7-b23c-7fabde169b83/Output-Attributes.wev" autogeneratedOrigin="fa5de701-744f-4f54-80b1-31d04332b94f"><![CDATA[%dw 2.0

type auto_85498b51_836b_4fe7_b23c_7fabde169b83_Output_Attributes = {|
  statusCode: Number, 
  reasonPhrase: String, 
  headers: { _?: String }
|} {"typeAlias": "HttpResponseAttributes",
"typeId": "org.mule.extension.http.api.HttpResponseAttributes"}

]]></types:shape>
    </types:type>
    <types:type name="auto_85498b51-836b-4fe7-b23c-7fabde169b83_Output-Variables-reqHeaders" format="json">
      <types:shape format="weave" example="weave/autogenerated/85498b51-836b-4fe7-b23c-7fabde169b83/Output-Variables-reqHeaders.wev" autogeneratedOrigin="fa5de701-744f-4f54-80b1-31d04332b94f"><![CDATA[%dw 2.0

type auto_85498b51_836b_4fe7_b23c_7fabde169b83_Output_Variables_reqHeaders = {|
  Authorization: Any, 
  "gateway-entity-id": String, 
  "client-request-id": String, 
  "Content-Type": String
|}

]]></types:shape>
    </types:type>
    <types:type name="auto_85498b51-836b-4fe7-b23c-7fabde169b83_Output-Variables-inputPayload" format="java">
      <types:shape format="weave" example="weave/autogenerated/85498b51-836b-4fe7-b23c-7fabde169b83/Output-Variables-inputPayload.wev" autogeneratedOrigin="fa5de701-744f-4f54-80b1-31d04332b94f"><![CDATA[%dw 2.0

type auto_85498b51_836b_4fe7_b23c_7fabde169b83_Output_Variables_inputPayload = Any

]]></types:shape>
    </types:type>
    <types:type name="auto_85498b51-836b-4fe7-b23c-7fabde169b83_Output-Variables-queryParameters" format="java">
      <types:shape format="weave" example="weave/autogenerated/85498b51-836b-4fe7-b23c-7fabde169b83/Output-Variables-queryParameters.wev" autogeneratedOrigin="fa5de701-744f-4f54-80b1-31d04332b94f"><![CDATA[%dw 2.0

type auto_85498b51_836b_4fe7_b23c_7fabde169b83_Output_Variables_queryParameters = Any

]]></types:shape>
    </types:type>
  </types:catalog>
  <types:enrichment select="#653739c4-856c-4d76-ac71-6f81a1743658">
    <types:processor-declaration>
      <types:input-event>
        <types:message>
          <types:payload type="auto_653739c4-856c-4d76-ac71-6f81a1743658_Input-Payload"/>
          <types:attributes type="auto_653739c4-856c-4d76-ac71-6f81a1743658_Input-Attributes"/>
        </types:message>
        <types:variables>
          <types:variable name="reqHeaders" type="auto_653739c4-856c-4d76-ac71-6f81a1743658_Input-Variables-reqHeaders"/>
          <types:variable name="queryParameters" type="auto_653739c4-856c-4d76-ac71-6f81a1743658_Input-Variables-queryParameters"/>
        </types:variables>
      </types:input-event>
      <types:output-event>
        <types:message>
          <types:payload type="auto_653739c4-856c-4d76-ac71-6f81a1743658_Output-Payload"/>
          <types:attributes type="auto_653739c4-856c-4d76-ac71-6f81a1743658_Output-Attributes"/>
        </types:message>
        <types:variables>
          <types:variable name="reqHeaders" type="auto_653739c4-856c-4d76-ac71-6f81a1743658_Output-Variables-reqHeaders"/>
          <types:variable name="queryParameters" type="auto_653739c4-856c-4d76-ac71-6f81a1743658_Output-Variables-queryParameters"/>
        </types:variables>
      </types:output-event>
    </types:processor-declaration>
  </types:enrichment>
  <types:enrichment select="#78921983-ccbf-4a85-a042-3c14c2f8f7f3">
    <types:processor-declaration>
      <types:input-event>
        <types:variables>
          <types:variable name="reqHeaders" type="auto_78921983-ccbf-4a85-a042-3c14c2f8f7f3_Input-Variables-reqHeaders"/>
        </types:variables>
      </types:input-event>
      <types:output-event>
        <types:variables>
          <types:variable name="reqHeaders" type="auto_78921983-ccbf-4a85-a042-3c14c2f8f7f3_Output-Variables-reqHeaders"/>
        </types:variables>
      </types:output-event>
    </types:processor-declaration>
  </types:enrichment>
  <types:enrichment select="#25d17164-c4b9-4018-b441-0e76ca1a2d0b">
    <types:processor-declaration>
      <types:input-event>
        <types:variables>
          <types:variable name="reqHeaders" type="auto_25d17164-c4b9-4018-b441-0e76ca1a2d0b_Input-Variables-reqHeaders"/>
          <types:variable name="inputPayload" type="auto_25d17164-c4b9-4018-b441-0e76ca1a2d0b_Input-Variables-inputPayload"/>
          <types:variable name="queryParameters" type="auto_25d17164-c4b9-4018-b441-0e76ca1a2d0b_Input-Variables-queryParameters"/>
        </types:variables>
      </types:input-event>
      <types:output-event>
        <types:message>
          <types:payload type="auto_25d17164-c4b9-4018-b441-0e76ca1a2d0b_Output-Payload"/>
          <types:attributes type="auto_25d17164-c4b9-4018-b441-0e76ca1a2d0b_Output-Attributes"/>
        </types:message>
        <types:variables>
          <types:variable name="reqHeaders" type="auto_25d17164-c4b9-4018-b441-0e76ca1a2d0b_Output-Variables-reqHeaders"/>
          <types:variable name="inputPayload" type="auto_25d17164-c4b9-4018-b441-0e76ca1a2d0b_Output-Variables-inputPayload"/>
          <types:variable name="bearerToken" type="auto_25d17164-c4b9-4018-b441-0e76ca1a2d0b_Output-Variables-bearerToken"/>
          <types:variable name="queryParameters" type="auto_25d17164-c4b9-4018-b441-0e76ca1a2d0b_Output-Variables-queryParameters"/>
        </types:variables>
      </types:output-event>
    </types:processor-declaration>
  </types:enrichment>
  <types:enrichment select="#eccbdddc-c78c-43e3-a76b-b3a58429cb6b">
    <types:processor-declaration>
      <types:input-event>
        <types:message>
          <types:payload type="auto_eccbdddc-c78c-43e3-a76b-b3a58429cb6b_Input-Payload"/>
          <types:attributes type="auto_eccbdddc-c78c-43e3-a76b-b3a58429cb6b_Input-Attributes"/>
        </types:message>
        <types:variables>
          <types:variable name="reqHeaders" type="auto_eccbdddc-c78c-43e3-a76b-b3a58429cb6b_Input-Variables-reqHeaders"/>
          <types:variable name="inputPayload" type="auto_eccbdddc-c78c-43e3-a76b-b3a58429cb6b_Input-Variables-inputPayload"/>
          <types:variable name="queryParameters" type="auto_eccbdddc-c78c-43e3-a76b-b3a58429cb6b_Input-Variables-queryParameters"/>
        </types:variables>
      </types:input-event>
      <types:output-event>
        <types:message>
          <types:payload type="auto_eccbdddc-c78c-43e3-a76b-b3a58429cb6b_Output-Payload"/>
          <types:attributes type="auto_eccbdddc-c78c-43e3-a76b-b3a58429cb6b_Output-Attributes"/>
        </types:message>
        <types:variables>
          <types:variable name="reqHeaders" type="auto_eccbdddc-c78c-43e3-a76b-b3a58429cb6b_Output-Variables-reqHeaders"/>
          <types:variable name="inputPayload" type="auto_eccbdddc-c78c-43e3-a76b-b3a58429cb6b_Output-Variables-inputPayload"/>
          <types:variable name="queryParameters" type="auto_eccbdddc-c78c-43e3-a76b-b3a58429cb6b_Output-Variables-queryParameters"/>
        </types:variables>
      </types:output-event>
    </types:processor-declaration>
  </types:enrichment>
  <types:enrichment select="#4aaed2ce-3c42-443e-8c08-f8fd3298c0c4">
    <types:processor-declaration>
      <types:output-event>
        <types:message>
          <types:payload type="auto_4aaed2ce-3c42-443e-8c08-f8fd3298c0c4_Output-Payload"/>
          <types:attributes type="auto_4aaed2ce-3c42-443e-8c08-f8fd3298c0c4_Output-Attributes"/>
        </types:message>
      </types:output-event>
    </types:processor-declaration>
  </types:enrichment>
  <types:enrichment select="#905aa5eb-14ae-4801-bda7-8134cbb26c74">
    <types:processor-declaration>
      <types:input-event>
        <types:message>
          <types:payload type="auto_905aa5eb-14ae-4801-bda7-8134cbb26c74_Input-Payload"/>
          <types:attributes type="auto_905aa5eb-14ae-4801-bda7-8134cbb26c74_Input-Attributes"/>
        </types:message>
        <types:variables>
          <types:variable name="reqHeaders" type="auto_905aa5eb-14ae-4801-bda7-8134cbb26c74_Input-Variables-reqHeaders"/>
          <types:variable name="inputPayload" type="auto_905aa5eb-14ae-4801-bda7-8134cbb26c74_Input-Variables-inputPayload"/>
          <types:variable name="bearerToken" type="auto_905aa5eb-14ae-4801-bda7-8134cbb26c74_Input-Variables-bearerToken"/>
          <types:variable name="queryParameters" type="auto_905aa5eb-14ae-4801-bda7-8134cbb26c74_Input-Variables-queryParameters"/>
        </types:variables>
      </types:input-event>
      <types:output-event>
        <types:message>
          <types:payload type="auto_905aa5eb-14ae-4801-bda7-8134cbb26c74_Output-Payload"/>
          <types:attributes type="auto_905aa5eb-14ae-4801-bda7-8134cbb26c74_Output-Attributes"/>
        </types:message>
        <types:variables>
          <types:variable name="reqHeaders" type="auto_905aa5eb-14ae-4801-bda7-8134cbb26c74_Output-Variables-reqHeaders"/>
          <types:variable name="inputPayload" type="auto_905aa5eb-14ae-4801-bda7-8134cbb26c74_Output-Variables-inputPayload"/>
          <types:variable name="bearerToken" type="auto_905aa5eb-14ae-4801-bda7-8134cbb26c74_Output-Variables-bearerToken"/>
          <types:variable name="queryParameters" type="auto_905aa5eb-14ae-4801-bda7-8134cbb26c74_Output-Variables-queryParameters"/>
        </types:variables>
      </types:output-event>
    </types:processor-declaration>
  </types:enrichment>
  <types:enrichment select="#c71af4cd-906e-478f-ab9d-ed2b61e78d48">
    <types:processor-declaration>
      <types:output-event>
        <types:message>
          <types:payload type="auto_c71af4cd-906e-478f-ab9d-ed2b61e78d48_Output-Payload"/>
          <types:attributes type="auto_c71af4cd-906e-478f-ab9d-ed2b61e78d48_Output-Attributes"/>
        </types:message>
      </types:output-event>
    </types:processor-declaration>
  </types:enrichment>
  <types:enrichment select="#5b4ee8fe-b091-4048-a884-8f5eab05e6f1">
    <types:processor-declaration>
      <types:input-event>
        <types:message>
          <types:payload type="auto_5b4ee8fe-b091-4048-a884-8f5eab05e6f1_Input-Payload"/>
          <types:attributes type="auto_5b4ee8fe-b091-4048-a884-8f5eab05e6f1_Input-Attributes"/>
        </types:message>
        <types:variables>
          <types:variable name="reqHeaders" type="auto_5b4ee8fe-b091-4048-a884-8f5eab05e6f1_Input-Variables-reqHeaders"/>
          <types:variable name="inputPayload" type="auto_5b4ee8fe-b091-4048-a884-8f5eab05e6f1_Input-Variables-inputPayload"/>
          <types:variable name="bearerToken" type="auto_5b4ee8fe-b091-4048-a884-8f5eab05e6f1_Input-Variables-bearerToken"/>
          <types:variable name="queryParameters" type="auto_5b4ee8fe-b091-4048-a884-8f5eab05e6f1_Input-Variables-queryParameters"/>
        </types:variables>
      </types:input-event>
      <types:output-event>
        <types:message>
          <types:payload type="auto_5b4ee8fe-b091-4048-a884-8f5eab05e6f1_Output-Payload"/>
          <types:attributes type="auto_5b4ee8fe-b091-4048-a884-8f5eab05e6f1_Output-Attributes"/>
        </types:message>
        <types:variables>
          <types:variable name="reqHeaders" type="auto_5b4ee8fe-b091-4048-a884-8f5eab05e6f1_Output-Variables-reqHeaders"/>
          <types:variable name="inputPayload" type="auto_5b4ee8fe-b091-4048-a884-8f5eab05e6f1_Output-Variables-inputPayload"/>
          <types:variable name="bearerToken" type="auto_5b4ee8fe-b091-4048-a884-8f5eab05e6f1_Output-Variables-bearerToken"/>
          <types:variable name="queryParameters" type="auto_5b4ee8fe-b091-4048-a884-8f5eab05e6f1_Output-Variables-queryParameters"/>
        </types:variables>
      </types:output-event>
    </types:processor-declaration>
  </types:enrichment>
  <types:enrichment select="#22e644cb-aaf1-4996-b5c3-7fc932b11093">
    <types:processor-declaration>
      <types:input-event>
        <types:message>
          <types:payload type="auto_22e644cb-aaf1-4996-b5c3-7fc932b11093_Input-Payload"/>
          <types:attributes type="auto_22e644cb-aaf1-4996-b5c3-7fc932b11093_Input-Attributes"/>
        </types:message>
        <types:variables>
          <types:variable name="outboundHeaders" type="auto_22e644cb-aaf1-4996-b5c3-7fc932b11093_Input-Variables-outboundHeaders"/>
          <types:variable name="httpStatus" type="auto_22e644cb-aaf1-4996-b5c3-7fc932b11093_Input-Variables-httpStatus"/>
          <types:variable name="id" type="auto_22e644cb-aaf1-4996-b5c3-7fc932b11093_Input-Variables-payment-id"/>
        </types:variables>
      </types:input-event>
      <types:output-event>
        <types:message>
          <types:payload type="auto_22e644cb-aaf1-4996-b5c3-7fc932b11093_Output-Payload"/>
          <types:attributes type="auto_22e644cb-aaf1-4996-b5c3-7fc932b11093_Output-Attributes"/>
        </types:message>
        <types:variables>
          <types:variable name="reqHeaders" type="auto_22e644cb-aaf1-4996-b5c3-7fc932b11093_Output-Variables-reqHeaders"/>
          <types:variable name="outboundHeaders" type="auto_22e644cb-aaf1-4996-b5c3-7fc932b11093_Output-Variables-outboundHeaders"/>
          <types:variable name="inputPayload" type="auto_22e644cb-aaf1-4996-b5c3-7fc932b11093_Output-Variables-inputPayload"/>
          <types:variable name="bearerToken" type="auto_22e644cb-aaf1-4996-b5c3-7fc932b11093_Output-Variables-bearerToken"/>
          <types:variable name="queryParameters" type="auto_22e644cb-aaf1-4996-b5c3-7fc932b11093_Output-Variables-queryParameters"/>
          <types:variable name="httpStatus" type="auto_22e644cb-aaf1-4996-b5c3-7fc932b11093_Output-Variables-httpStatus"/>
          <types:variable name="id" type="auto_22e644cb-aaf1-4996-b5c3-7fc932b11093_Output-Variables-payment-id"/>
        </types:variables>
      </types:output-event>
    </types:processor-declaration>
  </types:enrichment>
  <types:enrichment select="#7ef9d71c-1f5d-45b7-a26a-ba59ccdca605">
    <types:processor-declaration>
      <types:input-event>
        <types:message>
          <types:payload type="auto_7ef9d71c-1f5d-45b7-a26a-ba59ccdca605_Input-Payload"/>
          <types:attributes type="auto_7ef9d71c-1f5d-45b7-a26a-ba59ccdca605_Input-Attributes"/>
        </types:message>
        <types:variables>
          <types:variable name="outboundHeaders" type="auto_7ef9d71c-1f5d-45b7-a26a-ba59ccdca605_Input-Variables-outboundHeaders"/>
          <types:variable name="httpStatus" type="auto_7ef9d71c-1f5d-45b7-a26a-ba59ccdca605_Input-Variables-httpStatus"/>
        </types:variables>
      </types:input-event>
      <types:output-event>
        <types:message>
          <types:payload type="auto_7ef9d71c-1f5d-45b7-a26a-ba59ccdca605_Output-Payload"/>
          <types:attributes type="auto_7ef9d71c-1f5d-45b7-a26a-ba59ccdca605_Output-Attributes"/>
        </types:message>
        <types:variables>
          <types:variable name="reqHeaders" type="auto_7ef9d71c-1f5d-45b7-a26a-ba59ccdca605_Output-Variables-reqHeaders"/>
          <types:variable name="outboundHeaders" type="auto_7ef9d71c-1f5d-45b7-a26a-ba59ccdca605_Output-Variables-outboundHeaders"/>
          <types:variable name="inputPayload" type="auto_7ef9d71c-1f5d-45b7-a26a-ba59ccdca605_Output-Variables-inputPayload"/>
          <types:variable name="bearerToken" type="auto_7ef9d71c-1f5d-45b7-a26a-ba59ccdca605_Output-Variables-bearerToken"/>
          <types:variable name="queryParameters" type="auto_7ef9d71c-1f5d-45b7-a26a-ba59ccdca605_Output-Variables-queryParameters"/>
          <types:variable name="httpStatus" type="auto_7ef9d71c-1f5d-45b7-a26a-ba59ccdca605_Output-Variables-httpStatus"/>
        </types:variables>
      </types:output-event>
    </types:processor-declaration>
  </types:enrichment>
  <types:enrichment select="#3c8a6d67-488c-4563-8e09-2ab36fb17884">
    <types:processor-declaration>
      <types:input-event>
        <types:message>
          <types:payload type="auto_3c8a6d67-488c-4563-8e09-2ab36fb17884_Input-Payload"/>
          <types:attributes type="auto_3c8a6d67-488c-4563-8e09-2ab36fb17884_Input-Attributes"/>
        </types:message>
        <types:variables>
          <types:variable name="outboundHeaders" type="auto_3c8a6d67-488c-4563-8e09-2ab36fb17884_Input-Variables-outboundHeaders"/>
          <types:variable name="httpStatus" type="auto_3c8a6d67-488c-4563-8e09-2ab36fb17884_Input-Variables-httpStatus"/>
        </types:variables>
      </types:input-event>
      <types:output-event>
        <types:message>
          <types:payload type="auto_3c8a6d67-488c-4563-8e09-2ab36fb17884_Output-Payload"/>
          <types:attributes type="auto_3c8a6d67-488c-4563-8e09-2ab36fb17884_Output-Attributes"/>
        </types:message>
        <types:variables>
          <types:variable name="reqHeaders" type="auto_3c8a6d67-488c-4563-8e09-2ab36fb17884_Output-Variables-reqHeaders"/>
          <types:variable name="outboundHeaders" type="auto_3c8a6d67-488c-4563-8e09-2ab36fb17884_Output-Variables-outboundHeaders"/>
          <types:variable name="inputPayload" type="auto_3c8a6d67-488c-4563-8e09-2ab36fb17884_Output-Variables-inputPayload"/>
          <types:variable name="bearerToken" type="auto_3c8a6d67-488c-4563-8e09-2ab36fb17884_Output-Variables-bearerToken"/>
          <types:variable name="queryParameters" type="auto_3c8a6d67-488c-4563-8e09-2ab36fb17884_Output-Variables-queryParameters"/>
          <types:variable name="httpStatus" type="auto_3c8a6d67-488c-4563-8e09-2ab36fb17884_Output-Variables-httpStatus"/>
        </types:variables>
      </types:output-event>
    </types:processor-declaration>
  </types:enrichment>
  <types:enrichment select="#9f1675fa-18ed-40c2-9cc3-02a8c11c6198"/>
  <types:enrichment select="#85498b51-836b-4fe7-b23c-7fabde169b83">
    <types:processor-declaration>
      <types:input-event>
        <types:message>
          <types:payload type="auto_85498b51-836b-4fe7-b23c-7fabde169b83_Input-Payload"/>
          <types:attributes type="auto_85498b51-836b-4fe7-b23c-7fabde169b83_Input-Attributes"/>
        </types:message>
        <types:variables>
          <types:variable name="reqHeaders" type="auto_85498b51-836b-4fe7-b23c-7fabde169b83_Input-Variables-reqHeaders"/>
          <types:variable name="inputPayload" type="auto_85498b51-836b-4fe7-b23c-7fabde169b83_Input-Variables-inputPayload"/>
          <types:variable name="queryParameters" type="auto_85498b51-836b-4fe7-b23c-7fabde169b83_Input-Variables-queryParameters"/>
        </types:variables>
      </types:input-event>
      <types:output-event>
        <types:message>
          <types:payload type="auto_85498b51-836b-4fe7-b23c-7fabde169b83_Output-Payload"/>
          <types:attributes type="auto_85498b51-836b-4fe7-b23c-7fabde169b83_Output-Attributes"/>
        </types:message>
        <types:variables>
          <types:variable name="reqHeaders" type="auto_85498b51-836b-4fe7-b23c-7fabde169b83_Output-Variables-reqHeaders"/>
          <types:variable name="inputPayload" type="auto_85498b51-836b-4fe7-b23c-7fabde169b83_Output-Variables-inputPayload"/>
          <types:variable name="queryParameters" type="auto_85498b51-836b-4fe7-b23c-7fabde169b83_Output-Variables-queryParameters"/>
        </types:variables>
      </types:output-event>
    </types:processor-declaration>
  </types:enrichment>
</types:mule>