[{
  "contactId": "1-LH18MH",
  "contactFirstName": "CA",
  "contactLastName": "TA",
  "contactEmail": "mule@mailinator.com",
  "citizenPhone":"4165555888",
	"citizenAlternatePhone": "6478885555",
  "contactLicenseNumber": "748956113",
  "licenseStatus": "valid"
},
{
  "contactId": "1-LH19MH",
  "contactFirstName": "Julie",
  "contactLastName": "Calford",
  "contactEmail": "julie@mailinator.com",
  "citizenPhone":"4100555888",
	"citizenAlternatePhone": "6470005555",
  "contactLicenseNumber": "748956113",
  "licenseStatus": "valid"
}]