{
    "type": "file",
    "id": "1265158408766",
    "file_version": {
        "type": "file_version",
        "id": "1382437723166",
        "sha1": "568b71cbde3cfcdccff12f630e9504928a055845"
    },
    "sequence_id": "0",
    "etag": "0",
    "sha1": "568b71cbde3cfcdccff12f630e9504928a055845",
    "name": "test-copy.pdf",
    "description": "",
    "size": 14062,
    "path_collection": {
        "total_count": 2,
        "entries": [
            {
                "type": "folder",
                "id": "0",
                "sequence_id": null,
                "etag": null,
                "name": "All Files"
            },
            {
                "type": "folder",
                "id": "218384125566",
                "sequence_id": "0",
                "etag": "0",
                "name": "CF2"
            }
        ]
    },
    "created_at": "2023-07-23T11:48:05-07:00",
    "modified_at": "2023-07-23T11:48:05-07:00",
    "trashed_at": null,
    "purged_at": null,
    "content_created_at": "2023-07-23T11:33:38-07:00",
    "content_modified_at": "2023-07-23T11:33:38-07:00",
    "created_by": {
        "type": "user",
        "id": "26749807932",
        "name": "Mule-integration-PoC-with-JWT",
        "login": "AutomationUser_2063104_ArWR7avWp2@boxdevedition.com"
    },
    "modified_by": {
        "type": "user",
        "id": "26749807932",
        "name": "Mule-integration-PoC-with-JWT",
        "login": "AutomationUser_2063104_ArWR7avWp2@boxdevedition.com"
    },
    "owned_by": {
        "type": "user",
        "id": "26749807932",
        "name": "Mule-integration-PoC-with-JWT",
        "login": "AutomationUser_2063104_ArWR7avWp2@boxdevedition.com"
    },
    "shared_link": null,
    "parent": {
        "type": "folder",
        "id": "218384125566",
        "sequence_id": "0",
        "etag": "0",
        "name": "CF2"
    },
    "item_status": "active"
}