<?xml version="1.0" encoding="UTF-8"?>

<mule xmlns:os="http://www.mulesoft.org/schema/mule/os"
	xmlns:db="http://www.mulesoft.org/schema/mule/db"
	xmlns:sharepoint="http://www.mulesoft.org/schema/mule/sharepoint"
	xmlns:ee="http://www.mulesoft.org/schema/mule/ee/core"
	xmlns:box="http://www.mulesoft.org/schema/mule/box"
	xmlns:http="http://www.mulesoft.org/schema/mule/http"
	xmlns="http://www.mulesoft.org/schema/mule/core"
	xmlns:doc="http://www.mulesoft.org/schema/mule/documentation"
	xmlns:xsi="http://www.w3.org/2001/XMLSchema-instance" xsi:schemaLocation="http://www.mulesoft.org/schema/mule/core http://www.mulesoft.org/schema/mule/core/current/mule.xsd
http://www.mulesoft.org/schema/mule/http http://www.mulesoft.org/schema/mule/http/current/mule-http.xsd
http://www.mulesoft.org/schema/mule/box http://www.mulesoft.org/schema/mule/box/current/mule-box.xsd
http://www.mulesoft.org/schema/mule/ee/core http://www.mulesoft.org/schema/mule/ee/core/current/mule-ee.xsd
http://www.mulesoft.org/schema/mule/sharepoint http://www.mulesoft.org/schema/mule/sharepoint/current/mule-sharepoint.xsd
http://www.mulesoft.org/schema/mule/db http://www.mulesoft.org/schema/mule/db/current/mule-db.xsd
http://www.mulesoft.org/schema/mule/os http://www.mulesoft.org/schema/mule/os/current/mule-os.xsd">
	<sub-flow name="check-wire-status-by-payment-id-subflow" doc:id="22e644cb-aaf1-4996-b5c3-7fc932b11093" >
		<logger level="INFO" doc:name="Start Log" doc:id="f00740c1-d417-47db-a35d-008f6ba4d7a0" message="#[vars.correlationId default &quot;&quot; ++ &quot; flow started to check wire status by payment-id: &quot;++ vars.'payment-id' ++&quot; - at : &quot; ++ now()]" />
		<ee:transform doc:name='Setting the optional "detail" query parameter' doc:id="fafa6cb5-5426-4e9e-91f2-49027020d769">
			<ee:message>
			</ee:message>
			<ee:variables >
				<ee:set-variable variableName="detailQueryParam" ><![CDATA[%dw 2.0
output application/json
var detail = attributes.queryParams.detail
---
("detail" : upper(detail))if(!isBlank(detail))]]></ee:set-variable>
			</ee:variables>
		</ee:transform>
		<flow-ref doc:name="retrieve-token-subflow" doc:id="240f92be-407d-4877-90d4-3b0e28c3436f" name="retrieve-token-subflow" />
		<flow-ref doc:name="request-to-check-wire-status-by-payment-id-subflow" doc:id="cec51ab7-8da3-4131-aa3a-c526629186c7" name="request-to-check-wire-status-by-payment-id-subflow" />
		<ee:transform doc:name="Response" doc:id="b7877e46-cf39-42b2-89c4-cb85dcb2970d" >
			<ee:message >
				<ee:set-payload ><![CDATA[%dw 2.0
output application/json
var pp = payload.payment
var pp1 = payload.payee
var pp2 = payload.payer
var pp3 = payload.sender
var pp4 = payload.ultimate_payer
var pp5 = payload.ultimate_payee
var pp6 = payload.on_behalf_of_bank
var pp7 = payload.intermediary_bank
var pp8 = payload.payment_processing_information
---
{
    ("payment": {
        "paymentType": pp.payment_type,
        ("paymentDescription": pp.payment_description) if(! isBlank(pp.payment_description)),
        ("valueDate": pp.value_date) if(! isBlank(pp.value_date)),
        "paymentAmount": pp.payment_amount,
        "paymentCurrency": pp.payment_currency,
        "paymentIndicator": pp.payment_indicator,
        "creditCurrency": pp.credit_currency,
        ("creditAmount": pp.credit_amount) if(! isBlank(pp.credit_amount)),
        ("debitAmount": pp.debit_amount) if(! isBlank(pp.debit_amount)),
        ("debitCurrency": pp.debit_currency) if(! isBlank(pp.debit_currency)),
        ("duplicateCheckFlag": pp.duplicate_check_flag) if(! isBlank(pp.duplicate_check_flag)),
        ("identifiers": {
            ("thirdPartyReferenceNumber": pp.identifiers.third_party_reference_number) if(! isBlank(pp.identifiers.third_party_reference_number)),
            ("customerReferenceNumber": pp.identifiers.customer_reference_number) if(! isBlank(pp.identifiers.customer_reference_number))
        }) if((pp.identifiers)!=null),
        ("foreignExchangeInformation": {
            ("contractId": pp.foreign_exchange_information.contract_id) if(! isBlank(pp.foreign_exchange_information.contract_id)),
            ("rate": pp.foreign_exchange_information.rate) if(! isBlank(pp.foreign_exchange_information.rate))
        }) if((pp.foreign_exchange_information)!=null),
        ("information": {
            ("feeAssigmentCode": pp.information.fee_assigment_code) if(! isBlank(pp.information.fee_assigment_code)),
            ("paymentPurposeDescription": pp.information.payment_purpose_description) if(! isBlank(pp.information.payment_purpose_description)),
            ("doddFrankPaymentOriginatorType": pp.information.dodd_frank_payment_originator_type) if(! isBlank(pp.information.dodd_frank_payment_originator_type)),
            ("paymentHoldIndicator": pp.information.payment_hold_indicator) if(! isBlank(pp.information.payment_hold_indicator)),
            ("instructionCodeForCreditorAgent": pp.information.instruction_code_for_creditor_agent) if(! isBlank(pp.information.instruction_code_for_creditor_agent)),
            ("remittanceInformation": pp.information.remittance_information) if(! isBlank(pp.information.remittance_information[
                0
            ]))
        }) if((pp.information)!=null)
    })  if((pp)!=null),
    ("payee": {
        ("name": pp1.name) if(! isBlank(pp1.name)),
        ("shortName": pp1.short_name) if(! isBlank(pp1.short_name)),
        ("address": {
            ("addressLine1": pp1.address.address_line_1) if(! isBlank(pp1.address.address_line_1)),
            ("addressLine2": pp1.address.address_line_2) if(! isBlank(pp1.address.address_line_2)),
            ("city": pp1.address.city) if(! isBlank(pp1.address.city)),
            ("countrySubdivisionName": pp1.address.country_subdivision_name) if(! isBlank(pp1.address.country_subdivision_name)),
            ("postalCode": pp1.address.postal_code) if(! isBlank(pp1.address.postal_code)),
            ("countryCode": pp1.address.country_code) if(! isBlank(pp1.address.country_code))
        }) if((pp1.address)!=null),
        ("identification": pp1.identification) if(! isBlank(pp1.identification)),
        ("contactInformation": {
            ("name": pp1.contact_information.name) if(! isBlank(pp1.contact_information.name)),
            ("phone": pp1.contact_information.phone) if(! isBlank(pp1.contact_information.phone)),
            ("emails": pp1.contact_information.emails) if(! isBlank(pp1.contact_information.emails[
                0
            ]))
        }) if((pp1.contact_information)!=null),
        ("bankInformation": {
            ("bankAccountNumber": pp1.bank_information.bank_account_number) if(! isBlank(pp1.bank_information.bank_account_number)),
            ("internationalBankAccountNumber": pp1.bank_information.international_bank_account_number) if(! isBlank(pp1.bank_information.international_bank_account_number)),
            ("accountTypeCode": pp1.bank_information.account_type_code) if(! isBlank(pp1.bank_information.account_type_code)),
            ("accountName": pp1.bank_information.account_name) if(! isBlank(pp1.bank_information.account_name)),
            ("accountCurrency": pp1.bank_information.account_currency) if(! isBlank(pp1.bank_information.account_currency)),
            ("institutionInformation": {
                ("name": pp1.bank_information.institution_information.name) if(! isBlank(pp1.bank_information.institution_information.name)),
                ("bankIdentifierCode": pp1.bank_information.institution_information.bank_identifier_code) if(! isBlank(pp1.bank_information.institution_information.bank_identifier_code)),
                ("unitedStatesClearingHouseInterbankPaymentSystemId": pp1.bank_information.institution_information.united_states_clearing_house_interbank_payment_system_id) if(! isBlank(pp1.bank_information.institution_information.united_states_clearing_house_interbank_payment_system_id)),
                ("routingTransitNumber": pp1.bank_information.institution_information.routing_transit_number) if(! isBlank(pp1.bank_information.institution_information.routing_transit_number)),
                ("address": {
                    ("addressLine1": pp1.bank_information.institution_information.address.address_line_1) if(! isBlank(pp1.bank_information.institution_information.address.address_line_1)),
                    ("addressLine2": pp1.bank_information.institution_information.address.address_line_2) if(! isBlank(pp1.bank_information.institution_information.address.address_line_2)),
                    ("city": pp1.bank_information.institution_information.address.city) if(! isBlank(pp1.bank_information.institution_information.address.city)),
                    ("countrySubdivisionName": pp1.bank_information.institution_information.address.country_subdivision_name) if(! isBlank(pp1.bank_information.institution_information.address.country_subdivision_name)),
                    ("postalCode": pp1.bank_information.institution_information.address.postal_code) if(! isBlank(pp1.bank_information.institution_information.address.postal_code)),
                    ("countryCode": pp1.bank_information.institution_information.address.country_code) if(! isBlank(pp1.bank_information.institution_information.address.country_code))
                }) if((pp1.bank_information.institution_information.address)!=null)
            }) if((pp1.bank_information.institution_information)!=null)
        }) if((pp1.bank_information)!=null)
    }) if((pp1)!=null),
    ("payer": {
        ("name": pp2.name) if(! isBlank(pp2.name)),
        ("shortName": pp2.short_name) if(! isBlank(pp2.short_name)),
        ("address": {
            ("addressLine1": pp2.address.address_line_1) if(! isBlank(pp2.address.address_line_1)),
            ("addressLine2": pp2.address.address_line_2) if(! isBlank(pp2.address.address_line_2)),
            ("city": pp2.address.city) if(! isBlank(pp2.address.city)),
            ("countrySubdivisionName": pp2.address.country_subdivision_name) if(! isBlank(pp2.address.country_subdivision_name)),
            ("postalCode": pp2.address.postal_code) if(! isBlank(pp2.address.postal_code)),
            ("countryCode": pp2.address.country_code) if(! isBlank(pp2.address.country_code))
        }) if((pp2.address)!=null),
        ("identification": pp2.identification) if(! isBlank(pp2.identification)),
        ("contactInformation": {
            ("name": pp2.contact_information.name) if(! isBlank(pp2.contact_information.name)),
            ("phone": pp2.contact_information.phone) if(! isBlank(pp2.contact_information.phone)),
            ("mobilePhone": pp2.contact_information.mobile_phone) if(! isBlank(pp2.contact_information.mobile_phone)),
            ("emails": pp2.contact_information.emails) if(! isBlank(pp2.contact_information.emails[
                0
            ]))
        }) if((pp2.contact_information)!=null),
        ("bankInformation": {
            ("bankAccountNumber": pp2.bank_information.bank_account_number) if(! isBlank(pp2.bank_information.bank_account_number)),
            ("internationalBankAccountNumber": pp2.bank_information.international_bank_account_number) if(! isBlank(pp2.bank_information.international_bank_account_number)),
            ("accountTypeCode": pp2.bank_information.account_type_code) if(! isBlank(pp2.bank_information.account_type_code)),
            ("accountName": pp2.bank_information.account_name) if(! isBlank(pp2.bank_information.account_name)),
            ("accountCurrency": pp2.bank_information.account_currency) if(! isBlank(pp2.bank_information.account_currency)),
            ("institutionInformation": {
                ("name": pp2.bank_information.institution_information.name) if(! isBlank(pp2.bank_information.institution_information.name)),
                ("bankIdentifierCode": pp2.bank_information.institution_information.bank_identifier_code) if(! isBlank(pp2.bank_information.institution_information.bank_identifier_code)),
                ("unitedStatesClearingHouseInterbankPaymentSystemId": pp2.bank_information.institution_information.united_states_clearing_house_interbank_payment_system_id) if(! isBlank(pp2.bank_information.institution_information.united_states_clearing_house_interbank_payment_system_id)),
                ("routingTransitNumber": pp2.bank_information.institution_information.routing_transit_number) if(! isBlank(pp2.bank_information.institution_information.routing_transit_number)),
                ("address": {
                    ("addressLine1": pp2.bank_information.institution_information.address.address_line_1) if(! isBlank(pp2.bank_information.institution_information.address.address_line_1)),
                    ("addressLine2": pp2.bank_information.institution_information.address.address_line_2) if(! isBlank(pp2.bank_information.institution_information.address.address_line_2)),
                    ("city": pp2.bank_information.institution_information.address.city) if(! isBlank(pp2.bank_information.institution_information.address.city)),
                    ("countrySubdivisionName": pp2.bank_information.institution_information.address.country_subdivision_name) if(! isBlank(pp2.bank_information.institution_information.address.country_subdivision_name)),
                    ("postalCode": pp2.bank_information.institution_information.address.postal_code) if(! isBlank(pp2.bank_information.institution_information.address.postal_code)),
                    ("countryCode": pp2.bank_information.institution_information.address.country_code) if(! isBlank(pp2.bank_information.institution_information.address.country_code))
                }) if((pp2.bank_information.institution_information.address)!=null)
            }) if((pp2.bank_information.institution_information)!=null)
        }) if((pp2.bank_information)!=null)
    }) if((pp2)!=null),
    ("sender": {
        ("name": pp3.name) if(! isBlank(pp3.name)),
        ("shortName": pp3.short_name) if(! isBlank(pp3.short_name)),
        ("address": {
            ("addressLine1": pp3.address.address_line_1) if(! isBlank(pp3.address.address_line_1)),
            ("addressLine2": pp3.address.address_line_2) if(! isBlank(pp3.address.address_line_2)),
            ("city": pp3.address.city) if(! isBlank(pp3.address.city)),
            ("countrySubdivisionName": pp3.address.country_subdivision_name) if(! isBlank(pp3.address.country_subdivision_name)),
            ("postalCode": pp3.address.postal_code) if(! isBlank(pp3.address.postal_code)),
            ("countryCode": pp3.address.country_code) if(! isBlank(pp3.address.country_code))
        }) if((pp3.address)!=null),
        ("identification": pp3.identification) if(! isBlank(pp3.identification)),
        ("contactInformation": {
            ("name": pp3.contact_information.name) if(! isBlank(pp3.contact_information.name)),
            ("phone": pp3.contact_information.phone) if(! isBlank(pp3.contact_information.phone))
        }) if((pp3.contact_information)!=null),
    }) if((pp3)!=null),
    ("ultimatePayer": {
        ("name": pp4.name) if(! isBlank(pp4.name)),
        ("shortName": pp4.short_name) if(! isBlank(pp4.short_name)),
        ("address": {
            ("addressLine1": pp4.address.address_line_1) if(! isBlank(pp4.address.address_line_1)),
            ("addressLine2": pp4.address.address_line_2) if(! isBlank(pp4.address.address_line_2)),
            ("city": pp4.address.city) if(! isBlank(pp4.address.city)),
            ("countrySubdivisionName": pp4.address.country_subdivision_name) if(! isBlank(pp4.address.country_subdivision_name)),
            ("postalCode": pp4.address.postal_code) if(! isBlank(pp4.address.postal_code)),
            ("countryCode": pp4.address.country_code) if(! isBlank(pp4.address.country_code))
        }) if((pp4.address)!=null),
        ("identification": pp4.identification) if(! isBlank(pp4.identification))
    }) if((pp4)!=null),
    ("ultimatePayee": {
        ("name": pp5.name) if(! isBlank(pp5.name)),
        ("shortName": pp5.short_name) if(! isBlank(pp5.short_name)),
        ("address": {
            ("addressLine1": pp5.address.address_line_1) if(! isBlank(pp5.address.address_line_1)),
            ("addressLine2": pp5.address.address_line_2) if(! isBlank(pp5.address.address_line_2)),
            ("city": pp5.address.city) if(! isBlank(pp5.address.city)),
            ("countrySubdivisionName": pp5.address.country_subdivision_name) if(! isBlank(pp5.address.country_subdivision_name)),
            ("postalCode": pp5.address.postal_code) if(! isBlank(pp5.address.postal_code)),
            ("countryCode": pp5.address.country_code) if(! isBlank(pp5.address.country_code))
        }) if((pp5.address)!=null),
        ("identification": pp5.identification) if(! isBlank(pp2.name))
    }) if((pp5)!=null),
    ("onBehalfOfBank": {
                ("name": pp6.name) if(! isBlank(pp6.name)),
                ("bankIdentifierCode": pp6.bank_identifier_code) if(! isBlank(pp6.bank_identifier_code)),
                ("unitedStatesClearingHouseInterbankPaymentSystemId": pp6.united_states_clearing_house_interbank_payment_system_id) if(! isBlank(pp6.united_states_clearing_house_interbank_payment_system_id)),
                ("routingTransitNumber": pp6.routing_transit_number) if(! isBlank(pp6.routing_transit_number)),
                ("address": {
                    ("addressLine1": pp6.address.address_line_1) if(! isBlank(pp6.address.address_line_1)),
                    ("addressLine2": pp6.address.address_line_2) if(! isBlank(pp6.address.address_line_2)),
                    ("city": pp6.address.city) if(! isBlank(pp6.address.city)),
                    ("countrySubdivisionName": pp6.address.country_subdivision_name) if(! isBlank(pp6.address.country_subdivision_name)),
                    ("postalCode": pp6.address.postal_code) if(! isBlank(pp6.address.postal_code)),
                    ("countryCode": pp6.address.country_code) if(! isBlank(pp6.address.country_code))
        }) if((pp6.address)!=null)
    }) if((pp6)!=null),
    ("intermediaryBank": {
                ("name": pp7.name) if(! isBlank(pp7.name)),
                ("bankIdentifierCode": pp7.bank_identifier_code) if(! isBlank(pp7.bank_identifier_code)),
                ("unitedStatesClearingHouseInterbankPaymentSystemId": pp7.united_states_clearing_house_interbank_payment_system_id) if(! isBlank(pp7.united_states_clearing_house_interbank_payment_system_id)),
                ("routingTransitNumber": pp7.routing_transit_number) if(! isBlank(pp7.routing_transit_number)),
                ("address": {
                    ("addressLine1": pp7.address.address_line_1) if(! isBlank(pp7.address.address_line_1)),
                    ("addressLine2": pp7.address.address_line_2) if(! isBlank(pp7.address.address_line_2)),
                    ("city": pp7.address.city) if(! isBlank(pp7.address.city)),
                    ("countrySubdivisionName": pp7.address.country_subdivision_name) if(! isBlank(pp7.address.country_subdivision_name)),
                    ("postalCode": pp7.address.postal_code) if(! isBlank(pp7.address.postal_code)),
                    ("countryCode": pp7.address.country_code) if(! isBlank(pp7.address.country_code))
        }) if((pp7.address)!=null)
    }) if((pp7)!=null),
    ("paymentProcessingInformation": {
        ("status": pp8.status) if(! isBlank(pp8.status)),
        ("paymentId": pp8.payment_id) if(! isBlank(pp8.payment_id)),
        ("appId": pp8.app_id) if(! isBlank(pp8.app_id)),
        ("originatingApplicationId": pp8.originating_application_id) if(! isBlank(pp8.originating_application_id)),
        ("paymentOriginationMethod": pp8.payment_origination_method) if(! isBlank(pp8.payment_origination_method)),
        ("paymentDescription": pp8.payment_description) if(! isBlank(pp8.payment_description)),
        ("cutOffTime": pp8.cut_off_time) if(! isBlank(pp8.cut_off_time)),
        ("templateName": pp8.template_name) if(! isBlank(pp8.template_name)),
        ("fileName": pp8.file_name) if(! isBlank(pp8.file_name)),
        ("clearingSystemInformation": pp8.clearing_system_information) if(! isBlank(pp8.clearing_system_information[
            0
        ])),
        ("clearingSystemName": pp8.clearing_system_name) if(! isBlank(pp8.clearing_system_name)),
        ("clearingSystemReferenceNumber": pp8.clearing_system_reference_number) if(! isBlank(pp8.clearing_system_reference_number)),
        ("paymentAudit": {
            ("lastModifiedBy": pp8.payment_audit.last_modified_by) if(! isBlank(pp8.payment_audit.last_modified_by)),
            ("lastModifiedTimestamp": pp8.payment_audit.last_modified_timestamp) if(! isBlank(pp8.payment_audit.last_modified_timestamp)),
            ("createdBy": pp8.payment_audit.created_by) if(! isBlank(pp8.payment_audit.created_by)),
            ("createdTimestamp": pp8.payment_audit.created_timestamp) if(! isBlank(pp8.payment_audit.created_timestamp))
        }) if((pp8.payment_audit)!=null)
    }) if((pp8)!=null)
}]]></ee:set-payload>
			</ee:message>
		</ee:transform>
		<logger level="INFO" doc:name="End Log" doc:id="208fc469-fb41-4bef-9e27-a231b33904a4" message="#[vars.correlationId default &quot;&quot; ++ &quot; flow ended to check wire status by payment-id: &quot;++ vars.'payment-id' ++&quot; - at : &quot; ++ now()]" />
	</sub-flow>
	<sub-flow name="request-to-check-wire-status-by-payment-id-subflow" doc:id="5b4ee8fe-b091-4048-a884-8f5eab05e6f1" >
		<try doc:name="Try" doc:id="d75f1f14-8186-4c99-be7d-bcf380c82c81" >
			<flow-ref doc:name="check-wire-status-operation-subflow" doc:id="fc72a9e8-6c18-4805-9333-92475162f747" name="check-wire-status-operation-subflow" />
			<error-handler >
				<on-error-continue enableNotifications="true" logException="true" doc:name="On Error Continue" doc:id="f13421d0-8335-4dec-94df-5b4bbbced3f1" type="HTTP:CONNECTIVITY, HTTP:INTERNAL_SERVER_ERROR" >
					<until-successful maxRetries="${until-successful.maxRetries}" doc:name="Until Successful" doc:id="d77546f4-31de-46be-81d6-ed5a1fe2278f" millisBetweenRetries="${until-successful.millisBetweenRetries}" >
						<logger level="INFO" doc:name="Start Log" doc:id="300e9c01-1eb2-4d19-a45e-74a3fd76b621" message="#[vars.correlationId default &quot;&quot; ++ &quot; Until Successful started to check wire status by payment-id: &quot;++ vars.'payment-id' ++&quot; - at : &quot; ++ now()]" />
						<flow-ref doc:name="check-wire-status-operation-subflow" doc:id="7341f12e-8c7d-4c92-87d0-68678151c595" name="check-wire-status-operation-subflow" />
						<logger level="INFO" doc:name="End Log" doc:id="0144c1d8-3a80-4d91-8b95-a72ee3c49744" message="#[vars.correlationId default &quot;&quot; ++ &quot; Until Successful ended to check wire status by payment-id: &quot;++ vars.'payment-id' ++&quot; - at : &quot; ++ now()]" />
					</until-successful>
				</on-error-continue>
			</error-handler>
		</try>
	</sub-flow>
	<sub-flow name="check-wire-status-operation-subflow" doc:id="c71af4cd-906e-478f-ab9d-ed2b61e78d48" >
		<http:request method="GET" doc:name="Request to check wire status by payment-id" doc:id="09ded5cc-8f43-4ca9-baf9-c161e78665ba" config-ref="wire-payments-request-configuration" path="${req.wire.checkWireStatusPath}">
			<http:headers ><![CDATA[#[vars.bearerToken]]]></http:headers>
			<http:uri-params ><![CDATA[#[output application/json
---
{
	payment_id : vars.'payment-id'
}]]]></http:uri-params>
			<http:query-params ><![CDATA[#[vars.detailQueryParam]]]></http:query-params>
		</http:request>
	</sub-flow>
</mule>