<?xml version="1.0" encoding="UTF-8"?>

<mule xmlns:os="http://www.mulesoft.org/schema/mule/os"
	xmlns:db="http://www.mulesoft.org/schema/mule/db"
	xmlns:sharepoint="http://www.mulesoft.org/schema/mule/sharepoint"
	xmlns:ee="http://www.mulesoft.org/schema/mule/ee/core"
	xmlns:box="http://www.mulesoft.org/schema/mule/box"
	xmlns:http="http://www.mulesoft.org/schema/mule/http"
	xmlns="http://www.mulesoft.org/schema/mule/core"
	xmlns:doc="http://www.mulesoft.org/schema/mule/documentation"
	xmlns:xsi="http://www.w3.org/2001/XMLSchema-instance"
	xsi:schemaLocation="http://www.mulesoft.org/schema/mule/core http://www.mulesoft.org/schema/mule/core/current/mule.xsd
http://www.mulesoft.org/schema/mule/http http://www.mulesoft.org/schema/mule/http/current/mule-http.xsd
http://www.mulesoft.org/schema/mule/box http://www.mulesoft.org/schema/mule/box/current/mule-box.xsd
http://www.mulesoft.org/schema/mule/ee/core http://www.mulesoft.org/schema/mule/ee/core/current/mule-ee.xsd
http://www.mulesoft.org/schema/mule/sharepoint http://www.mulesoft.org/schema/mule/sharepoint/current/mule-sharepoint.xsd
http://www.mulesoft.org/schema/mule/db http://www.mulesoft.org/schema/mule/db/current/mule-db.xsd
http://www.mulesoft.org/schema/mule/os http://www.mulesoft.org/schema/mule/os/current/mule-os.xsd">
	<sub-flow name="create-wires-template-subflow" doc:id="7ef9d71c-1f5d-45b7-a26a-ba59ccdca605" >
		<logger level="INFO" doc:name="Start Log" doc:id="76dc997a-3cb5-486f-8f1f-1a30a246776d" message='#[vars.correlationId default "" ++ " flow started to create wires template. - at : " ++ now()]' />
		<ee:transform doc:name="Setting the actual payload" doc:id="125b2022-1ad8-4027-82ca-3b5097eb45b7" >
			<ee:message />
			<ee:variables >
				<ee:set-variable variableName="inputPayload" ><![CDATA[%dw 2.0
output application/json
var pp = payload.payment
---
{
    "template_name": payload.templateName default "",
    "payment": {
        "payment_type": pp.paymentType default "",
        ("payment_amount": pp.paymentAmount  default "") if(! isBlank(pp.paymentAmount)),
        ("payment_currency": pp.paymentCurrency default "") if(! isBlank(pp.paymentCurrency)),
        "value_date": pp.valueDate default "",
        ("duplicate_check_flag": pp.duplicateCheckFlag default "") if(! isBlank(pp.duplicateCheckFlag)),
        ("information": {
          ("remittance_information": pp.information.remittanceInformation default "") if(! isBlank(pp.information.remittanceInformation)),
          ("contract_id": pp.information.contractId default "") if(! isBlank(pp.information.contractId))
        }) if((pp.information)!=null)
    }
}]]></ee:set-variable>
			</ee:variables>
		</ee:transform>
		<flow-ref doc:name="retrieve-token-subflow" doc:id="f1604ee8-c1fd-442b-a842-47db377554ef" name="retrieve-token-subflow" />
		<flow-ref doc:name="request-to-create-wires-template-subflow" doc:id="8c512adf-516a-4bb4-8bce-0294d97dad56" name="request-to-create-wires-template-subflow" />
		<ee:transform doc:name="Response" doc:id="d95540a5-d37c-43f4-96a2-1d1f984373f0" >
			<ee:message >
				<ee:set-payload ><![CDATA[%dw 2.0
output application/json
---
{
    "paymentId": payload.payment_id,
    "status": payload.status,
    "creationDatetime": payload.creation_datetime
} ]]></ee:set-payload>
			</ee:message>
		</ee:transform>
		<logger level="INFO" doc:name="End Log" doc:id="bdf0a40d-3e51-4d3f-9ca9-a3e77d2b8ebd" message='#[vars.correlationId default "" ++ " flow ended to create wires template. - at : " ++ now()]' />
	</sub-flow>
	<sub-flow name="request-to-create-wires-template-subflow" doc:id="cb3f4051-5ba6-4d89-b99c-a7931dabee2c" >
		<try doc:name="Try" doc:id="072d9055-6d37-4547-abd1-e67e179cb873" >
			<flow-ref doc:name="create-wires-template-operation-subflow" doc:id="77b92f33-371e-4f1d-811c-0cdf81c179dd" name="create-wires-template-operation-subflow" />
			<error-handler >
				<on-error-continue enableNotifications="true" logException="true" doc:name="On Error Continue" doc:id="fa93dbfb-5958-442d-9a5b-7c9f0ce0f7b0" type="HTTP:CONNECTIVITY, HTTP:INTERNAL_SERVER_ERROR" >
					<until-successful maxRetries="${until-successful.maxRetries}" doc:name="Until Successful" doc:id="024def10-d1ef-44d1-8330-515ec09e4fe4" millisBetweenRetries="${until-successful.millisBetweenRetries}" >
						<logger level="INFO" doc:name="Start Log" doc:id="dc695fda-a608-42df-beb6-25e615264a01" message='#[vars.correlationId default "" ++ " Until Successful started to create wires template. - at : " ++ now()]' />
						<flow-ref doc:name="create-wires-template-operation-subflow" doc:id="45a40f4c-3bf3-4473-9d95-f2581a5a1c12" name="create-wires-template-operation-subflow" />
						<logger level="INFO" doc:name="End Log" doc:id="af8ae345-2145-44ba-9324-3ed1628f65de" message='#[vars.correlationId default "" ++ " Until Successful ended to create wires template. - at : " ++ now()]' />
					</until-successful>
				</on-error-continue>
			</error-handler>
		</try>
	</sub-flow>
	<sub-flow name="create-wires-template-operation-subflow" doc:id="dea732b2-f009-4624-9e7f-39b46c81b5a3" >
		<http:request method="POST" doc:name="Request to create wires template" doc:id="9d83db7b-5331-49c8-824c-19bc2b6de690" config-ref="wire-payments-request-configuration" path="${req.wire.wireTemplatePath}">
			<http:body ><![CDATA[#[vars.inputPayload]]]></http:body>
			<http:headers ><![CDATA[#[vars.bearerToken]]]></http:headers>
		</http:request>
	</sub-flow>
</mule>