<?xml version='1.0' encoding='UTF-8'?>
<types:mule xmlns:types="http://www.mulesoft.org/schema/mule/types">
  <types:catalog>
    <types:type name="auto_51bb6f9a-6565-4145-a406-ee13c5d25569_Input-Variables-query" format="json">
      <types:shape format="weave" example="weave/autogenerated/51bb6f9a-6565-4145-a406-ee13c5d25569/Input-Variables-query.wev" autogeneratedOrigin="9bddc78f-2b47-452a-a19b-31a908d1e690"><![CDATA[%dw 2.0

type auto_51bb6f9a_6565_4145_a406_ee13c5d25569_Input_Variables_query = String

]]></types:shape>
    </types:type>
    <types:type name="auto_51bb6f9a-6565-4145-a406-ee13c5d25569_Input-Variables-inputParams" format="json">
      <types:shape format="weave" example="weave/autogenerated/51bb6f9a-6565-4145-a406-ee13c5d25569/Input-Variables-inputParams.wev" autogeneratedOrigin="9bddc78f-2b47-452a-a19b-31a908d1e690"><![CDATA[%dw 2.0

type auto_51bb6f9a_6565_4145_a406_ee13c5d25569_Input_Variables_inputParams = {| customerId: Null |}

]]></types:shape>
    </types:type>
    <types:type name="auto_51bb6f9a-6565-4145-a406-ee13c5d25569_Input-Variables-select_payload" format="java">
      <types:shape format="weave" example="weave/autogenerated/51bb6f9a-6565-4145-a406-ee13c5d25569/payload.wev" autogeneratedOrigin="9bddc78f-2b47-452a-a19b-31a908d1e690"><![CDATA[%dw 2.0

type auto_51bb6f9a_6565_4145_a406_ee13c5d25569_Input_Variables_select_payload = Array<{ _?: java_lang_Object }>
type java_lang_Object = {|  |} {"typeAlias": "Object",
"class": "java.lang.Object",
"typeId": "java.lang.Object"}



]]></types:shape>
    </types:type>
    <types:type name="auto_51bb6f9a-6565-4145-a406-ee13c5d25569_Output-Payload" format="java">
      <types:shape format="raml" autogeneratedOrigin="9bddc78f-2b47-452a-a19b-31a908d1e690"><![CDATA[#%RAML 1.0 DataType
type: number]]></types:shape>
    </types:type>
    <types:type name="auto_51bb6f9a-6565-4145-a406-ee13c5d25569_Output-Attributes" format="java">
      <types:shape format="weave" example="weave/autogenerated/51bb6f9a-6565-4145-a406-ee13c5d25569/Output-Attributes.wev" autogeneratedOrigin="9bddc78f-2b47-452a-a19b-31a908d1e690"><![CDATA[%dw 2.0

type auto_51bb6f9a_6565_4145_a406_ee13c5d25569_Output_Attributes = Null

]]></types:shape>
    </types:type>
    <types:type name="auto_51bb6f9a-6565-4145-a406-ee13c5d25569_Output-Variables-query" format="json">
      <types:shape format="weave" example="weave/autogenerated/51bb6f9a-6565-4145-a406-ee13c5d25569/Output-Variables-query.wev" autogeneratedOrigin="9bddc78f-2b47-452a-a19b-31a908d1e690"><![CDATA[%dw 2.0

type auto_51bb6f9a_6565_4145_a406_ee13c5d25569_Output_Variables_query = String

]]></types:shape>
    </types:type>
    <types:type name="auto_51bb6f9a-6565-4145-a406-ee13c5d25569_Output-Variables-inputParams" format="json">
      <types:shape format="weave" example="weave/autogenerated/51bb6f9a-6565-4145-a406-ee13c5d25569/Output-Variables-inputParams.wev" autogeneratedOrigin="9bddc78f-2b47-452a-a19b-31a908d1e690"><![CDATA[%dw 2.0

type auto_51bb6f9a_6565_4145_a406_ee13c5d25569_Output_Variables_inputParams = {| customerId: Null |}

]]></types:shape>
    </types:type>
    <types:type name="auto_51bb6f9a-6565-4145-a406-ee13c5d25569_Output-Variables-select_payload" format="java">
      <types:shape format="weave" example="weave/autogenerated/51bb6f9a-6565-4145-a406-ee13c5d25569/payload.wev" autogeneratedOrigin="9bddc78f-2b47-452a-a19b-31a908d1e690"><![CDATA[%dw 2.0

type auto_51bb6f9a_6565_4145_a406_ee13c5d25569_Output_Variables_select_payload = Array<{ _?: java_lang_Object }>
type java_lang_Object = {|  |} {"typeAlias": "Object",
"class": "java.lang.Object",
"typeId": "java.lang.Object"}



]]></types:shape>
    </types:type>
    <types:type name="auto_510a6b12-84d5-4f6f-8a18-2f69dd8c2618_Output-Payload" format="java">
      <types:shape format="weave" example="weave/autogenerated/510a6b12-84d5-4f6f-8a18-2f69dd8c2618/Output-Payload.wev" autogeneratedOrigin="b5003f9d-4588-4ee1-b31e-0ad476afe4d9"><![CDATA[%dw 2.0

type auto_510a6b12_84d5_4f6f_8a18_2f69dd8c2618_Output_Payload = Array<{ _?: java_lang_Object }>
type java_lang_Object = {|  |} {"typeAlias": "Object",
"class": "java.lang.Object",
"typeId": "java.lang.Object"}



]]></types:shape>
    </types:type>
    <types:type name="auto_510a6b12-84d5-4f6f-8a18-2f69dd8c2618_Output-Attributes" format="java">
      <types:shape format="weave" example="weave/autogenerated/510a6b12-84d5-4f6f-8a18-2f69dd8c2618/Output-Attributes.wev" autogeneratedOrigin="b5003f9d-4588-4ee1-b31e-0ad476afe4d9"><![CDATA[%dw 2.0

type auto_510a6b12_84d5_4f6f_8a18_2f69dd8c2618_Output_Attributes = Null

]]></types:shape>
    </types:type>
    <types:type name="auto_f43135ec-f2ad-46d1-a91b-6032698d3784_Input-Variables-customerPayload" format="java">
      <types:shape format="weave" example="weave/autogenerated/f43135ec-f2ad-46d1-a91b-6032698d3784/Input-Variables-customerPayload.wev" autogeneratedOrigin="22806362-665b-461f-ab37-f0ea14c710e4"><![CDATA[%dw 2.0

type auto_f43135ec_f2ad_46d1_a91b_6032698d3784_Input_Variables_customerPayload = Any

]]></types:shape>
    </types:type>
    <types:type name="auto_f43135ec-f2ad-46d1-a91b-6032698d3784_Output-Payload" format="java">
      <types:shape format="weave" example="weave/autogenerated/f43135ec-f2ad-46d1-a91b-6032698d3784/Output-Payload.wev" autogeneratedOrigin="22806362-665b-461f-ab37-f0ea14c710e4"><![CDATA[%dw 2.0

type auto_f43135ec_f2ad_46d1_a91b_6032698d3784_Output_Payload = {|
  affectedRows?: Number, 
  generatedKeys?: { _?: Number }
|} {"typeAlias": "StatementResult",
"typeId": "org.mule.extension.db.api.StatementResult"}

]]></types:shape>
    </types:type>
    <types:type name="auto_f43135ec-f2ad-46d1-a91b-6032698d3784_Output-Attributes" format="java">
      <types:shape format="weave" example="weave/autogenerated/f43135ec-f2ad-46d1-a91b-6032698d3784/Output-Attributes.wev" autogeneratedOrigin="22806362-665b-461f-ab37-f0ea14c710e4"><![CDATA[%dw 2.0

type auto_f43135ec_f2ad_46d1_a91b_6032698d3784_Output_Attributes = Null

]]></types:shape>
    </types:type>
    <types:type name="auto_f43135ec-f2ad-46d1-a91b-6032698d3784_Output-Variables-customerPayload" format="java">
      <types:shape format="weave" example="weave/autogenerated/f43135ec-f2ad-46d1-a91b-6032698d3784/Output-Variables-customerPayload.wev" autogeneratedOrigin="22806362-665b-461f-ab37-f0ea14c710e4"><![CDATA[%dw 2.0

type auto_f43135ec_f2ad_46d1_a91b_6032698d3784_Output_Variables_customerPayload = Any

]]></types:shape>
    </types:type>
    <types:type name="auto_bde5644e-de7f-4d2d-ac8c-5182707a8c9b_Input-Variables-jobListingPayload" format="java">
      <types:shape format="weave" example="weave/autogenerated/bde5644e-de7f-4d2d-ac8c-5182707a8c9b/Input-Variables-jobListingPayload.wev" autogeneratedOrigin="a3889a86-16a2-4fc7-aa62-3d982bdd308c"><![CDATA[%dw 2.0

type auto_bde5644e_de7f_4d2d_ac8c_5182707a8c9b_Input_Variables_jobListingPayload = Any

]]></types:shape>
    </types:type>
    <types:type name="auto_bde5644e-de7f-4d2d-ac8c-5182707a8c9b_Output-Payload" format="java">
      <types:shape format="weave" example="weave/autogenerated/bde5644e-de7f-4d2d-ac8c-5182707a8c9b/Output-Payload.wev" autogeneratedOrigin="a3889a86-16a2-4fc7-aa62-3d982bdd308c"><![CDATA[%dw 2.0

type auto_bde5644e_de7f_4d2d_ac8c_5182707a8c9b_Output_Payload = {|
  affectedRows?: Number, 
  generatedKeys?: { _?: Number }
|} {"typeAlias": "StatementResult",
"typeId": "org.mule.extension.db.api.StatementResult"}

]]></types:shape>
    </types:type>
    <types:type name="auto_bde5644e-de7f-4d2d-ac8c-5182707a8c9b_Output-Attributes" format="java">
      <types:shape format="weave" example="weave/autogenerated/bde5644e-de7f-4d2d-ac8c-5182707a8c9b/Output-Attributes.wev" autogeneratedOrigin="a3889a86-16a2-4fc7-aa62-3d982bdd308c"><![CDATA[%dw 2.0

type auto_bde5644e_de7f_4d2d_ac8c_5182707a8c9b_Output_Attributes = Null

]]></types:shape>
    </types:type>
    <types:type name="auto_bde5644e-de7f-4d2d-ac8c-5182707a8c9b_Output-Variables-customerPayload" format="java">
      <types:shape format="weave" example="weave/autogenerated/bde5644e-de7f-4d2d-ac8c-5182707a8c9b/Output-Variables-customerPayload.wev" autogeneratedOrigin="a3889a86-16a2-4fc7-aa62-3d982bdd308c"><![CDATA[%dw 2.0

type auto_bde5644e_de7f_4d2d_ac8c_5182707a8c9b_Output_Variables_customerPayload = Any

]]></types:shape>
    </types:type>
    <types:type name="auto_bde5644e-de7f-4d2d-ac8c-5182707a8c9b_Output-Variables-jobListingPayload" format="java">
      <types:shape format="weave" example="weave/autogenerated/bde5644e-de7f-4d2d-ac8c-5182707a8c9b/Output-Variables-jobListingPayload.wev" autogeneratedOrigin="a3889a86-16a2-4fc7-aa62-3d982bdd308c"><![CDATA[%dw 2.0

type auto_bde5644e_de7f_4d2d_ac8c_5182707a8c9b_Output_Variables_jobListingPayload = Any

]]></types:shape>
    </types:type>
    <types:type name="auto_91bba1ba-7fdb-480f-bcc5-45432a8074b5_Input-Variables-jobListingPayload" format="java">
      <types:shape format="weave" example="weave/autogenerated/91bba1ba-7fdb-480f-bcc5-45432a8074b5/Input-Variables-jobListingPayload.wev" autogeneratedOrigin="38cbf4ed-f639-42d3-9124-04021701929e"><![CDATA[%dw 2.0

type auto_91bba1ba_7fdb_480f_bcc5_45432a8074b5_Input_Variables_jobListingPayload = Any

]]></types:shape>
    </types:type>
    <types:type name="auto_91bba1ba-7fdb-480f-bcc5-45432a8074b5_Input-Variables-customerPayload" format="java">
      <types:shape format="weave" example="weave/autogenerated/91bba1ba-7fdb-480f-bcc5-45432a8074b5/Input-Variables-customerPayload.wev" autogeneratedOrigin="38cbf4ed-f639-42d3-9124-04021701929e"><![CDATA[%dw 2.0

type auto_91bba1ba_7fdb_480f_bcc5_45432a8074b5_Input_Variables_customerPayload = Any

]]></types:shape>
    </types:type>
    <types:type name="auto_91bba1ba-7fdb-480f-bcc5-45432a8074b5_Output-Payload" format="java">
      <types:shape format="weave" example="weave/autogenerated/91bba1ba-7fdb-480f-bcc5-45432a8074b5/Output-Payload.wev" autogeneratedOrigin="38cbf4ed-f639-42d3-9124-04021701929e"><![CDATA[%dw 2.0

type auto_91bba1ba_7fdb_480f_bcc5_45432a8074b5_Output_Payload = {|
  affectedRows?: Number, 
  generatedKeys?: { _?: Number }
|} {"typeAlias": "StatementResult",
"typeId": "org.mule.extension.db.api.StatementResult"}

]]></types:shape>
    </types:type>
    <types:type name="auto_91bba1ba-7fdb-480f-bcc5-45432a8074b5_Output-Attributes" format="java">
      <types:shape format="weave" example="weave/autogenerated/91bba1ba-7fdb-480f-bcc5-45432a8074b5/Output-Attributes.wev" autogeneratedOrigin="38cbf4ed-f639-42d3-9124-04021701929e"><![CDATA[%dw 2.0

type auto_91bba1ba_7fdb_480f_bcc5_45432a8074b5_Output_Attributes = Null

]]></types:shape>
    </types:type>
    <types:type name="auto_91bba1ba-7fdb-480f-bcc5-45432a8074b5_Output-Variables-jobListingPayload" format="java">
      <types:shape format="weave" example="weave/autogenerated/91bba1ba-7fdb-480f-bcc5-45432a8074b5/Output-Variables-jobListingPayload.wev" autogeneratedOrigin="38cbf4ed-f639-42d3-9124-04021701929e"><![CDATA[%dw 2.0

type auto_91bba1ba_7fdb_480f_bcc5_45432a8074b5_Output_Variables_jobListingPayload = Any

]]></types:shape>
    </types:type>
    <types:type name="auto_91bba1ba-7fdb-480f-bcc5-45432a8074b5_Output-Variables-customerPayload" format="java">
      <types:shape format="weave" example="weave/autogenerated/91bba1ba-7fdb-480f-bcc5-45432a8074b5/Output-Variables-customerPayload.wev" autogeneratedOrigin="38cbf4ed-f639-42d3-9124-04021701929e"><![CDATA[%dw 2.0

type auto_91bba1ba_7fdb_480f_bcc5_45432a8074b5_Output_Variables_customerPayload = Any

]]></types:shape>
    </types:type>
    <types:type name="auto_1a527ce4-6a01-4b44-96d0-99ab4365c1c5_Input-Payload" format="json">
      <types:shape format="weave" example="weave/autogenerated/1a527ce4-6a01-4b44-96d0-99ab4365c1c5/Input-Payload.wev" autogeneratedOrigin="09dd0a44-44af-41be-a855-9d860be200ac"><![CDATA[%dw 2.0

type auto_1a527ce4_6a01_4b44_96d0_99ab4365c1c5_Input_Payload = Array<{  DateOfBirth?: String,   MiddelInitial?: String,   FirstName?: String,   CustomerId?: Number,   LastName?: String,   _?: Any}>

]]></types:shape>
    </types:type>
    <types:type name="auto_1a527ce4-6a01-4b44-96d0-99ab4365c1c5_Input-Attributes" format="java">
      <types:shape format="weave" example="weave/autogenerated/1a527ce4-6a01-4b44-96d0-99ab4365c1c5/Input-Attributes.wev" autogeneratedOrigin="09dd0a44-44af-41be-a855-9d860be200ac"><![CDATA[%dw 2.0

type auto_1a527ce4_6a01_4b44_96d0_99ab4365c1c5_Input_Attributes = Null

]]></types:shape>
    </types:type>
    <types:type name="auto_1a527ce4-6a01-4b44-96d0-99ab4365c1c5_Input-Variables-outboundHeaders" format="java">
      <types:shape format="weave" example="weave/autogenerated/1a527ce4-6a01-4b44-96d0-99ab4365c1c5/Input-Variables-outboundHeaders.wev" autogeneratedOrigin="09dd0a44-44af-41be-a855-9d860be200ac"><![CDATA[%dw 2.0

type auto_1a527ce4_6a01_4b44_96d0_99ab4365c1c5_Input_Variables_outboundHeaders = {|  |}

]]></types:shape>
    </types:type>
    <types:type name="auto_1a527ce4-6a01-4b44-96d0-99ab4365c1c5_Input-Variables-updateQuery" format="java">
      <types:shape format="weave" example="weave/autogenerated/1a527ce4-6a01-4b44-96d0-99ab4365c1c5/Input-Variables-updateQuery.wev" autogeneratedOrigin="09dd0a44-44af-41be-a855-9d860be200ac"><![CDATA[%dw 2.0

type auto_1a527ce4_6a01_4b44_96d0_99ab4365c1c5_Input_Variables_updateQuery = Any

]]></types:shape>
    </types:type>
    <types:type name="auto_1a527ce4-6a01-4b44-96d0-99ab4365c1c5_Input-Variables-updatePayload" format="json">
      <types:shape format="weave" example="weave/autogenerated/1a527ce4-6a01-4b44-96d0-99ab4365c1c5/Input-Variables-updatePayload.wev" autogeneratedOrigin="09dd0a44-44af-41be-a855-9d860be200ac"><![CDATA[%dw 2.0

type auto_1a527ce4_6a01_4b44_96d0_99ab4365c1c5_Input_Variables_updatePayload = {|
  jobId: Null, 
  jTitle?: Array<Any>, 
  jDescription?: Array<Any>, 
  jLocation?: Array<Any>, 
  cName?: Array<Any>, 
  jType?: Array<Any>, 
  salaryRange?: Array<Any>, 
  applicationDeadline?: Array<Any>, 
  expLevel?: Array<Any>, 
  skillAndQual?: Array<Any>, 
  jStatus?: Array<Any>, 
  createdDate?: Array<Any>, 
  add1?: Array<Any>, 
  add2?: Array<Any>, 
  add3?: Array<Any>, 
  add4?: Array<Any>
|}

]]></types:shape>
    </types:type>
    <types:type name="auto_1a527ce4-6a01-4b44-96d0-99ab4365c1c5_Input-Variables-httpStatus" format="java">
      <types:shape format="raml" autogeneratedOrigin="09dd0a44-44af-41be-a855-9d860be200ac"><![CDATA[#%RAML 1.0 DataType
type: string]]></types:shape>
    </types:type>
    <types:type name="auto_1a527ce4-6a01-4b44-96d0-99ab4365c1c5_Input-Variables-customerId" format="json">
      <types:shape format="weave" example="weave/autogenerated/1a527ce4-6a01-4b44-96d0-99ab4365c1c5/Input-Variables-customerId.wev" autogeneratedOrigin="09dd0a44-44af-41be-a855-9d860be200ac"><![CDATA[%dw 2.0

type auto_1a527ce4_6a01_4b44_96d0_99ab4365c1c5_Input_Variables_customerId = Number

]]></types:shape>
    </types:type>
    <types:type name="auto_1a527ce4-6a01-4b44-96d0-99ab4365c1c5_Input-Variables-query" format="json">
      <types:shape format="weave" example="weave/autogenerated/1a527ce4-6a01-4b44-96d0-99ab4365c1c5/Input-Variables-query.wev" autogeneratedOrigin="09dd0a44-44af-41be-a855-9d860be200ac"><![CDATA[%dw 2.0

type auto_1a527ce4_6a01_4b44_96d0_99ab4365c1c5_Input_Variables_query = String

]]></types:shape>
    </types:type>
    <types:type name="auto_1a527ce4-6a01-4b44-96d0-99ab4365c1c5_Input-Variables-inputParams" format="json">
      <types:shape format="weave" example="weave/autogenerated/1a527ce4-6a01-4b44-96d0-99ab4365c1c5/Input-Variables-inputParams.wev" autogeneratedOrigin="09dd0a44-44af-41be-a855-9d860be200ac"><![CDATA[%dw 2.0

type auto_1a527ce4_6a01_4b44_96d0_99ab4365c1c5_Input_Variables_inputParams = {| customerId: Null |}

]]></types:shape>
    </types:type>
    <types:type name="auto_1a527ce4-6a01-4b44-96d0-99ab4365c1c5_Input-Variables-customerPayload" format="java">
      <types:shape format="weave" example="weave/autogenerated/1a527ce4-6a01-4b44-96d0-99ab4365c1c5/Input-Variables-customerPayload.wev" autogeneratedOrigin="09dd0a44-44af-41be-a855-9d860be200ac"><![CDATA[%dw 2.0

type auto_1a527ce4_6a01_4b44_96d0_99ab4365c1c5_Input_Variables_customerPayload = Any

]]></types:shape>
    </types:type>
    <types:type name="auto_1a527ce4-6a01-4b44-96d0-99ab4365c1c5_Input-Variables-jobListingPayload" format="java">
      <types:shape format="weave" example="weave/autogenerated/1a527ce4-6a01-4b44-96d0-99ab4365c1c5/Input-Variables-jobListingPayload.wev" autogeneratedOrigin="09dd0a44-44af-41be-a855-9d860be200ac"><![CDATA[%dw 2.0

type auto_1a527ce4_6a01_4b44_96d0_99ab4365c1c5_Input_Variables_jobListingPayload = Any

]]></types:shape>
    </types:type>
    <types:type name="auto_1a527ce4-6a01-4b44-96d0-99ab4365c1c5_Input-Variables-select_payload" format="java">
      <types:shape format="weave" example="weave/autogenerated/1a527ce4-6a01-4b44-96d0-99ab4365c1c5/payload.wev" autogeneratedOrigin="09dd0a44-44af-41be-a855-9d860be200ac"><![CDATA[%dw 2.0

type auto_1a527ce4_6a01_4b44_96d0_99ab4365c1c5_Input_Variables_select_payload = Array<{ _?: java_lang_Object }>
type java_lang_Object = {|  |} {"typeAlias": "Object",
"class": "java.lang.Object",
"typeId": "java.lang.Object"}



]]></types:shape>
    </types:type>
    <types:type name="auto_1a527ce4-6a01-4b44-96d0-99ab4365c1c5_Output-Payload" format="java">
      <types:shape format="weave" example="weave/autogenerated/1a527ce4-6a01-4b44-96d0-99ab4365c1c5/Output-Payload.wev" autogeneratedOrigin="09dd0a44-44af-41be-a855-9d860be200ac"><![CDATA[%dw 2.0

type auto_1a527ce4_6a01_4b44_96d0_99ab4365c1c5_Output_Payload = {|
  affectedRows?: Number, 
  generatedKeys?: { _?: Number }
|} {"typeAlias": "StatementResult",
"typeId": "org.mule.extension.db.api.StatementResult"}

]]></types:shape>
    </types:type>
    <types:type name="auto_1a527ce4-6a01-4b44-96d0-99ab4365c1c5_Output-Attributes" format="java">
      <types:shape format="weave" example="weave/autogenerated/1a527ce4-6a01-4b44-96d0-99ab4365c1c5/Output-Attributes.wev" autogeneratedOrigin="09dd0a44-44af-41be-a855-9d860be200ac"><![CDATA[%dw 2.0

type auto_1a527ce4_6a01_4b44_96d0_99ab4365c1c5_Output_Attributes = Null

]]></types:shape>
    </types:type>
    <types:type name="auto_1a527ce4-6a01-4b44-96d0-99ab4365c1c5_Output-Variables-outboundHeaders" format="java">
      <types:shape format="weave" example="weave/autogenerated/1a527ce4-6a01-4b44-96d0-99ab4365c1c5/Output-Variables-outboundHeaders.wev" autogeneratedOrigin="09dd0a44-44af-41be-a855-9d860be200ac"><![CDATA[%dw 2.0

type auto_1a527ce4_6a01_4b44_96d0_99ab4365c1c5_Output_Variables_outboundHeaders = {|  |}

]]></types:shape>
    </types:type>
    <types:type name="auto_1a527ce4-6a01-4b44-96d0-99ab4365c1c5_Output-Variables-updateQuery" format="java">
      <types:shape format="weave" example="weave/autogenerated/1a527ce4-6a01-4b44-96d0-99ab4365c1c5/Output-Variables-updateQuery.wev" autogeneratedOrigin="09dd0a44-44af-41be-a855-9d860be200ac"><![CDATA[%dw 2.0

type auto_1a527ce4_6a01_4b44_96d0_99ab4365c1c5_Output_Variables_updateQuery = Any

]]></types:shape>
    </types:type>
    <types:type name="auto_1a527ce4-6a01-4b44-96d0-99ab4365c1c5_Output-Variables-updatePayload" format="json">
      <types:shape format="weave" example="weave/autogenerated/1a527ce4-6a01-4b44-96d0-99ab4365c1c5/Output-Variables-updatePayload.wev" autogeneratedOrigin="09dd0a44-44af-41be-a855-9d860be200ac"><![CDATA[%dw 2.0

type auto_1a527ce4_6a01_4b44_96d0_99ab4365c1c5_Output_Variables_updatePayload = {|
  jobId: Null, 
  jTitle?: Array<Any>, 
  jDescription?: Array<Any>, 
  jLocation?: Array<Any>, 
  cName?: Array<Any>, 
  jType?: Array<Any>, 
  salaryRange?: Array<Any>, 
  applicationDeadline?: Array<Any>, 
  expLevel?: Array<Any>, 
  skillAndQual?: Array<Any>, 
  jStatus?: Array<Any>, 
  createdDate?: Array<Any>, 
  add1?: Array<Any>, 
  add2?: Array<Any>, 
  add3?: Array<Any>, 
  add4?: Array<Any>
|}

]]></types:shape>
    </types:type>
    <types:type name="auto_1a527ce4-6a01-4b44-96d0-99ab4365c1c5_Output-Variables-query" format="json">
      <types:shape format="weave" example="weave/autogenerated/1a527ce4-6a01-4b44-96d0-99ab4365c1c5/Output-Variables-query.wev" autogeneratedOrigin="09dd0a44-44af-41be-a855-9d860be200ac"><![CDATA[%dw 2.0

type auto_1a527ce4_6a01_4b44_96d0_99ab4365c1c5_Output_Variables_query = String

]]></types:shape>
    </types:type>
    <types:type name="auto_1a527ce4-6a01-4b44-96d0-99ab4365c1c5_Output-Variables-httpStatus" format="java">
      <types:shape format="raml" autogeneratedOrigin="09dd0a44-44af-41be-a855-9d860be200ac"><![CDATA[#%RAML 1.0 DataType
type: string]]></types:shape>
    </types:type>
    <types:type name="auto_1a527ce4-6a01-4b44-96d0-99ab4365c1c5_Output-Variables-inputParams" format="json">
      <types:shape format="weave" example="weave/autogenerated/1a527ce4-6a01-4b44-96d0-99ab4365c1c5/Output-Variables-inputParams.wev" autogeneratedOrigin="09dd0a44-44af-41be-a855-9d860be200ac"><![CDATA[%dw 2.0

type auto_1a527ce4_6a01_4b44_96d0_99ab4365c1c5_Output_Variables_inputParams = {| customerId: Null |}

]]></types:shape>
    </types:type>
    <types:type name="auto_1a527ce4-6a01-4b44-96d0-99ab4365c1c5_Output-Variables-customerId" format="json">
      <types:shape format="weave" example="weave/autogenerated/1a527ce4-6a01-4b44-96d0-99ab4365c1c5/Output-Variables-customerId.wev" autogeneratedOrigin="09dd0a44-44af-41be-a855-9d860be200ac"><![CDATA[%dw 2.0

type auto_1a527ce4_6a01_4b44_96d0_99ab4365c1c5_Output_Variables_customerId = Number

]]></types:shape>
    </types:type>
    <types:type name="auto_1a527ce4-6a01-4b44-96d0-99ab4365c1c5_Output-Variables-select_payload" format="java">
      <types:shape format="weave" example="weave/autogenerated/1a527ce4-6a01-4b44-96d0-99ab4365c1c5/payload.wev" autogeneratedOrigin="09dd0a44-44af-41be-a855-9d860be200ac"><![CDATA[%dw 2.0

type auto_1a527ce4_6a01_4b44_96d0_99ab4365c1c5_Output_Variables_select_payload = Array<{ _?: java_lang_Object }>
type java_lang_Object = {|  |} {"typeAlias": "Object",
"class": "java.lang.Object",
"typeId": "java.lang.Object"}



]]></types:shape>
    </types:type>
    <types:type name="auto_1a527ce4-6a01-4b44-96d0-99ab4365c1c5_Output-Variables-customerPayload" format="java">
      <types:shape format="weave" example="weave/autogenerated/1a527ce4-6a01-4b44-96d0-99ab4365c1c5/Output-Variables-customerPayload.wev" autogeneratedOrigin="09dd0a44-44af-41be-a855-9d860be200ac"><![CDATA[%dw 2.0

type auto_1a527ce4_6a01_4b44_96d0_99ab4365c1c5_Output_Variables_customerPayload = Any

]]></types:shape>
    </types:type>
    <types:type name="auto_1a527ce4-6a01-4b44-96d0-99ab4365c1c5_Output-Variables-jobListingPayload" format="java">
      <types:shape format="weave" example="weave/autogenerated/1a527ce4-6a01-4b44-96d0-99ab4365c1c5/Output-Variables-jobListingPayload.wev" autogeneratedOrigin="09dd0a44-44af-41be-a855-9d860be200ac"><![CDATA[%dw 2.0

type auto_1a527ce4_6a01_4b44_96d0_99ab4365c1c5_Output_Variables_jobListingPayload = Any

]]></types:shape>
    </types:type>
    <types:type name="auto_fdd59b45-d518-4af7-b692-cdcf50f04241_Input-Payload" format="json">
      <types:shape format="weave" example="weave/autogenerated/fdd59b45-d518-4af7-b692-cdcf50f04241/Input-Payload.wev" autogeneratedOrigin="d4a372c8-b4be-45ab-bd4b-5e6bb63d92b3"><![CDATA[%dw 2.0

type auto_fdd59b45_d518_4af7_b692_cdcf50f04241_Input_Payload = Array<{  DateOfBirth?: String,   MiddelInitial?: String,   FirstName?: String,   CustomerId?: Number,   LastName?: String,   _?: Any}>

]]></types:shape>
    </types:type>
    <types:type name="auto_fdd59b45-d518-4af7-b692-cdcf50f04241_Input-Attributes" format="java">
      <types:shape format="weave" example="weave/autogenerated/fdd59b45-d518-4af7-b692-cdcf50f04241/Input-Attributes.wev" autogeneratedOrigin="d4a372c8-b4be-45ab-bd4b-5e6bb63d92b3"><![CDATA[%dw 2.0

type auto_fdd59b45_d518_4af7_b692_cdcf50f04241_Input_Attributes = Null

]]></types:shape>
    </types:type>
    <types:type name="auto_fdd59b45-d518-4af7-b692-cdcf50f04241_Input-Variables-outboundHeaders" format="java">
      <types:shape format="weave" example="weave/autogenerated/fdd59b45-d518-4af7-b692-cdcf50f04241/Input-Variables-outboundHeaders.wev" autogeneratedOrigin="d4a372c8-b4be-45ab-bd4b-5e6bb63d92b3"><![CDATA[%dw 2.0

type auto_fdd59b45_d518_4af7_b692_cdcf50f04241_Input_Variables_outboundHeaders = {|  |}

]]></types:shape>
    </types:type>
    <types:type name="auto_fdd59b45-d518-4af7-b692-cdcf50f04241_Input-Variables-updateQuery" format="java">
      <types:shape format="weave" example="weave/autogenerated/fdd59b45-d518-4af7-b692-cdcf50f04241/Input-Variables-updateQuery.wev" autogeneratedOrigin="d4a372c8-b4be-45ab-bd4b-5e6bb63d92b3"><![CDATA[%dw 2.0

type auto_fdd59b45_d518_4af7_b692_cdcf50f04241_Input_Variables_updateQuery = Any

]]></types:shape>
    </types:type>
    <types:type name="auto_fdd59b45-d518-4af7-b692-cdcf50f04241_Input-Variables-updatePayload" format="json">
      <types:shape format="weave" example="weave/autogenerated/fdd59b45-d518-4af7-b692-cdcf50f04241/Input-Variables-updatePayload.wev" autogeneratedOrigin="d4a372c8-b4be-45ab-bd4b-5e6bb63d92b3"><![CDATA[%dw 2.0

type auto_fdd59b45_d518_4af7_b692_cdcf50f04241_Input_Variables_updatePayload = {|
  jobId: Null, 
  jTitle?: Array<Any>, 
  jDescription?: Array<Any>, 
  jLocation?: Array<Any>, 
  cName?: Array<Any>, 
  jType?: Array<Any>, 
  salaryRange?: Array<Any>, 
  applicationDeadline?: Array<Any>, 
  expLevel?: Array<Any>, 
  skillAndQual?: Array<Any>, 
  jStatus?: Array<Any>, 
  createdDate?: Array<Any>, 
  add1?: Array<Any>, 
  add2?: Array<Any>, 
  add3?: Array<Any>, 
  add4?: Array<Any>
|}

]]></types:shape>
    </types:type>
    <types:type name="auto_fdd59b45-d518-4af7-b692-cdcf50f04241_Input-Variables-httpStatus" format="java">
      <types:shape format="raml" autogeneratedOrigin="d4a372c8-b4be-45ab-bd4b-5e6bb63d92b3"><![CDATA[#%RAML 1.0 DataType
type: string]]></types:shape>
    </types:type>
    <types:type name="auto_fdd59b45-d518-4af7-b692-cdcf50f04241_Input-Variables-query" format="json">
      <types:shape format="weave" example="weave/autogenerated/fdd59b45-d518-4af7-b692-cdcf50f04241/Input-Variables-query.wev" autogeneratedOrigin="d4a372c8-b4be-45ab-bd4b-5e6bb63d92b3"><![CDATA[%dw 2.0

type auto_fdd59b45_d518_4af7_b692_cdcf50f04241_Input_Variables_query = String

]]></types:shape>
    </types:type>
    <types:type name="auto_fdd59b45-d518-4af7-b692-cdcf50f04241_Input-Variables-customerId" format="json">
      <types:shape format="weave" example="weave/autogenerated/fdd59b45-d518-4af7-b692-cdcf50f04241/Input-Variables-customerId.wev" autogeneratedOrigin="d4a372c8-b4be-45ab-bd4b-5e6bb63d92b3"><![CDATA[%dw 2.0

type auto_fdd59b45_d518_4af7_b692_cdcf50f04241_Input_Variables_customerId = Number

]]></types:shape>
    </types:type>
    <types:type name="auto_fdd59b45-d518-4af7-b692-cdcf50f04241_Input-Variables-inputParams" format="json">
      <types:shape format="weave" example="weave/autogenerated/fdd59b45-d518-4af7-b692-cdcf50f04241/Input-Variables-inputParams.wev" autogeneratedOrigin="d4a372c8-b4be-45ab-bd4b-5e6bb63d92b3"><![CDATA[%dw 2.0

type auto_fdd59b45_d518_4af7_b692_cdcf50f04241_Input_Variables_inputParams = {| customerId: Null |}

]]></types:shape>
    </types:type>
    <types:type name="auto_fdd59b45-d518-4af7-b692-cdcf50f04241_Input-Variables-customerPayload" format="java">
      <types:shape format="weave" example="weave/autogenerated/fdd59b45-d518-4af7-b692-cdcf50f04241/Input-Variables-customerPayload.wev" autogeneratedOrigin="d4a372c8-b4be-45ab-bd4b-5e6bb63d92b3"><![CDATA[%dw 2.0

type auto_fdd59b45_d518_4af7_b692_cdcf50f04241_Input_Variables_customerPayload = Any

]]></types:shape>
    </types:type>
    <types:type name="auto_fdd59b45-d518-4af7-b692-cdcf50f04241_Input-Variables-jobListingPayload" format="java">
      <types:shape format="weave" example="weave/autogenerated/fdd59b45-d518-4af7-b692-cdcf50f04241/Input-Variables-jobListingPayload.wev" autogeneratedOrigin="d4a372c8-b4be-45ab-bd4b-5e6bb63d92b3"><![CDATA[%dw 2.0

type auto_fdd59b45_d518_4af7_b692_cdcf50f04241_Input_Variables_jobListingPayload = Any

]]></types:shape>
    </types:type>
    <types:type name="auto_fdd59b45-d518-4af7-b692-cdcf50f04241_Input-Variables-select_payload" format="java">
      <types:shape format="weave" example="weave/autogenerated/fdd59b45-d518-4af7-b692-cdcf50f04241/payload.wev" autogeneratedOrigin="d4a372c8-b4be-45ab-bd4b-5e6bb63d92b3"><![CDATA[%dw 2.0

type auto_fdd59b45_d518_4af7_b692_cdcf50f04241_Input_Variables_select_payload = Array<{ _?: java_lang_Object }>
type java_lang_Object = {|  |} {"typeAlias": "Object",
"class": "java.lang.Object",
"typeId": "java.lang.Object"}



]]></types:shape>
    </types:type>
    <types:type name="auto_fdd59b45-d518-4af7-b692-cdcf50f04241_Output-Payload" format="java">
      <types:shape format="weave" example="weave/autogenerated/fdd59b45-d518-4af7-b692-cdcf50f04241/Output-Payload.wev" autogeneratedOrigin="d4a372c8-b4be-45ab-bd4b-5e6bb63d92b3"><![CDATA[%dw 2.0

type auto_fdd59b45_d518_4af7_b692_cdcf50f04241_Output_Payload = {|
  affectedRows?: Number, 
  generatedKeys?: { _?: Number }
|} {"typeAlias": "StatementResult",
"typeId": "org.mule.extension.db.api.StatementResult"}

]]></types:shape>
    </types:type>
    <types:type name="auto_fdd59b45-d518-4af7-b692-cdcf50f04241_Output-Attributes" format="java">
      <types:shape format="weave" example="weave/autogenerated/fdd59b45-d518-4af7-b692-cdcf50f04241/Output-Attributes.wev" autogeneratedOrigin="d4a372c8-b4be-45ab-bd4b-5e6bb63d92b3"><![CDATA[%dw 2.0

type auto_fdd59b45_d518_4af7_b692_cdcf50f04241_Output_Attributes = Null

]]></types:shape>
    </types:type>
    <types:type name="auto_fdd59b45-d518-4af7-b692-cdcf50f04241_Output-Variables-outboundHeaders" format="java">
      <types:shape format="weave" example="weave/autogenerated/fdd59b45-d518-4af7-b692-cdcf50f04241/Output-Variables-outboundHeaders.wev" autogeneratedOrigin="d4a372c8-b4be-45ab-bd4b-5e6bb63d92b3"><![CDATA[%dw 2.0

type auto_fdd59b45_d518_4af7_b692_cdcf50f04241_Output_Variables_outboundHeaders = {|  |}

]]></types:shape>
    </types:type>
    <types:type name="auto_fdd59b45-d518-4af7-b692-cdcf50f04241_Output-Variables-updateQuery" format="java">
      <types:shape format="weave" example="weave/autogenerated/fdd59b45-d518-4af7-b692-cdcf50f04241/Output-Variables-updateQuery.wev" autogeneratedOrigin="d4a372c8-b4be-45ab-bd4b-5e6bb63d92b3"><![CDATA[%dw 2.0

type auto_fdd59b45_d518_4af7_b692_cdcf50f04241_Output_Variables_updateQuery = Any

]]></types:shape>
    </types:type>
    <types:type name="auto_fdd59b45-d518-4af7-b692-cdcf50f04241_Output-Variables-updatePayload" format="json">
      <types:shape format="weave" example="weave/autogenerated/fdd59b45-d518-4af7-b692-cdcf50f04241/Output-Variables-updatePayload.wev" autogeneratedOrigin="d4a372c8-b4be-45ab-bd4b-5e6bb63d92b3"><![CDATA[%dw 2.0

type auto_fdd59b45_d518_4af7_b692_cdcf50f04241_Output_Variables_updatePayload = {|
  jobId: Null, 
  jTitle?: Array<Any>, 
  jDescription?: Array<Any>, 
  jLocation?: Array<Any>, 
  cName?: Array<Any>, 
  jType?: Array<Any>, 
  salaryRange?: Array<Any>, 
  applicationDeadline?: Array<Any>, 
  expLevel?: Array<Any>, 
  skillAndQual?: Array<Any>, 
  jStatus?: Array<Any>, 
  createdDate?: Array<Any>, 
  add1?: Array<Any>, 
  add2?: Array<Any>, 
  add3?: Array<Any>, 
  add4?: Array<Any>
|}

]]></types:shape>
    </types:type>
    <types:type name="auto_fdd59b45-d518-4af7-b692-cdcf50f04241_Output-Variables-httpStatus" format="java">
      <types:shape format="raml" autogeneratedOrigin="d4a372c8-b4be-45ab-bd4b-5e6bb63d92b3"><![CDATA[#%RAML 1.0 DataType
type: string]]></types:shape>
    </types:type>
    <types:type name="auto_fdd59b45-d518-4af7-b692-cdcf50f04241_Output-Variables-query" format="json">
      <types:shape format="weave" example="weave/autogenerated/fdd59b45-d518-4af7-b692-cdcf50f04241/Output-Variables-query.wev" autogeneratedOrigin="d4a372c8-b4be-45ab-bd4b-5e6bb63d92b3"><![CDATA[%dw 2.0

type auto_fdd59b45_d518_4af7_b692_cdcf50f04241_Output_Variables_query = String

]]></types:shape>
    </types:type>
    <types:type name="auto_fdd59b45-d518-4af7-b692-cdcf50f04241_Output-Variables-customerId" format="json">
      <types:shape format="weave" example="weave/autogenerated/fdd59b45-d518-4af7-b692-cdcf50f04241/Output-Variables-customerId.wev" autogeneratedOrigin="d4a372c8-b4be-45ab-bd4b-5e6bb63d92b3"><![CDATA[%dw 2.0

type auto_fdd59b45_d518_4af7_b692_cdcf50f04241_Output_Variables_customerId = Number

]]></types:shape>
    </types:type>
    <types:type name="auto_fdd59b45-d518-4af7-b692-cdcf50f04241_Output-Variables-inputParams" format="json">
      <types:shape format="weave" example="weave/autogenerated/fdd59b45-d518-4af7-b692-cdcf50f04241/Output-Variables-inputParams.wev" autogeneratedOrigin="d4a372c8-b4be-45ab-bd4b-5e6bb63d92b3"><![CDATA[%dw 2.0

type auto_fdd59b45_d518_4af7_b692_cdcf50f04241_Output_Variables_inputParams = {| customerId: Null |}

]]></types:shape>
    </types:type>
    <types:type name="auto_fdd59b45-d518-4af7-b692-cdcf50f04241_Output-Variables-customerPayload" format="java">
      <types:shape format="weave" example="weave/autogenerated/fdd59b45-d518-4af7-b692-cdcf50f04241/Output-Variables-customerPayload.wev" autogeneratedOrigin="d4a372c8-b4be-45ab-bd4b-5e6bb63d92b3"><![CDATA[%dw 2.0

type auto_fdd59b45_d518_4af7_b692_cdcf50f04241_Output_Variables_customerPayload = Any

]]></types:shape>
    </types:type>
    <types:type name="auto_fdd59b45-d518-4af7-b692-cdcf50f04241_Output-Variables-jobListingPayload" format="java">
      <types:shape format="weave" example="weave/autogenerated/fdd59b45-d518-4af7-b692-cdcf50f04241/Output-Variables-jobListingPayload.wev" autogeneratedOrigin="d4a372c8-b4be-45ab-bd4b-5e6bb63d92b3"><![CDATA[%dw 2.0

type auto_fdd59b45_d518_4af7_b692_cdcf50f04241_Output_Variables_jobListingPayload = Any

]]></types:shape>
    </types:type>
    <types:type name="auto_fdd59b45-d518-4af7-b692-cdcf50f04241_Output-Variables-select_payload" format="java">
      <types:shape format="weave" example="weave/autogenerated/fdd59b45-d518-4af7-b692-cdcf50f04241/payload.wev" autogeneratedOrigin="d4a372c8-b4be-45ab-bd4b-5e6bb63d92b3"><![CDATA[%dw 2.0

type auto_fdd59b45_d518_4af7_b692_cdcf50f04241_Output_Variables_select_payload = Array<{ _?: java_lang_Object }>
type java_lang_Object = {|  |} {"typeAlias": "Object",
"class": "java.lang.Object",
"typeId": "java.lang.Object"}



]]></types:shape>
    </types:type>
    <types:type name="auto_354ca368-1a8d-4b73-a423-29499d39a4c0_Input-Payload" format="json">
      <types:shape format="weave" example="weave/autogenerated/354ca368-1a8d-4b73-a423-29499d39a4c0/Input-Payload.wev" autogeneratedOrigin="baed5ecf-1404-4a2e-9867-712c4f0c85b7"><![CDATA[%dw 2.0

type auto_354ca368_1a8d_4b73_a423_29499d39a4c0_Input_Payload = Array<{  DateOfBirth?: String,   MiddelInitial?: String,   FirstName?: String,   CustomerId?: Number,   LastName?: String,   _?: Any}>

]]></types:shape>
    </types:type>
    <types:type name="auto_354ca368-1a8d-4b73-a423-29499d39a4c0_Input-Attributes" format="java">
      <types:shape format="weave" example="weave/autogenerated/354ca368-1a8d-4b73-a423-29499d39a4c0/Input-Attributes.wev" autogeneratedOrigin="baed5ecf-1404-4a2e-9867-712c4f0c85b7"><![CDATA[%dw 2.0

type auto_354ca368_1a8d_4b73_a423_29499d39a4c0_Input_Attributes = Null

]]></types:shape>
    </types:type>
    <types:type name="auto_354ca368-1a8d-4b73-a423-29499d39a4c0_Input-Variables-outboundHeaders" format="java">
      <types:shape format="weave" example="weave/autogenerated/354ca368-1a8d-4b73-a423-29499d39a4c0/Input-Variables-outboundHeaders.wev" autogeneratedOrigin="baed5ecf-1404-4a2e-9867-712c4f0c85b7"><![CDATA[%dw 2.0

type auto_354ca368_1a8d_4b73_a423_29499d39a4c0_Input_Variables_outboundHeaders = {|  |}

]]></types:shape>
    </types:type>
    <types:type name="auto_354ca368-1a8d-4b73-a423-29499d39a4c0_Input-Variables-updateQuery" format="java">
      <types:shape format="weave" example="weave/autogenerated/354ca368-1a8d-4b73-a423-29499d39a4c0/Input-Variables-updateQuery.wev" autogeneratedOrigin="baed5ecf-1404-4a2e-9867-712c4f0c85b7"><![CDATA[%dw 2.0

type auto_354ca368_1a8d_4b73_a423_29499d39a4c0_Input_Variables_updateQuery = Any

]]></types:shape>
    </types:type>
    <types:type name="auto_354ca368-1a8d-4b73-a423-29499d39a4c0_Input-Variables-updatePayload" format="json">
      <types:shape format="weave" example="weave/autogenerated/354ca368-1a8d-4b73-a423-29499d39a4c0/Input-Variables-updatePayload.wev" autogeneratedOrigin="baed5ecf-1404-4a2e-9867-712c4f0c85b7"><![CDATA[%dw 2.0

type auto_354ca368_1a8d_4b73_a423_29499d39a4c0_Input_Variables_updatePayload = {|
  jobId: Null, 
  jTitle?: Array<Any>, 
  jDescription?: Array<Any>, 
  jLocation?: Array<Any>, 
  cName?: Array<Any>, 
  jType?: Array<Any>, 
  salaryRange?: Array<Any>, 
  applicationDeadline?: Array<Any>, 
  expLevel?: Array<Any>, 
  skillAndQual?: Array<Any>, 
  jStatus?: Array<Any>, 
  createdDate?: Array<Any>, 
  add1?: Array<Any>, 
  add2?: Array<Any>, 
  add3?: Array<Any>, 
  add4?: Array<Any>
|}

]]></types:shape>
    </types:type>
    <types:type name="auto_354ca368-1a8d-4b73-a423-29499d39a4c0_Input-Variables-httpStatus" format="java">
      <types:shape format="raml" autogeneratedOrigin="baed5ecf-1404-4a2e-9867-712c4f0c85b7"><![CDATA[#%RAML 1.0 DataType
type: string]]></types:shape>
    </types:type>
    <types:type name="auto_354ca368-1a8d-4b73-a423-29499d39a4c0_Input-Variables-query" format="json">
      <types:shape format="weave" example="weave/autogenerated/354ca368-1a8d-4b73-a423-29499d39a4c0/Input-Variables-query.wev" autogeneratedOrigin="baed5ecf-1404-4a2e-9867-712c4f0c85b7"><![CDATA[%dw 2.0

type auto_354ca368_1a8d_4b73_a423_29499d39a4c0_Input_Variables_query = String

]]></types:shape>
    </types:type>
    <types:type name="auto_354ca368-1a8d-4b73-a423-29499d39a4c0_Input-Variables-customerId" format="json">
      <types:shape format="weave" example="weave/autogenerated/354ca368-1a8d-4b73-a423-29499d39a4c0/Input-Variables-customerId.wev" autogeneratedOrigin="baed5ecf-1404-4a2e-9867-712c4f0c85b7"><![CDATA[%dw 2.0

type auto_354ca368_1a8d_4b73_a423_29499d39a4c0_Input_Variables_customerId = Number

]]></types:shape>
    </types:type>
    <types:type name="auto_354ca368-1a8d-4b73-a423-29499d39a4c0_Input-Variables-inputParams" format="json">
      <types:shape format="weave" example="weave/autogenerated/354ca368-1a8d-4b73-a423-29499d39a4c0/Input-Variables-inputParams.wev" autogeneratedOrigin="baed5ecf-1404-4a2e-9867-712c4f0c85b7"><![CDATA[%dw 2.0

type auto_354ca368_1a8d_4b73_a423_29499d39a4c0_Input_Variables_inputParams = {| customerId: Null |}

]]></types:shape>
    </types:type>
    <types:type name="auto_354ca368-1a8d-4b73-a423-29499d39a4c0_Input-Variables-customerPayload" format="java">
      <types:shape format="weave" example="weave/autogenerated/354ca368-1a8d-4b73-a423-29499d39a4c0/Input-Variables-customerPayload.wev" autogeneratedOrigin="baed5ecf-1404-4a2e-9867-712c4f0c85b7"><![CDATA[%dw 2.0

type auto_354ca368_1a8d_4b73_a423_29499d39a4c0_Input_Variables_customerPayload = Any

]]></types:shape>
    </types:type>
    <types:type name="auto_354ca368-1a8d-4b73-a423-29499d39a4c0_Input-Variables-jobListingPayload" format="java">
      <types:shape format="weave" example="weave/autogenerated/354ca368-1a8d-4b73-a423-29499d39a4c0/Input-Variables-jobListingPayload.wev" autogeneratedOrigin="baed5ecf-1404-4a2e-9867-712c4f0c85b7"><![CDATA[%dw 2.0

type auto_354ca368_1a8d_4b73_a423_29499d39a4c0_Input_Variables_jobListingPayload = Any

]]></types:shape>
    </types:type>
    <types:type name="auto_354ca368-1a8d-4b73-a423-29499d39a4c0_Input-Variables-select_payload" format="java">
      <types:shape format="weave" example="weave/autogenerated/354ca368-1a8d-4b73-a423-29499d39a4c0/payload.wev" autogeneratedOrigin="baed5ecf-1404-4a2e-9867-712c4f0c85b7"><![CDATA[%dw 2.0

type auto_354ca368_1a8d_4b73_a423_29499d39a4c0_Input_Variables_select_payload = Array<{ _?: java_lang_Object }>
type java_lang_Object = {|  |} {"typeAlias": "Object",
"class": "java.lang.Object",
"typeId": "java.lang.Object"}



]]></types:shape>
    </types:type>
    <types:type name="auto_354ca368-1a8d-4b73-a423-29499d39a4c0_Output-Payload" format="java">
      <types:shape format="weave" example="weave/autogenerated/354ca368-1a8d-4b73-a423-29499d39a4c0/Output-Payload.wev" autogeneratedOrigin="baed5ecf-1404-4a2e-9867-712c4f0c85b7"><![CDATA[%dw 2.0

type auto_354ca368_1a8d_4b73_a423_29499d39a4c0_Output_Payload = {|
  affectedRows?: Number, 
  generatedKeys?: { _?: Number }
|} {"typeAlias": "StatementResult",
"typeId": "org.mule.extension.db.api.StatementResult"}

]]></types:shape>
    </types:type>
    <types:type name="auto_354ca368-1a8d-4b73-a423-29499d39a4c0_Output-Attributes" format="java">
      <types:shape format="weave" example="weave/autogenerated/354ca368-1a8d-4b73-a423-29499d39a4c0/Output-Attributes.wev" autogeneratedOrigin="baed5ecf-1404-4a2e-9867-712c4f0c85b7"><![CDATA[%dw 2.0

type auto_354ca368_1a8d_4b73_a423_29499d39a4c0_Output_Attributes = Null

]]></types:shape>
    </types:type>
    <types:type name="auto_354ca368-1a8d-4b73-a423-29499d39a4c0_Output-Variables-outboundHeaders" format="java">
      <types:shape format="weave" example="weave/autogenerated/354ca368-1a8d-4b73-a423-29499d39a4c0/Output-Variables-outboundHeaders.wev" autogeneratedOrigin="baed5ecf-1404-4a2e-9867-712c4f0c85b7"><![CDATA[%dw 2.0

type auto_354ca368_1a8d_4b73_a423_29499d39a4c0_Output_Variables_outboundHeaders = {|  |}

]]></types:shape>
    </types:type>
    <types:type name="auto_354ca368-1a8d-4b73-a423-29499d39a4c0_Output-Variables-updateQuery" format="java">
      <types:shape format="weave" example="weave/autogenerated/354ca368-1a8d-4b73-a423-29499d39a4c0/Output-Variables-updateQuery.wev" autogeneratedOrigin="baed5ecf-1404-4a2e-9867-712c4f0c85b7"><![CDATA[%dw 2.0

type auto_354ca368_1a8d_4b73_a423_29499d39a4c0_Output_Variables_updateQuery = Any

]]></types:shape>
    </types:type>
    <types:type name="auto_354ca368-1a8d-4b73-a423-29499d39a4c0_Output-Variables-updatePayload" format="json">
      <types:shape format="weave" example="weave/autogenerated/354ca368-1a8d-4b73-a423-29499d39a4c0/Output-Variables-updatePayload.wev" autogeneratedOrigin="baed5ecf-1404-4a2e-9867-712c4f0c85b7"><![CDATA[%dw 2.0

type auto_354ca368_1a8d_4b73_a423_29499d39a4c0_Output_Variables_updatePayload = {|
  jobId: Null, 
  jTitle?: Array<Any>, 
  jDescription?: Array<Any>, 
  jLocation?: Array<Any>, 
  cName?: Array<Any>, 
  jType?: Array<Any>, 
  salaryRange?: Array<Any>, 
  applicationDeadline?: Array<Any>, 
  expLevel?: Array<Any>, 
  skillAndQual?: Array<Any>, 
  jStatus?: Array<Any>, 
  createdDate?: Array<Any>, 
  add1?: Array<Any>, 
  add2?: Array<Any>, 
  add3?: Array<Any>, 
  add4?: Array<Any>
|}

]]></types:shape>
    </types:type>
    <types:type name="auto_354ca368-1a8d-4b73-a423-29499d39a4c0_Output-Variables-httpStatus" format="java">
      <types:shape format="raml" autogeneratedOrigin="baed5ecf-1404-4a2e-9867-712c4f0c85b7"><![CDATA[#%RAML 1.0 DataType
type: string]]></types:shape>
    </types:type>
    <types:type name="auto_354ca368-1a8d-4b73-a423-29499d39a4c0_Output-Variables-query" format="json">
      <types:shape format="weave" example="weave/autogenerated/354ca368-1a8d-4b73-a423-29499d39a4c0/Output-Variables-query.wev" autogeneratedOrigin="baed5ecf-1404-4a2e-9867-712c4f0c85b7"><![CDATA[%dw 2.0

type auto_354ca368_1a8d_4b73_a423_29499d39a4c0_Output_Variables_query = String

]]></types:shape>
    </types:type>
    <types:type name="auto_354ca368-1a8d-4b73-a423-29499d39a4c0_Output-Variables-customerId" format="json">
      <types:shape format="weave" example="weave/autogenerated/354ca368-1a8d-4b73-a423-29499d39a4c0/Output-Variables-customerId.wev" autogeneratedOrigin="baed5ecf-1404-4a2e-9867-712c4f0c85b7"><![CDATA[%dw 2.0

type auto_354ca368_1a8d_4b73_a423_29499d39a4c0_Output_Variables_customerId = Number

]]></types:shape>
    </types:type>
    <types:type name="auto_354ca368-1a8d-4b73-a423-29499d39a4c0_Output-Variables-inputParams" format="json">
      <types:shape format="weave" example="weave/autogenerated/354ca368-1a8d-4b73-a423-29499d39a4c0/Output-Variables-inputParams.wev" autogeneratedOrigin="baed5ecf-1404-4a2e-9867-712c4f0c85b7"><![CDATA[%dw 2.0

type auto_354ca368_1a8d_4b73_a423_29499d39a4c0_Output_Variables_inputParams = {| customerId: Null |}

]]></types:shape>
    </types:type>
    <types:type name="auto_354ca368-1a8d-4b73-a423-29499d39a4c0_Output-Variables-customerPayload" format="java">
      <types:shape format="weave" example="weave/autogenerated/354ca368-1a8d-4b73-a423-29499d39a4c0/Output-Variables-customerPayload.wev" autogeneratedOrigin="baed5ecf-1404-4a2e-9867-712c4f0c85b7"><![CDATA[%dw 2.0

type auto_354ca368_1a8d_4b73_a423_29499d39a4c0_Output_Variables_customerPayload = Any

]]></types:shape>
    </types:type>
    <types:type name="auto_354ca368-1a8d-4b73-a423-29499d39a4c0_Output-Variables-jobListingPayload" format="java">
      <types:shape format="weave" example="weave/autogenerated/354ca368-1a8d-4b73-a423-29499d39a4c0/Output-Variables-jobListingPayload.wev" autogeneratedOrigin="baed5ecf-1404-4a2e-9867-712c4f0c85b7"><![CDATA[%dw 2.0

type auto_354ca368_1a8d_4b73_a423_29499d39a4c0_Output_Variables_jobListingPayload = Any

]]></types:shape>
    </types:type>
    <types:type name="auto_354ca368-1a8d-4b73-a423-29499d39a4c0_Output-Variables-select_payload" format="java">
      <types:shape format="weave" example="weave/autogenerated/354ca368-1a8d-4b73-a423-29499d39a4c0/payload.wev" autogeneratedOrigin="baed5ecf-1404-4a2e-9867-712c4f0c85b7"><![CDATA[%dw 2.0

type auto_354ca368_1a8d_4b73_a423_29499d39a4c0_Output_Variables_select_payload = Array<{ _?: java_lang_Object }>
type java_lang_Object = {|  |} {"typeAlias": "Object",
"class": "java.lang.Object",
"typeId": "java.lang.Object"}



]]></types:shape>
    </types:type>
    <types:type name="auto_b8b66569-2676-4889-acbe-24cd108941dc_Input-Payload" format="java">
      <types:shape format="weave" example="weave/autogenerated/b8b66569-2676-4889-acbe-24cd108941dc/Input-Payload.wev" autogeneratedOrigin="766e83d1-4b2a-427b-a0ef-0f7d519d69f1"><![CDATA[%dw 2.0

type auto_b8b66569_2676_4889_acbe_24cd108941dc_Input_Payload = {|
  jobid: Number, 
  jtitle: String, 
  jdescription: String, 
  jlocation: String, 
  cname: String, 
  jtype: String, 
  salaryrange: String, 
  applicationdeadline: String, 
  explevel: String, 
  skillandqual: String, 
  jstatus: String, 
  createddate: String, 
  add1: String, 
  add2: String, 
  add3: String, 
  add4: String
|}

]]></types:shape>
    </types:type>
    <types:type name="auto_b8b66569-2676-4889-acbe-24cd108941dc_Input-Attributes" format="java">
      <types:shape format="weave" example="weave/autogenerated/b8b66569-2676-4889-acbe-24cd108941dc/Input-Attributes.wev" autogeneratedOrigin="766e83d1-4b2a-427b-a0ef-0f7d519d69f1"><![CDATA[%dw 2.0

type auto_b8b66569_2676_4889_acbe_24cd108941dc_Input_Attributes = Null

]]></types:shape>
    </types:type>
    <types:type name="auto_b8b66569-2676-4889-acbe-24cd108941dc_Input-Variables-dbPayload" format="json">
      <types:shape format="weave" example="weave/autogenerated/b8b66569-2676-4889-acbe-24cd108941dc/Input-Variables-dbPayload.wev" autogeneratedOrigin="766e83d1-4b2a-427b-a0ef-0f7d519d69f1"><![CDATA[%dw 2.0

type auto_b8b66569_2676_4889_acbe_24cd108941dc_Input_Variables_dbPayload = {|
  jobid: Number, 
  jtitle: String, 
  jdescription: String, 
  jlocation: String, 
  cname: String, 
  jtype: String, 
  salaryrange: String, 
  applicationdeadline: String, 
  explevel: String, 
  skillandqual: String, 
  jstatus: String, 
  createddate: String, 
  add1: String, 
  add2: String, 
  add3: String, 
  add4: String
|}

]]></types:shape>
    </types:type>
    <types:type name="auto_b8b66569-2676-4889-acbe-24cd108941dc_Input-Variables-settingRequiredHeaders" format="java">
      <types:shape format="weave" example="weave/autogenerated/b8b66569-2676-4889-acbe-24cd108941dc/Input-Variables-settingRequiredHeaders.wev" autogeneratedOrigin="766e83d1-4b2a-427b-a0ef-0f7d519d69f1"><![CDATA[%dw 2.0

type auto_b8b66569_2676_4889_acbe_24cd108941dc_Input_Variables_settingRequiredHeaders = { _?: String }

]]></types:shape>
    </types:type>
    <types:type name="auto_b8b66569-2676-4889-acbe-24cd108941dc_Input-Variables-correlationId" format="java">
      <types:shape format="raml" autogeneratedOrigin="766e83d1-4b2a-427b-a0ef-0f7d519d69f1"><![CDATA[#%RAML 1.0 DataType
type: string]]></types:shape>
    </types:type>
    <types:type name="auto_b8b66569-2676-4889-acbe-24cd108941dc_Output-Payload" format="java">
      <types:shape format="weave" example="weave/autogenerated/b8b66569-2676-4889-acbe-24cd108941dc/Output-Payload.wev" autogeneratedOrigin="766e83d1-4b2a-427b-a0ef-0f7d519d69f1"><![CDATA[%dw 2.0

type auto_b8b66569_2676_4889_acbe_24cd108941dc_Output_Payload = Any

]]></types:shape>
    </types:type>
    <types:type name="auto_b8b66569-2676-4889-acbe-24cd108941dc_Output-Attributes" format="java">
      <types:shape format="weave" example="weave/autogenerated/b8b66569-2676-4889-acbe-24cd108941dc/Output-Attributes.wev" autogeneratedOrigin="766e83d1-4b2a-427b-a0ef-0f7d519d69f1"><![CDATA[%dw 2.0

type auto_b8b66569_2676_4889_acbe_24cd108941dc_Output_Attributes = {|
  statusCode: Number, 
  reasonPhrase: String, 
  headers: { _?: String }
|} {"typeAlias": "HttpResponseAttributes",
"typeId": "org.mule.extension.http.api.HttpResponseAttributes"}

]]></types:shape>
    </types:type>
    <types:type name="auto_b8b66569-2676-4889-acbe-24cd108941dc_Output-Variables-dbPayload" format="json">
      <types:shape format="weave" example="weave/autogenerated/b8b66569-2676-4889-acbe-24cd108941dc/Output-Variables-dbPayload.wev" autogeneratedOrigin="766e83d1-4b2a-427b-a0ef-0f7d519d69f1"><![CDATA[%dw 2.0

type auto_b8b66569_2676_4889_acbe_24cd108941dc_Output_Variables_dbPayload = {|
  jobid: Number, 
  jtitle: String, 
  jdescription: String, 
  jlocation: String, 
  cname: String, 
  jtype: String, 
  salaryrange: String, 
  applicationdeadline: String, 
  explevel: String, 
  skillandqual: String, 
  jstatus: String, 
  createddate: String, 
  add1: String, 
  add2: String, 
  add3: String, 
  add4: String
|}

]]></types:shape>
    </types:type>
    <types:type name="auto_b8b66569-2676-4889-acbe-24cd108941dc_Output-Variables-settingRequiredHeaders" format="java">
      <types:shape format="weave" example="weave/autogenerated/b8b66569-2676-4889-acbe-24cd108941dc/Output-Variables-settingRequiredHeaders.wev" autogeneratedOrigin="766e83d1-4b2a-427b-a0ef-0f7d519d69f1"><![CDATA[%dw 2.0

type auto_b8b66569_2676_4889_acbe_24cd108941dc_Output_Variables_settingRequiredHeaders = { _?: String }

]]></types:shape>
    </types:type>
    <types:type name="auto_b8b66569-2676-4889-acbe-24cd108941dc_Output-Variables-correlationId" format="java">
      <types:shape format="raml" autogeneratedOrigin="766e83d1-4b2a-427b-a0ef-0f7d519d69f1"><![CDATA[#%RAML 1.0 DataType
type: string]]></types:shape>
    </types:type>
    <types:type name="auto_9071b842-1583-40ec-a6e0-b6c32b86f270_Input-Payload" format="java">
      <types:shape format="weave" example="weave/autogenerated/9071b842-1583-40ec-a6e0-b6c32b86f270/Input-Payload.wev" autogeneratedOrigin="3b495e3a-8b67-4db0-a1a9-475e33abc624"><![CDATA[%dw 2.0

type auto_9071b842_1583_40ec_a6e0_b6c32b86f270_Input_Payload = Any

]]></types:shape>
    </types:type>
    <types:type name="auto_9071b842-1583-40ec-a6e0-b6c32b86f270_Input-Attributes" format="java">
      <types:shape format="weave" example="weave/autogenerated/9071b842-1583-40ec-a6e0-b6c32b86f270/Input-Attributes.wev" autogeneratedOrigin="3b495e3a-8b67-4db0-a1a9-475e33abc624"><![CDATA[%dw 2.0

type auto_9071b842_1583_40ec_a6e0_b6c32b86f270_Input_Attributes = {|
  statusCode: Number, 
  reasonPhrase: String, 
  headers: { _?: String }
|} {"typeAlias": "HttpResponseAttributes",
"typeId": "org.mule.extension.http.api.HttpResponseAttributes"}

]]></types:shape>
    </types:type>
    <types:type name="auto_9071b842-1583-40ec-a6e0-b6c32b86f270_Input-Variables-dbPayload" format="json">
      <types:shape format="weave" example="weave/autogenerated/9071b842-1583-40ec-a6e0-b6c32b86f270/Input-Variables-dbPayload.wev" autogeneratedOrigin="3b495e3a-8b67-4db0-a1a9-475e33abc624"><![CDATA[%dw 2.0

type auto_9071b842_1583_40ec_a6e0_b6c32b86f270_Input_Variables_dbPayload = {|
  jobid: Number, 
  jtitle: String, 
  jdescription: String, 
  jlocation: String, 
  cname: String, 
  jtype: String, 
  salaryrange: String, 
  applicationdeadline: String, 
  explevel: String, 
  skillandqual: String, 
  jstatus: String, 
  createddate: String, 
  add1: String, 
  add2: String, 
  add3: String, 
  add4: String
|}

]]></types:shape>
    </types:type>
    <types:type name="auto_9071b842-1583-40ec-a6e0-b6c32b86f270_Input-Variables-settingRequiredHeaders" format="java">
      <types:shape format="weave" example="weave/autogenerated/9071b842-1583-40ec-a6e0-b6c32b86f270/Input-Variables-settingRequiredHeaders.wev" autogeneratedOrigin="3b495e3a-8b67-4db0-a1a9-475e33abc624"><![CDATA[%dw 2.0

type auto_9071b842_1583_40ec_a6e0_b6c32b86f270_Input_Variables_settingRequiredHeaders = { _?: String }

]]></types:shape>
    </types:type>
    <types:type name="auto_9071b842-1583-40ec-a6e0-b6c32b86f270_Input-Variables-correlationId" format="java">
      <types:shape format="raml" autogeneratedOrigin="3b495e3a-8b67-4db0-a1a9-475e33abc624"><![CDATA[#%RAML 1.0 DataType
type: string]]></types:shape>
    </types:type>
    <types:type name="auto_9071b842-1583-40ec-a6e0-b6c32b86f270_Input-Variables-body" format="json">
      <types:shape format="weave" example="weave/autogenerated/9071b842-1583-40ec-a6e0-b6c32b86f270/Input-Variables-body.wev" autogeneratedOrigin="3b495e3a-8b67-4db0-a1a9-475e33abc624"><![CDATA[%dw 2.0

type auto_9071b842_1583_40ec_a6e0_b6c32b86f270_Input_Variables_body = {|
  jobId: Number, 
  jTitle: String, 
  jDescription: String, 
  jLocation: String, 
  cName: String, 
  jType: String, 
  applicationDeadline: String, 
  expLevel: String, 
  skillAndQual: String, 
  jStatus: String
|}

]]></types:shape>
    </types:type>
    <types:type name="auto_9071b842-1583-40ec-a6e0-b6c32b86f270_Output-Payload" format="java">
      <types:shape format="weave" example="weave/autogenerated/9071b842-1583-40ec-a6e0-b6c32b86f270/Output-Payload.wev" autogeneratedOrigin="3b495e3a-8b67-4db0-a1a9-475e33abc624"><![CDATA[%dw 2.0

type auto_9071b842_1583_40ec_a6e0_b6c32b86f270_Output_Payload = Any

]]></types:shape>
    </types:type>
    <types:type name="auto_9071b842-1583-40ec-a6e0-b6c32b86f270_Output-Attributes" format="java">
      <types:shape format="weave" example="weave/autogenerated/9071b842-1583-40ec-a6e0-b6c32b86f270/Output-Attributes.wev" autogeneratedOrigin="3b495e3a-8b67-4db0-a1a9-475e33abc624"><![CDATA[%dw 2.0

type auto_9071b842_1583_40ec_a6e0_b6c32b86f270_Output_Attributes = {|
  statusCode: Number, 
  reasonPhrase: String, 
  headers: { _?: String }
|} {"typeAlias": "HttpResponseAttributes",
"typeId": "org.mule.extension.http.api.HttpResponseAttributes"}

]]></types:shape>
    </types:type>
    <types:type name="auto_9071b842-1583-40ec-a6e0-b6c32b86f270_Output-Variables-dbPayload" format="json">
      <types:shape format="weave" example="weave/autogenerated/9071b842-1583-40ec-a6e0-b6c32b86f270/Output-Variables-dbPayload.wev" autogeneratedOrigin="3b495e3a-8b67-4db0-a1a9-475e33abc624"><![CDATA[%dw 2.0

type auto_9071b842_1583_40ec_a6e0_b6c32b86f270_Output_Variables_dbPayload = {|
  jobid: Number, 
  jtitle: String, 
  jdescription: String, 
  jlocation: String, 
  cname: String, 
  jtype: String, 
  salaryrange: String, 
  applicationdeadline: String, 
  explevel: String, 
  skillandqual: String, 
  jstatus: String, 
  createddate: String, 
  add1: String, 
  add2: String, 
  add3: String, 
  add4: String
|}

]]></types:shape>
    </types:type>
    <types:type name="auto_9071b842-1583-40ec-a6e0-b6c32b86f270_Output-Variables-settingRequiredHeaders" format="java">
      <types:shape format="weave" example="weave/autogenerated/9071b842-1583-40ec-a6e0-b6c32b86f270/Output-Variables-settingRequiredHeaders.wev" autogeneratedOrigin="3b495e3a-8b67-4db0-a1a9-475e33abc624"><![CDATA[%dw 2.0

type auto_9071b842_1583_40ec_a6e0_b6c32b86f270_Output_Variables_settingRequiredHeaders = { _?: String }

]]></types:shape>
    </types:type>
    <types:type name="auto_9071b842-1583-40ec-a6e0-b6c32b86f270_Output-Variables-correlationId" format="java">
      <types:shape format="raml" autogeneratedOrigin="3b495e3a-8b67-4db0-a1a9-475e33abc624"><![CDATA[#%RAML 1.0 DataType
type: string]]></types:shape>
    </types:type>
    <types:type name="auto_9071b842-1583-40ec-a6e0-b6c32b86f270_Output-Variables-body" format="json">
      <types:shape format="weave" example="weave/autogenerated/9071b842-1583-40ec-a6e0-b6c32b86f270/Output-Variables-body.wev" autogeneratedOrigin="3b495e3a-8b67-4db0-a1a9-475e33abc624"><![CDATA[%dw 2.0

type auto_9071b842_1583_40ec_a6e0_b6c32b86f270_Output_Variables_body = {|
  jobId: Number, 
  jTitle: String, 
  jDescription: String, 
  jLocation: String, 
  cName: String, 
  jType: String, 
  applicationDeadline: String, 
  expLevel: String, 
  skillAndQual: String, 
  jStatus: String
|}

]]></types:shape>
    </types:type>
    <types:type name="auto_45227114-1a3b-4444-9964-94ec243d8eaa_Input-Payload" format="java">
      <types:shape format="weave" example="weave/autogenerated/45227114-1a3b-4444-9964-94ec243d8eaa/Input-Payload.wev" autogeneratedOrigin="f991e546-8584-43ff-8050-2bdd4b5a7997"><![CDATA[%dw 2.0

type auto_45227114_1a3b_4444_9964_94ec243d8eaa_Input_Payload = Any

]]></types:shape>
    </types:type>
    <types:type name="auto_45227114-1a3b-4444-9964-94ec243d8eaa_Input-Attributes" format="java">
      <types:shape format="weave" example="weave/autogenerated/45227114-1a3b-4444-9964-94ec243d8eaa/Input-Attributes.wev" autogeneratedOrigin="f991e546-8584-43ff-8050-2bdd4b5a7997"><![CDATA[%dw 2.0

type auto_45227114_1a3b_4444_9964_94ec243d8eaa_Input_Attributes = {|
  statusCode: Number, 
  reasonPhrase: String, 
  headers: { _?: String }
|} {"typeAlias": "HttpResponseAttributes",
"typeId": "org.mule.extension.http.api.HttpResponseAttributes"}

]]></types:shape>
    </types:type>
    <types:type name="auto_45227114-1a3b-4444-9964-94ec243d8eaa_Input-Variables-dbPayload" format="json">
      <types:shape format="weave" example="weave/autogenerated/45227114-1a3b-4444-9964-94ec243d8eaa/Input-Variables-dbPayload.wev" autogeneratedOrigin="f991e546-8584-43ff-8050-2bdd4b5a7997"><![CDATA[%dw 2.0

type auto_45227114_1a3b_4444_9964_94ec243d8eaa_Input_Variables_dbPayload = {|
  jobid: Number, 
  jtitle: String, 
  jdescription: String, 
  jlocation: String, 
  cname: String, 
  jtype: String, 
  salaryrange: String, 
  applicationdeadline: String, 
  explevel: String, 
  skillandqual: String, 
  jstatus: String, 
  createddate: String, 
  add1: String, 
  add2: String, 
  add3: String, 
  add4: String
|}

]]></types:shape>
    </types:type>
    <types:type name="auto_45227114-1a3b-4444-9964-94ec243d8eaa_Input-Variables-settingRequiredHeaders" format="java">
      <types:shape format="weave" example="weave/autogenerated/45227114-1a3b-4444-9964-94ec243d8eaa/Input-Variables-settingRequiredHeaders.wev" autogeneratedOrigin="f991e546-8584-43ff-8050-2bdd4b5a7997"><![CDATA[%dw 2.0

type auto_45227114_1a3b_4444_9964_94ec243d8eaa_Input_Variables_settingRequiredHeaders = { _?: String }

]]></types:shape>
    </types:type>
    <types:type name="auto_45227114-1a3b-4444-9964-94ec243d8eaa_Input-Variables-correlationId" format="java">
      <types:shape format="raml" autogeneratedOrigin="f991e546-8584-43ff-8050-2bdd4b5a7997"><![CDATA[#%RAML 1.0 DataType
type: string]]></types:shape>
    </types:type>
    <types:type name="auto_45227114-1a3b-4444-9964-94ec243d8eaa_Input-Variables-body" format="json">
      <types:shape format="weave" example="weave/autogenerated/45227114-1a3b-4444-9964-94ec243d8eaa/Input-Variables-body.wev" autogeneratedOrigin="f991e546-8584-43ff-8050-2bdd4b5a7997"><![CDATA[%dw 2.0

type auto_45227114_1a3b_4444_9964_94ec243d8eaa_Input_Variables_body = {|
  jobId: Number, 
  jTitle: String, 
  jDescription: String, 
  jLocation: String, 
  cName: String, 
  jType: String, 
  applicationDeadline: String, 
  expLevel: String, 
  skillAndQual: String, 
  jStatus: String
|}

]]></types:shape>
    </types:type>
    <types:type name="auto_45227114-1a3b-4444-9964-94ec243d8eaa_Output-Payload" format="java">
      <types:shape format="weave" example="weave/autogenerated/45227114-1a3b-4444-9964-94ec243d8eaa/Output-Payload.wev" autogeneratedOrigin="f991e546-8584-43ff-8050-2bdd4b5a7997"><![CDATA[%dw 2.0

type auto_45227114_1a3b_4444_9964_94ec243d8eaa_Output_Payload = Any

]]></types:shape>
    </types:type>
    <types:type name="auto_45227114-1a3b-4444-9964-94ec243d8eaa_Output-Attributes" format="java">
      <types:shape format="weave" example="weave/autogenerated/45227114-1a3b-4444-9964-94ec243d8eaa/Output-Attributes.wev" autogeneratedOrigin="f991e546-8584-43ff-8050-2bdd4b5a7997"><![CDATA[%dw 2.0

type auto_45227114_1a3b_4444_9964_94ec243d8eaa_Output_Attributes = {|
  statusCode: Number, 
  reasonPhrase: String, 
  headers: { _?: String }
|} {"typeAlias": "HttpResponseAttributes",
"typeId": "org.mule.extension.http.api.HttpResponseAttributes"}

]]></types:shape>
    </types:type>
    <types:type name="auto_45227114-1a3b-4444-9964-94ec243d8eaa_Output-Variables-dbPayload" format="json">
      <types:shape format="weave" example="weave/autogenerated/45227114-1a3b-4444-9964-94ec243d8eaa/Output-Variables-dbPayload.wev" autogeneratedOrigin="f991e546-8584-43ff-8050-2bdd4b5a7997"><![CDATA[%dw 2.0

type auto_45227114_1a3b_4444_9964_94ec243d8eaa_Output_Variables_dbPayload = {|
  jobid: Number, 
  jtitle: String, 
  jdescription: String, 
  jlocation: String, 
  cname: String, 
  jtype: String, 
  salaryrange: String, 
  applicationdeadline: String, 
  explevel: String, 
  skillandqual: String, 
  jstatus: String, 
  createddate: String, 
  add1: String, 
  add2: String, 
  add3: String, 
  add4: String
|}

]]></types:shape>
    </types:type>
    <types:type name="auto_45227114-1a3b-4444-9964-94ec243d8eaa_Output-Variables-settingRequiredHeaders" format="java">
      <types:shape format="weave" example="weave/autogenerated/45227114-1a3b-4444-9964-94ec243d8eaa/Output-Variables-settingRequiredHeaders.wev" autogeneratedOrigin="f991e546-8584-43ff-8050-2bdd4b5a7997"><![CDATA[%dw 2.0

type auto_45227114_1a3b_4444_9964_94ec243d8eaa_Output_Variables_settingRequiredHeaders = { _?: String }

]]></types:shape>
    </types:type>
    <types:type name="auto_45227114-1a3b-4444-9964-94ec243d8eaa_Output-Variables-correlationId" format="java">
      <types:shape format="raml" autogeneratedOrigin="f991e546-8584-43ff-8050-2bdd4b5a7997"><![CDATA[#%RAML 1.0 DataType
type: string]]></types:shape>
    </types:type>
    <types:type name="auto_45227114-1a3b-4444-9964-94ec243d8eaa_Output-Variables-body" format="json">
      <types:shape format="weave" example="weave/autogenerated/45227114-1a3b-4444-9964-94ec243d8eaa/Output-Variables-body.wev" autogeneratedOrigin="f991e546-8584-43ff-8050-2bdd4b5a7997"><![CDATA[%dw 2.0

type auto_45227114_1a3b_4444_9964_94ec243d8eaa_Output_Variables_body = {|
  jobId: Number, 
  jTitle: String, 
  jDescription: String, 
  jLocation: String, 
  cName: String, 
  jType: String, 
  applicationDeadline: String, 
  expLevel: String, 
  skillAndQual: String, 
  jStatus: String
|}

]]></types:shape>
    </types:type>
    <types:type name="auto_b6fc922b-3b2c-44a4-898f-c1789b947337_Input-Payload" format="java">
      <types:shape format="weave" example="weave/autogenerated/b6fc922b-3b2c-44a4-898f-c1789b947337/Input-Payload.wev" autogeneratedOrigin="47b617ba-ec40-4f8e-9f10-b547e273efd5"><![CDATA[%dw 2.0

type auto_b6fc922b_3b2c_44a4_898f_c1789b947337_Input_Payload = {|
  jobid: Number, 
  jtitle: String, 
  jdescription: String, 
  jlocation: String, 
  cname: String, 
  jtype: String, 
  salaryrange: String, 
  applicationdeadline: String, 
  explevel: String, 
  skillandqual: String, 
  jstatus: String, 
  createddate: String, 
  add1: String, 
  add2: String, 
  add3: String, 
  add4: String, 
  lastmodifieddate: Date
|}

]]></types:shape>
    </types:type>
    <types:type name="auto_b6fc922b-3b2c-44a4-898f-c1789b947337_Input-Attributes" format="java">
      <types:shape format="weave" example="weave/autogenerated/b6fc922b-3b2c-44a4-898f-c1789b947337/Input-Attributes.wev" autogeneratedOrigin="47b617ba-ec40-4f8e-9f10-b547e273efd5"><![CDATA[%dw 2.0

type auto_b6fc922b_3b2c_44a4_898f_c1789b947337_Input_Attributes = Null

]]></types:shape>
    </types:type>
    <types:type name="auto_b6fc922b-3b2c-44a4-898f-c1789b947337_Input-Variables-jobId" format="json">
      <types:shape format="weave" example="weave/autogenerated/b6fc922b-3b2c-44a4-898f-c1789b947337/Input-Variables-jobId.wev" autogeneratedOrigin="47b617ba-ec40-4f8e-9f10-b547e273efd5"><![CDATA[%dw 2.0

type auto_b6fc922b_3b2c_44a4_898f_c1789b947337_Input_Variables_jobId = Number

]]></types:shape>
    </types:type>
    <types:type name="auto_b6fc922b-3b2c-44a4-898f-c1789b947337_Input-Variables-dbPayload" format="json">
      <types:shape format="weave" example="weave/autogenerated/b6fc922b-3b2c-44a4-898f-c1789b947337/Input-Variables-dbPayload.wev" autogeneratedOrigin="47b617ba-ec40-4f8e-9f10-b547e273efd5"><![CDATA[%dw 2.0

type auto_b6fc922b_3b2c_44a4_898f_c1789b947337_Input_Variables_dbPayload = {|
  jobid: Number, 
  jtitle: String, 
  jdescription: String, 
  jlocation: String, 
  cname: String, 
  jtype: String, 
  salaryrange: String, 
  applicationdeadline: String, 
  explevel: String, 
  skillandqual: String, 
  jstatus: String, 
  createddate: String, 
  add1: String, 
  add2: String, 
  add3: String, 
  add4: String
|}

]]></types:shape>
    </types:type>
    <types:type name="auto_b6fc922b-3b2c-44a4-898f-c1789b947337_Output-Payload" format="java">
      <types:shape format="weave" example="weave/autogenerated/b6fc922b-3b2c-44a4-898f-c1789b947337/Output-Payload.wev" autogeneratedOrigin="47b617ba-ec40-4f8e-9f10-b547e273efd5"><![CDATA[%dw 2.0

type auto_b6fc922b_3b2c_44a4_898f_c1789b947337_Output_Payload = {|
  jobid: Number, 
  jtitle: String, 
  jdescription: String, 
  jlocation: String, 
  cname: String, 
  jtype: String, 
  salaryrange: String, 
  applicationdeadline: String, 
  explevel: String, 
  skillandqual: String, 
  jstatus: String, 
  createddate: String, 
  add1: String, 
  add2: String, 
  add3: String, 
  add4: String
|}

]]></types:shape>
    </types:type>
    <types:type name="auto_b6fc922b-3b2c-44a4-898f-c1789b947337_Output-Attributes" format="java">
      <types:shape format="weave" example="weave/autogenerated/b6fc922b-3b2c-44a4-898f-c1789b947337/Output-Attributes.wev" autogeneratedOrigin="47b617ba-ec40-4f8e-9f10-b547e273efd5"><![CDATA[%dw 2.0

type auto_b6fc922b_3b2c_44a4_898f_c1789b947337_Output_Attributes = Null

]]></types:shape>
    </types:type>
    <types:type name="auto_b6fc922b-3b2c-44a4-898f-c1789b947337_Output-Variables-jobId" format="json">
      <types:shape format="weave" example="weave/autogenerated/b6fc922b-3b2c-44a4-898f-c1789b947337/Output-Variables-jobId.wev" autogeneratedOrigin="47b617ba-ec40-4f8e-9f10-b547e273efd5"><![CDATA[%dw 2.0

type auto_b6fc922b_3b2c_44a4_898f_c1789b947337_Output_Variables_jobId = Number

]]></types:shape>
    </types:type>
    <types:type name="auto_b6fc922b-3b2c-44a4-898f-c1789b947337_Output-Variables-dbPayload" format="json">
      <types:shape format="weave" example="weave/autogenerated/b6fc922b-3b2c-44a4-898f-c1789b947337/Output-Variables-dbPayload.wev" autogeneratedOrigin="47b617ba-ec40-4f8e-9f10-b547e273efd5"><![CDATA[%dw 2.0

type auto_b6fc922b_3b2c_44a4_898f_c1789b947337_Output_Variables_dbPayload = {|
  jobid: Number, 
  jtitle: String, 
  jdescription: String, 
  jlocation: String, 
  cname: String, 
  jtype: String, 
  salaryrange: String, 
  applicationdeadline: String, 
  explevel: String, 
  skillandqual: String, 
  jstatus: String, 
  createddate: String, 
  add1: String, 
  add2: String, 
  add3: String, 
  add4: String
|}

]]></types:shape>
    </types:type>
    <types:type name="auto_b6fc922b-3b2c-44a4-898f-c1789b947337_Output-Variables-settingRequiredHeaders" format="java">
      <types:shape format="weave" example="weave/autogenerated/b6fc922b-3b2c-44a4-898f-c1789b947337/Output-Variables-settingRequiredHeaders.wev" autogeneratedOrigin="47b617ba-ec40-4f8e-9f10-b547e273efd5"><![CDATA[%dw 2.0

type auto_b6fc922b_3b2c_44a4_898f_c1789b947337_Output_Variables_settingRequiredHeaders = { _?: String }

]]></types:shape>
    </types:type>
    <types:type name="auto_b6fc922b-3b2c-44a4-898f-c1789b947337_Output-Variables-correlationId" format="java">
      <types:shape format="raml" autogeneratedOrigin="47b617ba-ec40-4f8e-9f10-b547e273efd5"><![CDATA[#%RAML 1.0 DataType
type: string]]></types:shape>
    </types:type>
    <types:type name="auto_b6fc922b-3b2c-44a4-898f-c1789b947337_Output-Variables-body" format="java">
      <types:shape format="weave" example="weave/autogenerated/b6fc922b-3b2c-44a4-898f-c1789b947337/Output-Variables-body.wev" autogeneratedOrigin="47b617ba-ec40-4f8e-9f10-b547e273efd5"><![CDATA[%dw 2.0

type auto_b6fc922b_3b2c_44a4_898f_c1789b947337_Output_Variables_body = {|
  jobId*: Number, 
  expLevel*: String, 
  jType*: String, 
  jDescription*: String, 
  jTitle*: String, 
  applicationDeadline*: String, 
  skillAndQual*: String, 
  jStatus*: String, 
  jLocation*: String, 
  cName*: String
|}

]]></types:shape>
    </types:type>
  </types:catalog>
  <types:enrichment select="#51bb6f9a-6565-4145-a406-ee13c5d25569">
    <types:processor-declaration>
      <types:input-event>
        <types:variables>
          <types:variable name="query" type="auto_51bb6f9a-6565-4145-a406-ee13c5d25569_Input-Variables-query"/>
          <types:variable name="inputParams" type="auto_51bb6f9a-6565-4145-a406-ee13c5d25569_Input-Variables-inputParams"/>
          <types:variable name="select_payload" type="auto_51bb6f9a-6565-4145-a406-ee13c5d25569_Input-Variables-select_payload"/>
        </types:variables>
      </types:input-event>
      <types:output-event>
        <types:message>
          <types:payload type="auto_51bb6f9a-6565-4145-a406-ee13c5d25569_Output-Payload"/>
          <types:attributes type="auto_51bb6f9a-6565-4145-a406-ee13c5d25569_Output-Attributes"/>
        </types:message>
        <types:variables>
          <types:variable name="query" type="auto_51bb6f9a-6565-4145-a406-ee13c5d25569_Output-Variables-query"/>
          <types:variable name="inputParams" type="auto_51bb6f9a-6565-4145-a406-ee13c5d25569_Output-Variables-inputParams"/>
          <types:variable name="select_payload" type="auto_51bb6f9a-6565-4145-a406-ee13c5d25569_Output-Variables-select_payload"/>
        </types:variables>
      </types:output-event>
    </types:processor-declaration>
  </types:enrichment>
  <types:enrichment select="#510a6b12-84d5-4f6f-8a18-2f69dd8c2618">
    <types:processor-declaration>
      <types:output-event>
        <types:message>
          <types:payload type="auto_510a6b12-84d5-4f6f-8a18-2f69dd8c2618_Output-Payload"/>
          <types:attributes type="auto_510a6b12-84d5-4f6f-8a18-2f69dd8c2618_Output-Attributes"/>
        </types:message>
      </types:output-event>
    </types:processor-declaration>
  </types:enrichment>
  <types:enrichment select="#f43135ec-f2ad-46d1-a91b-6032698d3784">
    <types:processor-declaration>
      <types:input-event>
        <types:variables>
          <types:variable name="customerPayload" type="auto_f43135ec-f2ad-46d1-a91b-6032698d3784_Input-Variables-customerPayload"/>
        </types:variables>
      </types:input-event>
      <types:output-event>
        <types:message>
          <types:payload type="auto_f43135ec-f2ad-46d1-a91b-6032698d3784_Output-Payload"/>
          <types:attributes type="auto_f43135ec-f2ad-46d1-a91b-6032698d3784_Output-Attributes"/>
        </types:message>
        <types:variables>
          <types:variable name="customerPayload" type="auto_f43135ec-f2ad-46d1-a91b-6032698d3784_Output-Variables-customerPayload"/>
        </types:variables>
      </types:output-event>
    </types:processor-declaration>
  </types:enrichment>
  <types:enrichment select="#bde5644e-de7f-4d2d-ac8c-5182707a8c9b">
    <types:processor-declaration>
      <types:input-event>
        <types:variables>
          <types:variable name="jobListingPayload" type="auto_bde5644e-de7f-4d2d-ac8c-5182707a8c9b_Input-Variables-jobListingPayload"/>
        </types:variables>
      </types:input-event>
      <types:output-event>
        <types:message>
          <types:payload type="auto_bde5644e-de7f-4d2d-ac8c-5182707a8c9b_Output-Payload"/>
          <types:attributes type="auto_bde5644e-de7f-4d2d-ac8c-5182707a8c9b_Output-Attributes"/>
        </types:message>
        <types:variables>
          <types:variable name="customerPayload" type="auto_bde5644e-de7f-4d2d-ac8c-5182707a8c9b_Output-Variables-customerPayload"/>
          <types:variable name="jobListingPayload" type="auto_bde5644e-de7f-4d2d-ac8c-5182707a8c9b_Output-Variables-jobListingPayload"/>
        </types:variables>
      </types:output-event>
    </types:processor-declaration>
  </types:enrichment>
  <types:enrichment select="#91bba1ba-7fdb-480f-bcc5-45432a8074b5">
    <types:processor-declaration>
      <types:input-event>
        <types:variables>
          <types:variable name="jobListingPayload" type="auto_91bba1ba-7fdb-480f-bcc5-45432a8074b5_Input-Variables-jobListingPayload"/>
          <types:variable name="customerPayload" type="auto_91bba1ba-7fdb-480f-bcc5-45432a8074b5_Input-Variables-customerPayload"/>
        </types:variables>
      </types:input-event>
      <types:output-event>
        <types:message>
          <types:payload type="auto_91bba1ba-7fdb-480f-bcc5-45432a8074b5_Output-Payload"/>
          <types:attributes type="auto_91bba1ba-7fdb-480f-bcc5-45432a8074b5_Output-Attributes"/>
        </types:message>
        <types:variables>
          <types:variable name="jobListingPayload" type="auto_91bba1ba-7fdb-480f-bcc5-45432a8074b5_Output-Variables-jobListingPayload"/>
          <types:variable name="customerPayload" type="auto_91bba1ba-7fdb-480f-bcc5-45432a8074b5_Output-Variables-customerPayload"/>
        </types:variables>
      </types:output-event>
    </types:processor-declaration>
  </types:enrichment>
  <types:enrichment select="#1a527ce4-6a01-4b44-96d0-99ab4365c1c5">
    <types:processor-declaration>
      <types:input-event>
        <types:message>
          <types:payload type="auto_1a527ce4-6a01-4b44-96d0-99ab4365c1c5_Input-Payload"/>
          <types:attributes type="auto_1a527ce4-6a01-4b44-96d0-99ab4365c1c5_Input-Attributes"/>
        </types:message>
        <types:variables>
          <types:variable name="outboundHeaders" type="auto_1a527ce4-6a01-4b44-96d0-99ab4365c1c5_Input-Variables-outboundHeaders"/>
          <types:variable name="updateQuery" type="auto_1a527ce4-6a01-4b44-96d0-99ab4365c1c5_Input-Variables-updateQuery"/>
          <types:variable name="updatePayload" type="auto_1a527ce4-6a01-4b44-96d0-99ab4365c1c5_Input-Variables-updatePayload"/>
          <types:variable name="httpStatus" type="auto_1a527ce4-6a01-4b44-96d0-99ab4365c1c5_Input-Variables-httpStatus"/>
          <types:variable name="query" type="auto_1a527ce4-6a01-4b44-96d0-99ab4365c1c5_Input-Variables-query"/>
          <types:variable name="customerId" type="auto_1a527ce4-6a01-4b44-96d0-99ab4365c1c5_Input-Variables-customerId"/>
          <types:variable name="inputParams" type="auto_1a527ce4-6a01-4b44-96d0-99ab4365c1c5_Input-Variables-inputParams"/>
          <types:variable name="customerPayload" type="auto_1a527ce4-6a01-4b44-96d0-99ab4365c1c5_Input-Variables-customerPayload"/>
          <types:variable name="jobListingPayload" type="auto_1a527ce4-6a01-4b44-96d0-99ab4365c1c5_Input-Variables-jobListingPayload"/>
          <types:variable name="select_payload" type="auto_1a527ce4-6a01-4b44-96d0-99ab4365c1c5_Input-Variables-select_payload"/>
        </types:variables>
      </types:input-event>
      <types:output-event>
        <types:message>
          <types:payload type="auto_1a527ce4-6a01-4b44-96d0-99ab4365c1c5_Output-Payload"/>
          <types:attributes type="auto_1a527ce4-6a01-4b44-96d0-99ab4365c1c5_Output-Attributes"/>
        </types:message>
        <types:variables>
          <types:variable name="outboundHeaders" type="auto_1a527ce4-6a01-4b44-96d0-99ab4365c1c5_Output-Variables-outboundHeaders"/>
          <types:variable name="updateQuery" type="auto_1a527ce4-6a01-4b44-96d0-99ab4365c1c5_Output-Variables-updateQuery"/>
          <types:variable name="updatePayload" type="auto_1a527ce4-6a01-4b44-96d0-99ab4365c1c5_Output-Variables-updatePayload"/>
          <types:variable name="query" type="auto_1a527ce4-6a01-4b44-96d0-99ab4365c1c5_Output-Variables-query"/>
          <types:variable name="httpStatus" type="auto_1a527ce4-6a01-4b44-96d0-99ab4365c1c5_Output-Variables-httpStatus"/>
          <types:variable name="inputParams" type="auto_1a527ce4-6a01-4b44-96d0-99ab4365c1c5_Output-Variables-inputParams"/>
          <types:variable name="customerId" type="auto_1a527ce4-6a01-4b44-96d0-99ab4365c1c5_Output-Variables-customerId"/>
          <types:variable name="customerPayload" type="auto_1a527ce4-6a01-4b44-96d0-99ab4365c1c5_Output-Variables-customerPayload"/>
          <types:variable name="jobListingPayload" type="auto_1a527ce4-6a01-4b44-96d0-99ab4365c1c5_Output-Variables-jobListingPayload"/>
          <types:variable name="select_payload" type="auto_1a527ce4-6a01-4b44-96d0-99ab4365c1c5_Output-Variables-select_payload"/>
        </types:variables>
      </types:output-event>
    </types:processor-declaration>
  </types:enrichment>
  <types:enrichment select="#fdd59b45-d518-4af7-b692-cdcf50f04241">
    <types:processor-declaration>
      <types:input-event>
        <types:message>
          <types:payload type="auto_fdd59b45-d518-4af7-b692-cdcf50f04241_Input-Payload"/>
          <types:attributes type="auto_fdd59b45-d518-4af7-b692-cdcf50f04241_Input-Attributes"/>
        </types:message>
        <types:variables>
          <types:variable name="outboundHeaders" type="auto_fdd59b45-d518-4af7-b692-cdcf50f04241_Input-Variables-outboundHeaders"/>
          <types:variable name="updateQuery" type="auto_fdd59b45-d518-4af7-b692-cdcf50f04241_Input-Variables-updateQuery"/>
          <types:variable name="updatePayload" type="auto_fdd59b45-d518-4af7-b692-cdcf50f04241_Input-Variables-updatePayload"/>
          <types:variable name="httpStatus" type="auto_fdd59b45-d518-4af7-b692-cdcf50f04241_Input-Variables-httpStatus"/>
          <types:variable name="query" type="auto_fdd59b45-d518-4af7-b692-cdcf50f04241_Input-Variables-query"/>
          <types:variable name="customerId" type="auto_fdd59b45-d518-4af7-b692-cdcf50f04241_Input-Variables-customerId"/>
          <types:variable name="inputParams" type="auto_fdd59b45-d518-4af7-b692-cdcf50f04241_Input-Variables-inputParams"/>
          <types:variable name="customerPayload" type="auto_fdd59b45-d518-4af7-b692-cdcf50f04241_Input-Variables-customerPayload"/>
          <types:variable name="jobListingPayload" type="auto_fdd59b45-d518-4af7-b692-cdcf50f04241_Input-Variables-jobListingPayload"/>
          <types:variable name="select_payload" type="auto_fdd59b45-d518-4af7-b692-cdcf50f04241_Input-Variables-select_payload"/>
        </types:variables>
      </types:input-event>
      <types:output-event>
        <types:message>
          <types:payload type="auto_fdd59b45-d518-4af7-b692-cdcf50f04241_Output-Payload"/>
          <types:attributes type="auto_fdd59b45-d518-4af7-b692-cdcf50f04241_Output-Attributes"/>
        </types:message>
        <types:variables>
          <types:variable name="outboundHeaders" type="auto_fdd59b45-d518-4af7-b692-cdcf50f04241_Output-Variables-outboundHeaders"/>
          <types:variable name="updateQuery" type="auto_fdd59b45-d518-4af7-b692-cdcf50f04241_Output-Variables-updateQuery"/>
          <types:variable name="updatePayload" type="auto_fdd59b45-d518-4af7-b692-cdcf50f04241_Output-Variables-updatePayload"/>
          <types:variable name="httpStatus" type="auto_fdd59b45-d518-4af7-b692-cdcf50f04241_Output-Variables-httpStatus"/>
          <types:variable name="query" type="auto_fdd59b45-d518-4af7-b692-cdcf50f04241_Output-Variables-query"/>
          <types:variable name="customerId" type="auto_fdd59b45-d518-4af7-b692-cdcf50f04241_Output-Variables-customerId"/>
          <types:variable name="inputParams" type="auto_fdd59b45-d518-4af7-b692-cdcf50f04241_Output-Variables-inputParams"/>
          <types:variable name="customerPayload" type="auto_fdd59b45-d518-4af7-b692-cdcf50f04241_Output-Variables-customerPayload"/>
          <types:variable name="jobListingPayload" type="auto_fdd59b45-d518-4af7-b692-cdcf50f04241_Output-Variables-jobListingPayload"/>
          <types:variable name="select_payload" type="auto_fdd59b45-d518-4af7-b692-cdcf50f04241_Output-Variables-select_payload"/>
        </types:variables>
      </types:output-event>
    </types:processor-declaration>
  </types:enrichment>
  <types:enrichment select="#354ca368-1a8d-4b73-a423-29499d39a4c0">
    <types:processor-declaration>
      <types:input-event>
        <types:message>
          <types:payload type="auto_354ca368-1a8d-4b73-a423-29499d39a4c0_Input-Payload"/>
          <types:attributes type="auto_354ca368-1a8d-4b73-a423-29499d39a4c0_Input-Attributes"/>
        </types:message>
        <types:variables>
          <types:variable name="outboundHeaders" type="auto_354ca368-1a8d-4b73-a423-29499d39a4c0_Input-Variables-outboundHeaders"/>
          <types:variable name="updateQuery" type="auto_354ca368-1a8d-4b73-a423-29499d39a4c0_Input-Variables-updateQuery"/>
          <types:variable name="updatePayload" type="auto_354ca368-1a8d-4b73-a423-29499d39a4c0_Input-Variables-updatePayload"/>
          <types:variable name="httpStatus" type="auto_354ca368-1a8d-4b73-a423-29499d39a4c0_Input-Variables-httpStatus"/>
          <types:variable name="query" type="auto_354ca368-1a8d-4b73-a423-29499d39a4c0_Input-Variables-query"/>
          <types:variable name="customerId" type="auto_354ca368-1a8d-4b73-a423-29499d39a4c0_Input-Variables-customerId"/>
          <types:variable name="inputParams" type="auto_354ca368-1a8d-4b73-a423-29499d39a4c0_Input-Variables-inputParams"/>
          <types:variable name="customerPayload" type="auto_354ca368-1a8d-4b73-a423-29499d39a4c0_Input-Variables-customerPayload"/>
          <types:variable name="jobListingPayload" type="auto_354ca368-1a8d-4b73-a423-29499d39a4c0_Input-Variables-jobListingPayload"/>
          <types:variable name="select_payload" type="auto_354ca368-1a8d-4b73-a423-29499d39a4c0_Input-Variables-select_payload"/>
        </types:variables>
      </types:input-event>
      <types:output-event>
        <types:message>
          <types:payload type="auto_354ca368-1a8d-4b73-a423-29499d39a4c0_Output-Payload"/>
          <types:attributes type="auto_354ca368-1a8d-4b73-a423-29499d39a4c0_Output-Attributes"/>
        </types:message>
        <types:variables>
          <types:variable name="outboundHeaders" type="auto_354ca368-1a8d-4b73-a423-29499d39a4c0_Output-Variables-outboundHeaders"/>
          <types:variable name="updateQuery" type="auto_354ca368-1a8d-4b73-a423-29499d39a4c0_Output-Variables-updateQuery"/>
          <types:variable name="updatePayload" type="auto_354ca368-1a8d-4b73-a423-29499d39a4c0_Output-Variables-updatePayload"/>
          <types:variable name="httpStatus" type="auto_354ca368-1a8d-4b73-a423-29499d39a4c0_Output-Variables-httpStatus"/>
          <types:variable name="query" type="auto_354ca368-1a8d-4b73-a423-29499d39a4c0_Output-Variables-query"/>
          <types:variable name="customerId" type="auto_354ca368-1a8d-4b73-a423-29499d39a4c0_Output-Variables-customerId"/>
          <types:variable name="inputParams" type="auto_354ca368-1a8d-4b73-a423-29499d39a4c0_Output-Variables-inputParams"/>
          <types:variable name="customerPayload" type="auto_354ca368-1a8d-4b73-a423-29499d39a4c0_Output-Variables-customerPayload"/>
          <types:variable name="jobListingPayload" type="auto_354ca368-1a8d-4b73-a423-29499d39a4c0_Output-Variables-jobListingPayload"/>
          <types:variable name="select_payload" type="auto_354ca368-1a8d-4b73-a423-29499d39a4c0_Output-Variables-select_payload"/>
        </types:variables>
      </types:output-event>
    </types:processor-declaration>
  </types:enrichment>
  <types:enrichment select="#b8b66569-2676-4889-acbe-24cd108941dc">
    <types:processor-declaration>
      <types:input-event>
        <types:message>
          <types:payload type="auto_b8b66569-2676-4889-acbe-24cd108941dc_Input-Payload"/>
          <types:attributes type="auto_b8b66569-2676-4889-acbe-24cd108941dc_Input-Attributes"/>
        </types:message>
        <types:variables>
          <types:variable name="dbPayload" type="auto_b8b66569-2676-4889-acbe-24cd108941dc_Input-Variables-dbPayload"/>
          <types:variable name="settingRequiredHeaders" type="auto_b8b66569-2676-4889-acbe-24cd108941dc_Input-Variables-settingRequiredHeaders"/>
          <types:variable name="correlationId" type="auto_b8b66569-2676-4889-acbe-24cd108941dc_Input-Variables-correlationId"/>
        </types:variables>
      </types:input-event>
      <types:output-event>
        <types:message>
          <types:payload type="auto_b8b66569-2676-4889-acbe-24cd108941dc_Output-Payload"/>
          <types:attributes type="auto_b8b66569-2676-4889-acbe-24cd108941dc_Output-Attributes"/>
        </types:message>
        <types:variables>
          <types:variable name="dbPayload" type="auto_b8b66569-2676-4889-acbe-24cd108941dc_Output-Variables-dbPayload"/>
          <types:variable name="settingRequiredHeaders" type="auto_b8b66569-2676-4889-acbe-24cd108941dc_Output-Variables-settingRequiredHeaders"/>
          <types:variable name="correlationId" type="auto_b8b66569-2676-4889-acbe-24cd108941dc_Output-Variables-correlationId"/>
        </types:variables>
      </types:output-event>
    </types:processor-declaration>
  </types:enrichment>
  <types:enrichment select="#9071b842-1583-40ec-a6e0-b6c32b86f270">
    <types:processor-declaration>
      <types:input-event>
        <types:message>
          <types:payload type="auto_9071b842-1583-40ec-a6e0-b6c32b86f270_Input-Payload"/>
          <types:attributes type="auto_9071b842-1583-40ec-a6e0-b6c32b86f270_Input-Attributes"/>
        </types:message>
        <types:variables>
          <types:variable name="dbPayload" type="auto_9071b842-1583-40ec-a6e0-b6c32b86f270_Input-Variables-dbPayload"/>
          <types:variable name="settingRequiredHeaders" type="auto_9071b842-1583-40ec-a6e0-b6c32b86f270_Input-Variables-settingRequiredHeaders"/>
          <types:variable name="correlationId" type="auto_9071b842-1583-40ec-a6e0-b6c32b86f270_Input-Variables-correlationId"/>
          <types:variable name="body" type="auto_9071b842-1583-40ec-a6e0-b6c32b86f270_Input-Variables-body"/>
        </types:variables>
      </types:input-event>
      <types:output-event>
        <types:message>
          <types:payload type="auto_9071b842-1583-40ec-a6e0-b6c32b86f270_Output-Payload"/>
          <types:attributes type="auto_9071b842-1583-40ec-a6e0-b6c32b86f270_Output-Attributes"/>
        </types:message>
        <types:variables>
          <types:variable name="dbPayload" type="auto_9071b842-1583-40ec-a6e0-b6c32b86f270_Output-Variables-dbPayload"/>
          <types:variable name="settingRequiredHeaders" type="auto_9071b842-1583-40ec-a6e0-b6c32b86f270_Output-Variables-settingRequiredHeaders"/>
          <types:variable name="correlationId" type="auto_9071b842-1583-40ec-a6e0-b6c32b86f270_Output-Variables-correlationId"/>
          <types:variable name="body" type="auto_9071b842-1583-40ec-a6e0-b6c32b86f270_Output-Variables-body"/>
        </types:variables>
      </types:output-event>
    </types:processor-declaration>
  </types:enrichment>
  <types:enrichment select="#45227114-1a3b-4444-9964-94ec243d8eaa">
    <types:processor-declaration>
      <types:input-event>
        <types:message>
          <types:payload type="auto_45227114-1a3b-4444-9964-94ec243d8eaa_Input-Payload"/>
          <types:attributes type="auto_45227114-1a3b-4444-9964-94ec243d8eaa_Input-Attributes"/>
        </types:message>
        <types:variables>
          <types:variable name="dbPayload" type="auto_45227114-1a3b-4444-9964-94ec243d8eaa_Input-Variables-dbPayload"/>
          <types:variable name="settingRequiredHeaders" type="auto_45227114-1a3b-4444-9964-94ec243d8eaa_Input-Variables-settingRequiredHeaders"/>
          <types:variable name="correlationId" type="auto_45227114-1a3b-4444-9964-94ec243d8eaa_Input-Variables-correlationId"/>
          <types:variable name="body" type="auto_45227114-1a3b-4444-9964-94ec243d8eaa_Input-Variables-body"/>
        </types:variables>
      </types:input-event>
      <types:output-event>
        <types:message>
          <types:payload type="auto_45227114-1a3b-4444-9964-94ec243d8eaa_Output-Payload"/>
          <types:attributes type="auto_45227114-1a3b-4444-9964-94ec243d8eaa_Output-Attributes"/>
        </types:message>
        <types:variables>
          <types:variable name="dbPayload" type="auto_45227114-1a3b-4444-9964-94ec243d8eaa_Output-Variables-dbPayload"/>
          <types:variable name="settingRequiredHeaders" type="auto_45227114-1a3b-4444-9964-94ec243d8eaa_Output-Variables-settingRequiredHeaders"/>
          <types:variable name="correlationId" type="auto_45227114-1a3b-4444-9964-94ec243d8eaa_Output-Variables-correlationId"/>
          <types:variable name="body" type="auto_45227114-1a3b-4444-9964-94ec243d8eaa_Output-Variables-body"/>
        </types:variables>
      </types:output-event>
    </types:processor-declaration>
  </types:enrichment>
  <types:enrichment select="#b6fc922b-3b2c-44a4-898f-c1789b947337">
    <types:processor-declaration>
      <types:input-event>
        <types:message>
          <types:payload type="auto_b6fc922b-3b2c-44a4-898f-c1789b947337_Input-Payload"/>
          <types:attributes type="auto_b6fc922b-3b2c-44a4-898f-c1789b947337_Input-Attributes"/>
        </types:message>
        <types:variables>
          <types:variable name="jobId" type="auto_b6fc922b-3b2c-44a4-898f-c1789b947337_Input-Variables-jobId"/>
          <types:variable name="dbPayload" type="auto_b6fc922b-3b2c-44a4-898f-c1789b947337_Input-Variables-dbPayload"/>
        </types:variables>
      </types:input-event>
      <types:output-event>
        <types:message>
          <types:payload type="auto_b6fc922b-3b2c-44a4-898f-c1789b947337_Output-Payload"/>
          <types:attributes type="auto_b6fc922b-3b2c-44a4-898f-c1789b947337_Output-Attributes"/>
        </types:message>
        <types:variables>
          <types:variable name="jobId" type="auto_b6fc922b-3b2c-44a4-898f-c1789b947337_Output-Variables-jobId"/>
          <types:variable name="dbPayload" type="auto_b6fc922b-3b2c-44a4-898f-c1789b947337_Output-Variables-dbPayload"/>
          <types:variable name="settingRequiredHeaders" type="auto_b6fc922b-3b2c-44a4-898f-c1789b947337_Output-Variables-settingRequiredHeaders"/>
          <types:variable name="correlationId" type="auto_b6fc922b-3b2c-44a4-898f-c1789b947337_Output-Variables-correlationId"/>
          <types:variable name="body" type="auto_b6fc922b-3b2c-44a4-898f-c1789b947337_Output-Variables-body"/>
        </types:variables>
      </types:output-event>
    </types:processor-declaration>
  </types:enrichment>
</types:mule>