{
    "metadata": {
        "id": "https://cloudsynapps.sharepoint.com/sites/Sharepoint1/_api/Web/GetFileByServerRelativePath(decodedurl='/sites/Sharepoint1/Shared Documents/F1/Folder1/file1.txt')",
        "type": "SP.File",
        "uri": "https://cloudsynapps.sharepoint.com/sites/Sharepoint1/_api/Web/GetFileByServerRelativePath(decodedurl='/sites/Sharepoint1/Shared%20Documents/F1/Folder1/file1.txt')"
    },
    "uIVersionLabel": "1.0",
    "majorVersion": 1,
    "title": null,
    "checkInComment": "",
    "linkingUrl": "",
    "eTag": "\"{4F08D67A-5719-4621-A5C5-ABB85DD1F84D},1\"",
    "timeCreated": "2023-07-28T07:10:59Z",
    "modifiedBy": {
        "__deferred": {
            "uri": "https://cloudsynapps.sharepoint.com/sites/Sharepoint1/_api/Web/GetFileByServerRelativePath(decodedurl='/sites/Sharepoint1/Shared%20Documents/F1/Folder1/file1.txt')/ModifiedBy"
        }
    },
    "level": 1,
    "contentTag": "{4F08D67A-5719-4621-A5C5-ABB85DD1F84D},1,1",
    "author": {
        "__deferred": {
            "uri": "https://cloudsynapps.sharepoint.com/sites/Sharepoint1/_api/Web/GetFileByServerRelativePath(decodedurl='/sites/Sharepoint1/Shared%20Documents/F1/Folder1/file1.txt')/Author"
        }
    },
    "checkedOutByUser": {
        "__deferred": {
            "uri": "https://cloudsynapps.sharepoint.com/sites/Sharepoint1/_api/Web/GetFileByServerRelativePath(decodedurl='/sites/Sharepoint1/Shared%20Documents/F1/Folder1/file1.txt')/CheckedOutByUser"
        }
    },
    "checkOutType": "2",
    "length": 26,
    "timeLastModified": "2023-07-28T07:10:59Z",
    "uIVersion": 512,
    "serverRelativeUrl": "/sites/Sharepoint1/Shared Documents/F1/Folder1/file1.txt",
    "versions": {
        "__deferred": {
            "uri": "https://cloudsynapps.sharepoint.com/sites/Sharepoint1/_api/Web/GetFileByServerRelativePath(decodedurl='/sites/Sharepoint1/Shared%20Documents/F1/Folder1/file1.txt')/Versions"
        }
    },
    "name": "file1.txt",
    "exists": true,
    "customizedPageStatus": "0",
    "listItemAllFields": {
        "__deferred": {
            "uri": "https://cloudsynapps.sharepoint.com/sites/Sharepoint1/_api/Web/GetFileByServerRelativePath(decodedurl='/sites/Sharepoint1/Shared%20Documents/F1/Folder1/file1.txt')/ListItemAllFields"
        }
    },
    "minorVersion": 0,
    "uniqueId": "4f08d67a-5719-4621-a5c5-abb85dd1f84d",
    "lockedByUser": {
        "__deferred": {
            "uri": "https://cloudsynapps.sharepoint.com/sites/Sharepoint1/_api/Web/GetFileByServerRelativePath(decodedurl='/sites/Sharepoint1/Shared%20Documents/F1/Folder1/file1.txt')/LockedByUser"
        }
    }
}