<?xml version='1.0' encoding='UTF-8'?>
<types:mule xmlns:types="http://www.mulesoft.org/schema/mule/types">
  <types:catalog>
    <types:type name="auto_f8c871ef-e26e-41d7-b9b1-753cbfce65af_Input-Variables-httpStatus" format="java">
      <types:shape format="raml" autogeneratedOrigin="47e99c3a-b74c-4fa1-8944-2ca4122d3e8a"><![CDATA[#%RAML 1.0 DataType
type: string]]></types:shape>
    </types:type>
    <types:type name="auto_f8c871ef-e26e-41d7-b9b1-753cbfce65af_Input-Variables-counter" format="java">
      <types:shape format="raml" autogeneratedOrigin="47e99c3a-b74c-4fa1-8944-2ca4122d3e8a"><![CDATA[#%RAML 1.0 DataType
type: number]]></types:shape>
    </types:type>
    <types:type name="auto_f8c871ef-e26e-41d7-b9b1-753cbfce65af_Input-Variables-folderId" format="java">
      <types:shape format="raml" autogeneratedOrigin="47e99c3a-b74c-4fa1-8944-2ca4122d3e8a"><![CDATA[#%RAML 1.0 DataType
type: string]]></types:shape>
    </types:type>
    <types:type name="auto_f8c871ef-e26e-41d7-b9b1-753cbfce65af_Output-Variables-httpStatus" format="java">
      <types:shape format="raml" autogeneratedOrigin="47e99c3a-b74c-4fa1-8944-2ca4122d3e8a"><![CDATA[#%RAML 1.0 DataType
type: string]]></types:shape>
    </types:type>
    <types:type name="auto_f8c871ef-e26e-41d7-b9b1-753cbfce65af_Output-Variables-counter" format="java">
      <types:shape format="raml" autogeneratedOrigin="47e99c3a-b74c-4fa1-8944-2ca4122d3e8a"><![CDATA[#%RAML 1.0 DataType
type: number]]></types:shape>
    </types:type>
    <types:type name="auto_f8c871ef-e26e-41d7-b9b1-753cbfce65af_Output-Variables-folderId" format="java">
      <types:shape format="raml" autogeneratedOrigin="47e99c3a-b74c-4fa1-8944-2ca4122d3e8a"><![CDATA[#%RAML 1.0 DataType
type: string]]></types:shape>
    </types:type>
    <types:type name="auto_72a2380e-96c0-4079-9bba-e3b6553fbf32_Output-Payload" format="java">
      <types:shape format="weave" example="weave/autogenerated/72a2380e-96c0-4079-9bba-e3b6553fbf32/Output-Payload.wev" autogeneratedOrigin="7cbe6c64-6c86-48c6-84c9-3a417768ff27"><![CDATA[%dw 2.0

type auto_72a2380e_96c0_4079_9bba_e3b6553fbf32_Output_Payload = Any

]]></types:shape>
    </types:type>
    <types:type name="auto_72a2380e-96c0-4079-9bba-e3b6553fbf32_Output-Variables-body" format="json">
      <types:shape format="weave" example="weave/autogenerated/72a2380e-96c0-4079-9bba-e3b6553fbf32/Output-Variables-body.wev" autogeneratedOrigin="7cbe6c64-6c86-48c6-84c9-3a417768ff27"><![CDATA[%dw 2.0

type auto_72a2380e_96c0_4079_9bba_e3b6553fbf32_Output_Variables_body = {|
  name: Null, 
  parent: {| id: String |}
|}

]]></types:shape>
    </types:type>
    <types:type name="auto_598728cb-9a1e-467a-95ba-e06ea183251b_Input-Variables-consolidatedPayload" format="json">
      <types:shape format="weave" example="weave/autogenerated/598728cb-9a1e-467a-95ba-e06ea183251b/Input-Variables-consolidatedPayload.wev" autogeneratedOrigin="ccac38dc-de9d-482f-8414-6884811b1db3"><![CDATA[%dw 2.0

type auto_598728cb_9a1e_467a_95ba_e06ea183251b_Input_Variables_consolidatedPayload = Array<Nothing>

]]></types:shape>
    </types:type>
    <types:type name="auto_598728cb-9a1e-467a-95ba-e06ea183251b_Input-Variables-contentDocIds" format="java">
      <types:shape format="weave" example="weave/autogenerated/598728cb-9a1e-467a-95ba-e06ea183251b/Input-Variables-contentDocIds.wev" autogeneratedOrigin="ccac38dc-de9d-482f-8414-6884811b1db3"><![CDATA[%dw 2.0

type auto_598728cb_9a1e_467a_95ba_e06ea183251b_Input_Variables_contentDocIds = Any

]]></types:shape>
    </types:type>
    <types:type name="auto_598728cb-9a1e-467a-95ba-e06ea183251b_Input-Variables-httpStatus" format="java">
      <types:shape format="raml" autogeneratedOrigin="ccac38dc-de9d-482f-8414-6884811b1db3"><![CDATA[#%RAML 1.0 DataType
type: string]]></types:shape>
    </types:type>
    <types:type name="auto_598728cb-9a1e-467a-95ba-e06ea183251b_Output-Payload" format="java">
      <types:shape format="weave" example="weave/autogenerated/598728cb-9a1e-467a-95ba-e06ea183251b/Output-Payload.wev" autogeneratedOrigin="ccac38dc-de9d-482f-8414-6884811b1db3"><![CDATA[%dw 2.0

type auto_598728cb_9a1e_467a_95ba_e06ea183251b_Output_Payload = Any

]]></types:shape>
    </types:type>
    <types:type name="auto_598728cb-9a1e-467a-95ba-e06ea183251b_Output-Variables-consolidatedPayload" format="json">
      <types:shape format="weave" example="weave/autogenerated/598728cb-9a1e-467a-95ba-e06ea183251b/Output-Variables-consolidatedPayload.wev" autogeneratedOrigin="ccac38dc-de9d-482f-8414-6884811b1db3"><![CDATA[%dw 2.0

type auto_598728cb_9a1e_467a_95ba_e06ea183251b_Output_Variables_consolidatedPayload = Array<Nothing>

]]></types:shape>
    </types:type>
    <types:type name="auto_598728cb-9a1e-467a-95ba-e06ea183251b_Output-Variables-body" format="json">
      <types:shape format="weave" example="weave/autogenerated/598728cb-9a1e-467a-95ba-e06ea183251b/Output-Variables-body.wev" autogeneratedOrigin="ccac38dc-de9d-482f-8414-6884811b1db3"><![CDATA[%dw 2.0

type auto_598728cb_9a1e_467a_95ba_e06ea183251b_Output_Variables_body = {|
  name: Null, 
  parent: {| id: String |}
|}

]]></types:shape>
    </types:type>
    <types:type name="auto_598728cb-9a1e-467a-95ba-e06ea183251b_Output-Variables-contentDocIds" format="java">
      <types:shape format="weave" example="weave/autogenerated/598728cb-9a1e-467a-95ba-e06ea183251b/Output-Variables-contentDocIds.wev" autogeneratedOrigin="ccac38dc-de9d-482f-8414-6884811b1db3"><![CDATA[%dw 2.0

type auto_598728cb_9a1e_467a_95ba_e06ea183251b_Output_Variables_contentDocIds = Any

]]></types:shape>
    </types:type>
    <types:type name="auto_598728cb-9a1e-467a-95ba-e06ea183251b_Output-Variables-httpStatus" format="java">
      <types:shape format="raml" autogeneratedOrigin="ccac38dc-de9d-482f-8414-6884811b1db3"><![CDATA[#%RAML 1.0 DataType
type: string]]></types:shape>
    </types:type>
    <types:type name="auto_2eb66d61-cb73-4767-a1ed-6ee5d1e18655_Input-Payload" format="java">
      <types:shape format="weave" example="weave/autogenerated/2eb66d61-cb73-4767-a1ed-6ee5d1e18655/Input-Payload.wev" autogeneratedOrigin="87372f18-5abd-418e-abf5-d7db82acb2df"><![CDATA[%dw 2.0

type auto_2eb66d61_cb73_4767_a1ed_6ee5d1e18655_Input_Payload = Any

]]></types:shape>
    </types:type>
    <types:type name="auto_2eb66d61-cb73-4767-a1ed-6ee5d1e18655_Input-Attributes" format="java">
      <types:shape format="weave" example="weave/autogenerated/2eb66d61-cb73-4767-a1ed-6ee5d1e18655/Input-Attributes.wev" autogeneratedOrigin="87372f18-5abd-418e-abf5-d7db82acb2df"><![CDATA[%dw 2.0

type auto_2eb66d61_cb73_4767_a1ed_6ee5d1e18655_Input_Attributes = Null

]]></types:shape>
    </types:type>
    <types:type name="auto_2eb66d61-cb73-4767-a1ed-6ee5d1e18655_Input-Variables-rootMessage" format="java">
      <types:shape format="weave" example="weave/autogenerated/2eb66d61-cb73-4767-a1ed-6ee5d1e18655/Input-Variables-rootMessage.wev" autogeneratedOrigin="87372f18-5abd-418e-abf5-d7db82acb2df"><![CDATA[%dw 2.0

type auto_2eb66d61_cb73_4767_a1ed_6ee5d1e18655_Input_Variables_rootMessage = {| payload: Any |} {"typeId": "org.mule.runtime.api.message.Message"}

]]></types:shape>
    </types:type>
    <types:type name="auto_2eb66d61-cb73-4767-a1ed-6ee5d1e18655_Input-Variables-docId" format="java">
      <types:shape format="weave" example="weave/autogenerated/2eb66d61-cb73-4767-a1ed-6ee5d1e18655/Input-Variables-docId.wev" autogeneratedOrigin="87372f18-5abd-418e-abf5-d7db82acb2df"><![CDATA[%dw 2.0

type auto_2eb66d61_cb73_4767_a1ed_6ee5d1e18655_Input_Variables_docId = Any

]]></types:shape>
    </types:type>
    <types:type name="auto_2eb66d61-cb73-4767-a1ed-6ee5d1e18655_Input-Variables-httpStatus" format="java">
      <types:shape format="raml" autogeneratedOrigin="87372f18-5abd-418e-abf5-d7db82acb2df"><![CDATA[#%RAML 1.0 DataType
type: string]]></types:shape>
    </types:type>
    <types:type name="auto_2eb66d61-cb73-4767-a1ed-6ee5d1e18655_Input-Variables-sfId" format="java">
      <types:shape format="weave" example="weave/autogenerated/2eb66d61-cb73-4767-a1ed-6ee5d1e18655/Input-Variables-sfId.wev" autogeneratedOrigin="87372f18-5abd-418e-abf5-d7db82acb2df"><![CDATA[%dw 2.0

type auto_2eb66d61_cb73_4767_a1ed_6ee5d1e18655_Input_Variables_sfId = Any

]]></types:shape>
    </types:type>
    <types:type name="auto_2eb66d61-cb73-4767-a1ed-6ee5d1e18655_Input-Variables-counter" format="java">
      <types:shape format="raml" autogeneratedOrigin="87372f18-5abd-418e-abf5-d7db82acb2df"><![CDATA[#%RAML 1.0 DataType
type: number]]></types:shape>
    </types:type>
    <types:type name="auto_2eb66d61-cb73-4767-a1ed-6ee5d1e18655_Input-Variables-consolidatedPayload" format="json">
      <types:shape format="weave" example="weave/autogenerated/2eb66d61-cb73-4767-a1ed-6ee5d1e18655/Input-Variables-consolidatedPayload.wev" autogeneratedOrigin="87372f18-5abd-418e-abf5-d7db82acb2df"><![CDATA[%dw 2.0

type auto_2eb66d61_cb73_4767_a1ed_6ee5d1e18655_Input_Variables_consolidatedPayload = Array<Nothing>

]]></types:shape>
    </types:type>
    <types:type name="auto_2eb66d61-cb73-4767-a1ed-6ee5d1e18655_Input-Variables-body" format="json">
      <types:shape format="weave" example="weave/autogenerated/2eb66d61-cb73-4767-a1ed-6ee5d1e18655/Input-Variables-body.wev" autogeneratedOrigin="87372f18-5abd-418e-abf5-d7db82acb2df"><![CDATA[%dw 2.0

type auto_2eb66d61_cb73_4767_a1ed_6ee5d1e18655_Input_Variables_body = {|
  name: Null, 
  parent: {| id: String |}
|}

]]></types:shape>
    </types:type>
    <types:type name="auto_2eb66d61-cb73-4767-a1ed-6ee5d1e18655_Input-Variables-folderId" format="java">
      <types:shape format="weave" example="weave/autogenerated/2eb66d61-cb73-4767-a1ed-6ee5d1e18655/Input-Variables-folderId.wev" autogeneratedOrigin="87372f18-5abd-418e-abf5-d7db82acb2df"><![CDATA[%dw 2.0

type auto_2eb66d61_cb73_4767_a1ed_6ee5d1e18655_Input_Variables_folderId = Any

]]></types:shape>
    </types:type>
    <types:type name="auto_2eb66d61-cb73-4767-a1ed-6ee5d1e18655_Input-Variables-contentDocIds" format="java">
      <types:shape format="weave" example="weave/autogenerated/2eb66d61-cb73-4767-a1ed-6ee5d1e18655/Input-Variables-contentDocIds.wev" autogeneratedOrigin="87372f18-5abd-418e-abf5-d7db82acb2df"><![CDATA[%dw 2.0

type auto_2eb66d61_cb73_4767_a1ed_6ee5d1e18655_Input_Variables_contentDocIds = Any

]]></types:shape>
    </types:type>
    <types:type name="auto_2eb66d61-cb73-4767-a1ed-6ee5d1e18655_Output-Payload" format="java">
      <types:shape format="weave" example="weave/autogenerated/2eb66d61-cb73-4767-a1ed-6ee5d1e18655/Output-Payload.wev" autogeneratedOrigin="87372f18-5abd-418e-abf5-d7db82acb2df"><![CDATA[%dw 2.0

type auto_2eb66d61_cb73_4767_a1ed_6ee5d1e18655_Output_Payload = Any

]]></types:shape>
    </types:type>
    <types:type name="auto_2eb66d61-cb73-4767-a1ed-6ee5d1e18655_Output-Attributes" format="java">
      <types:shape format="weave" example="weave/autogenerated/2eb66d61-cb73-4767-a1ed-6ee5d1e18655/Output-Attributes.wev" autogeneratedOrigin="87372f18-5abd-418e-abf5-d7db82acb2df"><![CDATA[%dw 2.0

type auto_2eb66d61_cb73_4767_a1ed_6ee5d1e18655_Output_Attributes = Null

]]></types:shape>
    </types:type>
    <types:type name="auto_2eb66d61-cb73-4767-a1ed-6ee5d1e18655_Output-Variables-rootMessage" format="java">
      <types:shape format="weave" example="weave/autogenerated/2eb66d61-cb73-4767-a1ed-6ee5d1e18655/Output-Variables-rootMessage.wev" autogeneratedOrigin="87372f18-5abd-418e-abf5-d7db82acb2df"><![CDATA[%dw 2.0

type auto_2eb66d61_cb73_4767_a1ed_6ee5d1e18655_Output_Variables_rootMessage = {| payload: Any |} {"typeId": "org.mule.runtime.api.message.Message"}

]]></types:shape>
    </types:type>
    <types:type name="auto_2eb66d61-cb73-4767-a1ed-6ee5d1e18655_Output-Variables-docId" format="java">
      <types:shape format="weave" example="weave/autogenerated/2eb66d61-cb73-4767-a1ed-6ee5d1e18655/Output-Variables-docId.wev" autogeneratedOrigin="87372f18-5abd-418e-abf5-d7db82acb2df"><![CDATA[%dw 2.0

type auto_2eb66d61_cb73_4767_a1ed_6ee5d1e18655_Output_Variables_docId = Any

]]></types:shape>
    </types:type>
    <types:type name="auto_2eb66d61-cb73-4767-a1ed-6ee5d1e18655_Output-Variables-httpStatus" format="java">
      <types:shape format="raml" autogeneratedOrigin="87372f18-5abd-418e-abf5-d7db82acb2df"><![CDATA[#%RAML 1.0 DataType
type: string]]></types:shape>
    </types:type>
    <types:type name="auto_2eb66d61-cb73-4767-a1ed-6ee5d1e18655_Output-Variables-sfId" format="java">
      <types:shape format="weave" example="weave/autogenerated/2eb66d61-cb73-4767-a1ed-6ee5d1e18655/Output-Variables-sfId.wev" autogeneratedOrigin="87372f18-5abd-418e-abf5-d7db82acb2df"><![CDATA[%dw 2.0

type auto_2eb66d61_cb73_4767_a1ed_6ee5d1e18655_Output_Variables_sfId = Any

]]></types:shape>
    </types:type>
    <types:type name="auto_2eb66d61-cb73-4767-a1ed-6ee5d1e18655_Output-Variables-counter" format="java">
      <types:shape format="raml" autogeneratedOrigin="87372f18-5abd-418e-abf5-d7db82acb2df"><![CDATA[#%RAML 1.0 DataType
type: number]]></types:shape>
    </types:type>
    <types:type name="auto_2eb66d61-cb73-4767-a1ed-6ee5d1e18655_Output-Variables-consolidatedPayload" format="json">
      <types:shape format="weave" example="weave/autogenerated/2eb66d61-cb73-4767-a1ed-6ee5d1e18655/Output-Variables-consolidatedPayload.wev" autogeneratedOrigin="87372f18-5abd-418e-abf5-d7db82acb2df"><![CDATA[%dw 2.0

type auto_2eb66d61_cb73_4767_a1ed_6ee5d1e18655_Output_Variables_consolidatedPayload = Array<Nothing>

]]></types:shape>
    </types:type>
    <types:type name="auto_2eb66d61-cb73-4767-a1ed-6ee5d1e18655_Output-Variables-body" format="java">
      <types:shape format="weave" example="weave/autogenerated/2eb66d61-cb73-4767-a1ed-6ee5d1e18655/Output-Variables-body.wev" autogeneratedOrigin="87372f18-5abd-418e-abf5-d7db82acb2df"><![CDATA[%dw 2.0

type auto_2eb66d61_cb73_4767_a1ed_6ee5d1e18655_Output_Variables_body = Any

]]></types:shape>
    </types:type>
    <types:type name="auto_2eb66d61-cb73-4767-a1ed-6ee5d1e18655_Output-Variables-folderId" format="java">
      <types:shape format="weave" example="weave/autogenerated/2eb66d61-cb73-4767-a1ed-6ee5d1e18655/Output-Variables-folderId.wev" autogeneratedOrigin="87372f18-5abd-418e-abf5-d7db82acb2df"><![CDATA[%dw 2.0

type auto_2eb66d61_cb73_4767_a1ed_6ee5d1e18655_Output_Variables_folderId = Any

]]></types:shape>
    </types:type>
    <types:type name="auto_2eb66d61-cb73-4767-a1ed-6ee5d1e18655_Output-Variables-contentDocIds" format="java">
      <types:shape format="weave" example="weave/autogenerated/2eb66d61-cb73-4767-a1ed-6ee5d1e18655/Output-Variables-contentDocIds.wev" autogeneratedOrigin="87372f18-5abd-418e-abf5-d7db82acb2df"><![CDATA[%dw 2.0

type auto_2eb66d61_cb73_4767_a1ed_6ee5d1e18655_Output_Variables_contentDocIds = Any

]]></types:shape>
    </types:type>
    <types:type name="auto_8d465201-0d50-46c0-805c-b15b0b40a6ec_Input-Payload" format="java">
      <types:shape format="weave" example="weave/autogenerated/8d465201-0d50-46c0-805c-b15b0b40a6ec/Input-Payload.wev" autogeneratedOrigin="4858cee1-3d69-457f-889a-555390830790"><![CDATA[%dw 2.0

type auto_8d465201_0d50_46c0_805c_b15b0b40a6ec_Input_Payload = Any

]]></types:shape>
    </types:type>
    <types:type name="auto_8d465201-0d50-46c0-805c-b15b0b40a6ec_Input-Attributes" format="java">
      <types:shape format="weave" example="weave/autogenerated/8d465201-0d50-46c0-805c-b15b0b40a6ec/Input-Attributes.wev" autogeneratedOrigin="4858cee1-3d69-457f-889a-555390830790"><![CDATA[%dw 2.0

type auto_8d465201_0d50_46c0_805c_b15b0b40a6ec_Input_Attributes = Null

]]></types:shape>
    </types:type>
    <types:type name="auto_8d465201-0d50-46c0-805c-b15b0b40a6ec_Input-Variables-rootMessage" format="java">
      <types:shape format="weave" example="weave/autogenerated/8d465201-0d50-46c0-805c-b15b0b40a6ec/Input-Variables-rootMessage.wev" autogeneratedOrigin="4858cee1-3d69-457f-889a-555390830790"><![CDATA[%dw 2.0

type auto_8d465201_0d50_46c0_805c_b15b0b40a6ec_Input_Variables_rootMessage = {| payload: Any |} {"typeId": "org.mule.runtime.api.message.Message"}

]]></types:shape>
    </types:type>
    <types:type name="auto_8d465201-0d50-46c0-805c-b15b0b40a6ec_Input-Variables-docId" format="java">
      <types:shape format="weave" example="weave/autogenerated/8d465201-0d50-46c0-805c-b15b0b40a6ec/Input-Variables-docId.wev" autogeneratedOrigin="4858cee1-3d69-457f-889a-555390830790"><![CDATA[%dw 2.0

type auto_8d465201_0d50_46c0_805c_b15b0b40a6ec_Input_Variables_docId = Any

]]></types:shape>
    </types:type>
    <types:type name="auto_8d465201-0d50-46c0-805c-b15b0b40a6ec_Input-Variables-httpStatus" format="java">
      <types:shape format="raml" autogeneratedOrigin="4858cee1-3d69-457f-889a-555390830790"><![CDATA[#%RAML 1.0 DataType
type: string]]></types:shape>
    </types:type>
    <types:type name="auto_8d465201-0d50-46c0-805c-b15b0b40a6ec_Input-Variables-sfId" format="java">
      <types:shape format="weave" example="weave/autogenerated/8d465201-0d50-46c0-805c-b15b0b40a6ec/Input-Variables-sfId.wev" autogeneratedOrigin="4858cee1-3d69-457f-889a-555390830790"><![CDATA[%dw 2.0

type auto_8d465201_0d50_46c0_805c_b15b0b40a6ec_Input_Variables_sfId = Any

]]></types:shape>
    </types:type>
    <types:type name="auto_8d465201-0d50-46c0-805c-b15b0b40a6ec_Input-Variables-counter" format="java">
      <types:shape format="raml" autogeneratedOrigin="4858cee1-3d69-457f-889a-555390830790"><![CDATA[#%RAML 1.0 DataType
type: number]]></types:shape>
    </types:type>
    <types:type name="auto_8d465201-0d50-46c0-805c-b15b0b40a6ec_Input-Variables-consolidatedPayload" format="json">
      <types:shape format="weave" example="weave/autogenerated/8d465201-0d50-46c0-805c-b15b0b40a6ec/Input-Variables-consolidatedPayload.wev" autogeneratedOrigin="4858cee1-3d69-457f-889a-555390830790"><![CDATA[%dw 2.0

type auto_8d465201_0d50_46c0_805c_b15b0b40a6ec_Input_Variables_consolidatedPayload = Array<Nothing>

]]></types:shape>
    </types:type>
    <types:type name="auto_8d465201-0d50-46c0-805c-b15b0b40a6ec_Input-Variables-body" format="java">
      <types:shape format="weave" example="weave/autogenerated/8d465201-0d50-46c0-805c-b15b0b40a6ec/Input-Variables-body.wev" autogeneratedOrigin="4858cee1-3d69-457f-889a-555390830790"><![CDATA[%dw 2.0

type auto_8d465201_0d50_46c0_805c_b15b0b40a6ec_Input_Variables_body = Any

]]></types:shape>
    </types:type>
    <types:type name="auto_8d465201-0d50-46c0-805c-b15b0b40a6ec_Input-Variables-folderId" format="java">
      <types:shape format="weave" example="weave/autogenerated/8d465201-0d50-46c0-805c-b15b0b40a6ec/Input-Variables-folderId.wev" autogeneratedOrigin="4858cee1-3d69-457f-889a-555390830790"><![CDATA[%dw 2.0

type auto_8d465201_0d50_46c0_805c_b15b0b40a6ec_Input_Variables_folderId = Any

]]></types:shape>
    </types:type>
    <types:type name="auto_8d465201-0d50-46c0-805c-b15b0b40a6ec_Input-Variables-contentDocIds" format="java">
      <types:shape format="weave" example="weave/autogenerated/8d465201-0d50-46c0-805c-b15b0b40a6ec/Input-Variables-contentDocIds.wev" autogeneratedOrigin="4858cee1-3d69-457f-889a-555390830790"><![CDATA[%dw 2.0

type auto_8d465201_0d50_46c0_805c_b15b0b40a6ec_Input_Variables_contentDocIds = Any

]]></types:shape>
    </types:type>
    <types:type name="auto_8d465201-0d50-46c0-805c-b15b0b40a6ec_Output-Payload" format="java">
      <types:shape format="weave" example="weave/autogenerated/8d465201-0d50-46c0-805c-b15b0b40a6ec/Output-Payload.wev" autogeneratedOrigin="4858cee1-3d69-457f-889a-555390830790"><![CDATA[%dw 2.0

type auto_8d465201_0d50_46c0_805c_b15b0b40a6ec_Output_Payload = Any

]]></types:shape>
    </types:type>
    <types:type name="auto_8d465201-0d50-46c0-805c-b15b0b40a6ec_Output-Attributes" format="java">
      <types:shape format="weave" example="weave/autogenerated/8d465201-0d50-46c0-805c-b15b0b40a6ec/Output-Attributes.wev" autogeneratedOrigin="4858cee1-3d69-457f-889a-555390830790"><![CDATA[%dw 2.0

type auto_8d465201_0d50_46c0_805c_b15b0b40a6ec_Output_Attributes = Null

]]></types:shape>
    </types:type>
    <types:type name="auto_8d465201-0d50-46c0-805c-b15b0b40a6ec_Output-Variables-rootMessage" format="java">
      <types:shape format="weave" example="weave/autogenerated/8d465201-0d50-46c0-805c-b15b0b40a6ec/Output-Variables-rootMessage.wev" autogeneratedOrigin="4858cee1-3d69-457f-889a-555390830790"><![CDATA[%dw 2.0

type auto_8d465201_0d50_46c0_805c_b15b0b40a6ec_Output_Variables_rootMessage = {| payload: Any |} {"typeId": "org.mule.runtime.api.message.Message"}

]]></types:shape>
    </types:type>
    <types:type name="auto_8d465201-0d50-46c0-805c-b15b0b40a6ec_Output-Variables-docId" format="java">
      <types:shape format="weave" example="weave/autogenerated/8d465201-0d50-46c0-805c-b15b0b40a6ec/Output-Variables-docId.wev" autogeneratedOrigin="4858cee1-3d69-457f-889a-555390830790"><![CDATA[%dw 2.0

type auto_8d465201_0d50_46c0_805c_b15b0b40a6ec_Output_Variables_docId = Any

]]></types:shape>
    </types:type>
    <types:type name="auto_8d465201-0d50-46c0-805c-b15b0b40a6ec_Output-Variables-httpStatus" format="java">
      <types:shape format="raml" autogeneratedOrigin="4858cee1-3d69-457f-889a-555390830790"><![CDATA[#%RAML 1.0 DataType
type: string]]></types:shape>
    </types:type>
    <types:type name="auto_8d465201-0d50-46c0-805c-b15b0b40a6ec_Output-Variables-sfId" format="java">
      <types:shape format="weave" example="weave/autogenerated/8d465201-0d50-46c0-805c-b15b0b40a6ec/Output-Variables-sfId.wev" autogeneratedOrigin="4858cee1-3d69-457f-889a-555390830790"><![CDATA[%dw 2.0

type auto_8d465201_0d50_46c0_805c_b15b0b40a6ec_Output_Variables_sfId = Any

]]></types:shape>
    </types:type>
    <types:type name="auto_8d465201-0d50-46c0-805c-b15b0b40a6ec_Output-Variables-counter" format="java">
      <types:shape format="raml" autogeneratedOrigin="4858cee1-3d69-457f-889a-555390830790"><![CDATA[#%RAML 1.0 DataType
type: number]]></types:shape>
    </types:type>
    <types:type name="auto_8d465201-0d50-46c0-805c-b15b0b40a6ec_Output-Variables-consolidatedPayload" format="json">
      <types:shape format="weave" example="weave/autogenerated/8d465201-0d50-46c0-805c-b15b0b40a6ec/Output-Variables-consolidatedPayload.wev" autogeneratedOrigin="4858cee1-3d69-457f-889a-555390830790"><![CDATA[%dw 2.0

type auto_8d465201_0d50_46c0_805c_b15b0b40a6ec_Output_Variables_consolidatedPayload = Array<Nothing>

]]></types:shape>
    </types:type>
    <types:type name="auto_8d465201-0d50-46c0-805c-b15b0b40a6ec_Output-Variables-body" format="java">
      <types:shape format="weave" example="weave/autogenerated/8d465201-0d50-46c0-805c-b15b0b40a6ec/Output-Variables-body.wev" autogeneratedOrigin="4858cee1-3d69-457f-889a-555390830790"><![CDATA[%dw 2.0

type auto_8d465201_0d50_46c0_805c_b15b0b40a6ec_Output_Variables_body = Any

]]></types:shape>
    </types:type>
    <types:type name="auto_8d465201-0d50-46c0-805c-b15b0b40a6ec_Output-Variables-folderId" format="java">
      <types:shape format="weave" example="weave/autogenerated/8d465201-0d50-46c0-805c-b15b0b40a6ec/Output-Variables-folderId.wev" autogeneratedOrigin="4858cee1-3d69-457f-889a-555390830790"><![CDATA[%dw 2.0

type auto_8d465201_0d50_46c0_805c_b15b0b40a6ec_Output_Variables_folderId = Any

]]></types:shape>
    </types:type>
    <types:type name="auto_8d465201-0d50-46c0-805c-b15b0b40a6ec_Output-Variables-contentDocIds" format="java">
      <types:shape format="weave" example="weave/autogenerated/8d465201-0d50-46c0-805c-b15b0b40a6ec/Output-Variables-contentDocIds.wev" autogeneratedOrigin="4858cee1-3d69-457f-889a-555390830790"><![CDATA[%dw 2.0

type auto_8d465201_0d50_46c0_805c_b15b0b40a6ec_Output_Variables_contentDocIds = Any

]]></types:shape>
    </types:type>
    <types:type name="auto_a4eaa950-94ee-43ff-b033-b513088adc82_Input-Payload" format="java">
      <types:shape format="weave" example="weave/autogenerated/a4eaa950-94ee-43ff-b033-b513088adc82/Input-Payload.wev" autogeneratedOrigin="be717172-c992-4b96-a5fc-8fd241e21d2f"><![CDATA[%dw 2.0

type auto_a4eaa950_94ee_43ff_b033_b513088adc82_Input_Payload = {|
  scheduledDate: Date, 
  status: String
|}

]]></types:shape>
    </types:type>
    <types:type name="auto_a4eaa950-94ee-43ff-b033-b513088adc82_Output-Payload" format="json">
      <types:shape format="weave" example="weave/autogenerated/a4eaa950-94ee-43ff-b033-b513088adc82/Output-Payload.wev" autogeneratedOrigin="be717172-c992-4b96-a5fc-8fd241e21d2f"><![CDATA[%dw 2.0

type auto_a4eaa950_94ee_43ff_b033_b513088adc82_Output_Payload = {| message: String |}

]]></types:shape>
    </types:type>
    <types:type name="auto_a4eaa950-94ee-43ff-b033-b513088adc82_Output-Variables-inputParams" format="java">
      <types:shape format="weave" example="weave/autogenerated/a4eaa950-94ee-43ff-b033-b513088adc82/Output-Variables-inputParams.wev" autogeneratedOrigin="be717172-c992-4b96-a5fc-8fd241e21d2f"><![CDATA[%dw 2.0

type auto_a4eaa950_94ee_43ff_b033_b513088adc82_Output_Variables_inputParams = Any

]]></types:shape>
    </types:type>
    <types:type name="auto_90e5e6c3-ce9c-4e64-aea3-dc54c064a632_Output-Payload" format="java">
      <types:shape format="weave" example="weave/autogenerated/90e5e6c3-ce9c-4e64-aea3-dc54c064a632/Output-Payload.wev" autogeneratedOrigin="927a91ec-aa47-4670-9cc7-74d41db287a9"><![CDATA[%dw 2.0

type auto_90e5e6c3_ce9c_4e64_aea3_dc54c064a632_Output_Payload = Any

]]></types:shape>
    </types:type>
    <types:type name="auto_90e5e6c3-ce9c-4e64-aea3-dc54c064a632_Output-Variables-jobId" format="java">
      <types:shape format="weave" example="weave/autogenerated/90e5e6c3-ce9c-4e64-aea3-dc54c064a632/Output-Variables-jobId.wev" autogeneratedOrigin="927a91ec-aa47-4670-9cc7-74d41db287a9"><![CDATA[%dw 2.0

type auto_90e5e6c3_ce9c_4e64_aea3_dc54c064a632_Output_Variables_jobId = Any

]]></types:shape>
    </types:type>
    <types:type name="auto_243aec77-3826-46ee-8129-3ce157a51a97_Input-Variables-jobId" format="java">
      <types:shape format="weave" example="weave/autogenerated/243aec77-3826-46ee-8129-3ce157a51a97/Input-Variables-jobId.wev" autogeneratedOrigin="7502db02-86eb-427c-86d2-ebd9c17643b9"><![CDATA[%dw 2.0

type auto_243aec77_3826_46ee_8129_3ce157a51a97_Input_Variables_jobId = Any

]]></types:shape>
    </types:type>
    <types:type name="auto_243aec77-3826-46ee-8129-3ce157a51a97_Output-Payload" format="json">
      <types:shape format="weave" example="weave/autogenerated/243aec77-3826-46ee-8129-3ce157a51a97/Output-Payload.wev" autogeneratedOrigin="7502db02-86eb-427c-86d2-ebd9c17643b9"><![CDATA[%dw 2.0

type auto_243aec77_3826_46ee_8129_3ce157a51a97_Output_Payload = Any

]]></types:shape>
    </types:type>
    <types:type name="auto_243aec77-3826-46ee-8129-3ce157a51a97_Output-Variables-jobId" format="java">
      <types:shape format="weave" example="weave/autogenerated/243aec77-3826-46ee-8129-3ce157a51a97/Output-Variables-jobId.wev" autogeneratedOrigin="7502db02-86eb-427c-86d2-ebd9c17643b9"><![CDATA[%dw 2.0

type auto_243aec77_3826_46ee_8129_3ce157a51a97_Output_Variables_jobId = Any

]]></types:shape>
    </types:type>
  </types:catalog>
  <types:enrichment select="#f8c871ef-e26e-41d7-b9b1-753cbfce65af">
    <types:processor-declaration>
      <types:input-event>
        <types:variables>
          <types:variable name="httpStatus" type="auto_f8c871ef-e26e-41d7-b9b1-753cbfce65af_Input-Variables-httpStatus"/>
          <types:variable name="counter" type="auto_f8c871ef-e26e-41d7-b9b1-753cbfce65af_Input-Variables-counter"/>
          <types:variable name="folderId" type="auto_f8c871ef-e26e-41d7-b9b1-753cbfce65af_Input-Variables-folderId"/>
        </types:variables>
      </types:input-event>
      <types:output-event>
        <types:variables>
          <types:variable name="httpStatus" type="auto_f8c871ef-e26e-41d7-b9b1-753cbfce65af_Output-Variables-httpStatus"/>
          <types:variable name="counter" type="auto_f8c871ef-e26e-41d7-b9b1-753cbfce65af_Output-Variables-counter"/>
          <types:variable name="folderId" type="auto_f8c871ef-e26e-41d7-b9b1-753cbfce65af_Output-Variables-folderId"/>
        </types:variables>
      </types:output-event>
    </types:processor-declaration>
  </types:enrichment>
  <types:enrichment select="#72a2380e-96c0-4079-9bba-e3b6553fbf32">
    <types:processor-declaration>
      <types:output-event>
        <types:message>
          <types:payload type="auto_72a2380e-96c0-4079-9bba-e3b6553fbf32_Output-Payload"/>
        </types:message>
        <types:variables>
          <types:variable name="body" type="auto_72a2380e-96c0-4079-9bba-e3b6553fbf32_Output-Variables-body"/>
        </types:variables>
      </types:output-event>
    </types:processor-declaration>
  </types:enrichment>
  <types:enrichment select="#598728cb-9a1e-467a-95ba-e06ea183251b">
    <types:processor-declaration>
      <types:input-event>
        <types:variables>
          <types:variable name="httpStatus" type="auto_598728cb-9a1e-467a-95ba-e06ea183251b_Input-Variables-httpStatus"/>
          <types:variable name="consolidatedPayload" type="auto_598728cb-9a1e-467a-95ba-e06ea183251b_Input-Variables-consolidatedPayload"/>
          <types:variable name="contentDocIds" type="auto_598728cb-9a1e-467a-95ba-e06ea183251b_Input-Variables-contentDocIds"/>
        </types:variables>
      </types:input-event>
      <types:output-event>
        <types:message>
          <types:payload type="auto_598728cb-9a1e-467a-95ba-e06ea183251b_Output-Payload"/>
        </types:message>
        <types:variables>
          <types:variable name="httpStatus" type="auto_598728cb-9a1e-467a-95ba-e06ea183251b_Output-Variables-httpStatus"/>
          <types:variable name="consolidatedPayload" type="auto_598728cb-9a1e-467a-95ba-e06ea183251b_Output-Variables-consolidatedPayload"/>
          <types:variable name="body" type="auto_598728cb-9a1e-467a-95ba-e06ea183251b_Output-Variables-body"/>
          <types:variable name="contentDocIds" type="auto_598728cb-9a1e-467a-95ba-e06ea183251b_Output-Variables-contentDocIds"/>
        </types:variables>
      </types:output-event>
    </types:processor-declaration>
  </types:enrichment>
  <types:enrichment select="#2eb66d61-cb73-4767-a1ed-6ee5d1e18655">
    <types:processor-declaration>
      <types:input-event>
        <types:message>
          <types:payload type="auto_2eb66d61-cb73-4767-a1ed-6ee5d1e18655_Input-Payload"/>
          <types:attributes type="auto_2eb66d61-cb73-4767-a1ed-6ee5d1e18655_Input-Attributes"/>
        </types:message>
        <types:variables>
          <types:variable name="rootMessage" type="auto_2eb66d61-cb73-4767-a1ed-6ee5d1e18655_Input-Variables-rootMessage"/>
          <types:variable name="docId" type="auto_2eb66d61-cb73-4767-a1ed-6ee5d1e18655_Input-Variables-docId"/>
          <types:variable name="httpStatus" type="auto_2eb66d61-cb73-4767-a1ed-6ee5d1e18655_Input-Variables-httpStatus"/>
          <types:variable name="sfId" type="auto_2eb66d61-cb73-4767-a1ed-6ee5d1e18655_Input-Variables-sfId"/>
          <types:variable name="counter" type="auto_2eb66d61-cb73-4767-a1ed-6ee5d1e18655_Input-Variables-counter"/>
          <types:variable name="consolidatedPayload" type="auto_2eb66d61-cb73-4767-a1ed-6ee5d1e18655_Input-Variables-consolidatedPayload"/>
          <types:variable name="body" type="auto_2eb66d61-cb73-4767-a1ed-6ee5d1e18655_Input-Variables-body"/>
          <types:variable name="folderId" type="auto_2eb66d61-cb73-4767-a1ed-6ee5d1e18655_Input-Variables-folderId"/>
          <types:variable name="contentDocIds" type="auto_2eb66d61-cb73-4767-a1ed-6ee5d1e18655_Input-Variables-contentDocIds"/>
        </types:variables>
      </types:input-event>
      <types:output-event>
        <types:message>
          <types:payload type="auto_2eb66d61-cb73-4767-a1ed-6ee5d1e18655_Output-Payload"/>
          <types:attributes type="auto_2eb66d61-cb73-4767-a1ed-6ee5d1e18655_Output-Attributes"/>
        </types:message>
        <types:variables>
          <types:variable name="rootMessage" type="auto_2eb66d61-cb73-4767-a1ed-6ee5d1e18655_Output-Variables-rootMessage"/>
          <types:variable name="docId" type="auto_2eb66d61-cb73-4767-a1ed-6ee5d1e18655_Output-Variables-docId"/>
          <types:variable name="httpStatus" type="auto_2eb66d61-cb73-4767-a1ed-6ee5d1e18655_Output-Variables-httpStatus"/>
          <types:variable name="sfId" type="auto_2eb66d61-cb73-4767-a1ed-6ee5d1e18655_Output-Variables-sfId"/>
          <types:variable name="counter" type="auto_2eb66d61-cb73-4767-a1ed-6ee5d1e18655_Output-Variables-counter"/>
          <types:variable name="consolidatedPayload" type="auto_2eb66d61-cb73-4767-a1ed-6ee5d1e18655_Output-Variables-consolidatedPayload"/>
          <types:variable name="body" type="auto_2eb66d61-cb73-4767-a1ed-6ee5d1e18655_Output-Variables-body"/>
          <types:variable name="folderId" type="auto_2eb66d61-cb73-4767-a1ed-6ee5d1e18655_Output-Variables-folderId"/>
          <types:variable name="contentDocIds" type="auto_2eb66d61-cb73-4767-a1ed-6ee5d1e18655_Output-Variables-contentDocIds"/>
        </types:variables>
      </types:output-event>
    </types:processor-declaration>
  </types:enrichment>
  <types:enrichment select="#8d465201-0d50-46c0-805c-b15b0b40a6ec">
    <types:processor-declaration>
      <types:input-event>
        <types:message>
          <types:payload type="auto_8d465201-0d50-46c0-805c-b15b0b40a6ec_Input-Payload"/>
          <types:attributes type="auto_8d465201-0d50-46c0-805c-b15b0b40a6ec_Input-Attributes"/>
        </types:message>
        <types:variables>
          <types:variable name="rootMessage" type="auto_8d465201-0d50-46c0-805c-b15b0b40a6ec_Input-Variables-rootMessage"/>
          <types:variable name="docId" type="auto_8d465201-0d50-46c0-805c-b15b0b40a6ec_Input-Variables-docId"/>
          <types:variable name="httpStatus" type="auto_8d465201-0d50-46c0-805c-b15b0b40a6ec_Input-Variables-httpStatus"/>
          <types:variable name="sfId" type="auto_8d465201-0d50-46c0-805c-b15b0b40a6ec_Input-Variables-sfId"/>
          <types:variable name="counter" type="auto_8d465201-0d50-46c0-805c-b15b0b40a6ec_Input-Variables-counter"/>
          <types:variable name="consolidatedPayload" type="auto_8d465201-0d50-46c0-805c-b15b0b40a6ec_Input-Variables-consolidatedPayload"/>
          <types:variable name="body" type="auto_8d465201-0d50-46c0-805c-b15b0b40a6ec_Input-Variables-body"/>
          <types:variable name="folderId" type="auto_8d465201-0d50-46c0-805c-b15b0b40a6ec_Input-Variables-folderId"/>
          <types:variable name="contentDocIds" type="auto_8d465201-0d50-46c0-805c-b15b0b40a6ec_Input-Variables-contentDocIds"/>
        </types:variables>
      </types:input-event>
      <types:output-event>
        <types:message>
          <types:payload type="auto_8d465201-0d50-46c0-805c-b15b0b40a6ec_Output-Payload"/>
          <types:attributes type="auto_8d465201-0d50-46c0-805c-b15b0b40a6ec_Output-Attributes"/>
        </types:message>
        <types:variables>
          <types:variable name="rootMessage" type="auto_8d465201-0d50-46c0-805c-b15b0b40a6ec_Output-Variables-rootMessage"/>
          <types:variable name="docId" type="auto_8d465201-0d50-46c0-805c-b15b0b40a6ec_Output-Variables-docId"/>
          <types:variable name="httpStatus" type="auto_8d465201-0d50-46c0-805c-b15b0b40a6ec_Output-Variables-httpStatus"/>
          <types:variable name="sfId" type="auto_8d465201-0d50-46c0-805c-b15b0b40a6ec_Output-Variables-sfId"/>
          <types:variable name="counter" type="auto_8d465201-0d50-46c0-805c-b15b0b40a6ec_Output-Variables-counter"/>
          <types:variable name="consolidatedPayload" type="auto_8d465201-0d50-46c0-805c-b15b0b40a6ec_Output-Variables-consolidatedPayload"/>
          <types:variable name="body" type="auto_8d465201-0d50-46c0-805c-b15b0b40a6ec_Output-Variables-body"/>
          <types:variable name="folderId" type="auto_8d465201-0d50-46c0-805c-b15b0b40a6ec_Output-Variables-folderId"/>
          <types:variable name="contentDocIds" type="auto_8d465201-0d50-46c0-805c-b15b0b40a6ec_Output-Variables-contentDocIds"/>
        </types:variables>
      </types:output-event>
    </types:processor-declaration>
  </types:enrichment>
  <types:enrichment select="#a4eaa950-94ee-43ff-b033-b513088adc82">
    <types:processor-declaration>
      <types:input-event>
        <types:message>
          <types:payload type="auto_a4eaa950-94ee-43ff-b033-b513088adc82_Input-Payload"/>
        </types:message>
      </types:input-event>
      <types:output-event>
        <types:message>
          <types:payload type="auto_a4eaa950-94ee-43ff-b033-b513088adc82_Output-Payload"/>
        </types:message>
        <types:variables>
          <types:variable name="inputParams" type="auto_a4eaa950-94ee-43ff-b033-b513088adc82_Output-Variables-inputParams"/>
        </types:variables>
      </types:output-event>
    </types:processor-declaration>
  </types:enrichment>
  <types:enrichment select="#90e5e6c3-ce9c-4e64-aea3-dc54c064a632">
    <types:processor-declaration>
      <types:input-event>
        <types:variables>
          <types:variable name="jobId" type="null"/>
        </types:variables>
      </types:input-event>
      <types:output-event>
        <types:message>
          <types:payload type="auto_90e5e6c3-ce9c-4e64-aea3-dc54c064a632_Output-Payload"/>
        </types:message>
        <types:variables>
          <types:variable name="jobId" type="auto_90e5e6c3-ce9c-4e64-aea3-dc54c064a632_Output-Variables-jobId"/>
        </types:variables>
      </types:output-event>
    </types:processor-declaration>
  </types:enrichment>
  <types:enrichment select="#243aec77-3826-46ee-8129-3ce157a51a97">
    <types:processor-declaration>
      <types:input-event>
        <types:variables>
          <types:variable name="jobId" type="auto_243aec77-3826-46ee-8129-3ce157a51a97_Input-Variables-jobId"/>
        </types:variables>
      </types:input-event>
      <types:output-event>
        <types:message>
          <types:payload type="auto_243aec77-3826-46ee-8129-3ce157a51a97_Output-Payload"/>
        </types:message>
        <types:variables>
          <types:variable name="jobId" type="auto_243aec77-3826-46ee-8129-3ce157a51a97_Output-Variables-jobId"/>
        </types:variables>
      </types:output-event>
    </types:processor-declaration>
  </types:enrichment>
  <types:enrichment select="#92c029c0-9678-4fa2-867c-d24c64fdcae2"/>
</types:mule>