<?xml version="1.0" encoding="UTF-8"?>

<mule xmlns:http="http://www.mulesoft.org/schema/mule/http"
	xmlns:ee="http://www.mulesoft.org/schema/mule/ee/core"
	xmlns="http://www.mulesoft.org/schema/mule/core"
	xmlns:doc="http://www.mulesoft.org/schema/mule/documentation"
	xmlns:xsi="http://www.w3.org/2001/XMLSchema-instance"
	xsi:schemaLocation="
http://www.mulesoft.org/schema/mule/http http://www.mulesoft.org/schema/mule/http/current/mule-http.xsd 
http://www.mulesoft.org/schema/mule/ee/core http://www.mulesoft.org/schema/mule/ee/core/current/mule-ee.xsd http://www.mulesoft.org/schema/mule/core http://www.mulesoft.org/schema/mule/core/current/mule.xsd">
	<sub-flow name="create-box-folder-subflow"
		doc:id="72a2380e-96c0-4079-9bba-e3b6553fbf32">
		<logger level="INFO" doc:name="Flow Start"
			doc:id="fe13e8a9-486f-4c8f-b4d7-4cdb45a53c87"
			message='#[%dw 2.0&#10;output application/json&#10;---&#10;"CorrelationId : " ++ vars.correlationId ++ " flow to create box folder started"]' />
		<ee:transform doc:name="Request Body For POST"
			doc:id="4e9322a7-3e6a-40a9-be18-4d61cb4a4998">
			<ee:message />
			<ee:variables>
				<ee:set-variable variableName="body"><![CDATA[%dw 2.0
output application/json
---
{
  "name": vars.folderName, //This is application License ID under this will upload all files
  "parent": { 
    "id": '${box.sys.parentFolderId}' 
  }
}]]></ee:set-variable>
			</ee:variables>
		</ee:transform>
		<until-successful
			maxRetries="${until-successful.maxRetries}"
			doc:name="Until Successful"
			doc:id="b0a8527d-48bb-42d4-a537-0dc8554b496a"
			millisBetweenRetries="${until-successful.millisBetweenRetries}">
			<try doc:name="Try" doc:id="c2a9ff1b-dfc8-4c85-b25c-c6e65881a4a4">
				<http:request method="POST"
					doc:name="HTTP POST Create Folder to box-sys-api"
					doc:id="8322359d-f875-4fb5-afab-6f41de390763"
					config-ref="box-sys-api-request" path="${box.sys.foldersPath}"
					sendCorrelationId="ALWAYS" correlationId="#[vars.correlationId]">
					<http:body><![CDATA[#[vars.body]]]></http:body>
					<http:headers><![CDATA[#[vars.settingRequiredHeaders]]]></http:headers>

				</http:request>
				<error-handler>
					<on-error-propagate enableNotifications="true"
						logException="true" doc:name="On Error Propagate"
						doc:id="7ea82a51-8e2b-49e1-a45a-e1f23195d63e" type="ANY">
						<logger level="ERROR" doc:name="Error Message"
							doc:id="a1efab15-19d8-4a4a-9734-cbc8f4db370d"
							message='#[error.errorType.asString ++ " Error occured while connecting to Box"]' />
					</on-error-propagate>
				</error-handler>
			</try>
		</until-successful>
		<set-variable value="#[payload.folderId]" doc:name="Set Variable folderId" doc:id="fc1c4966-148a-4ff0-b36f-6f50259eee1f" variableName="folderId" />
		<ee:transform doc:name="Response From POST Call"
			doc:id="7e88c3f6-3c57-471b-a6e3-fc4d053245ac">
			<ee:message>
				<ee:set-payload><![CDATA[%dw 2.0
output application/json
---
{
	"appId": vars.appId,
	"appName": vars.folderName,
	"folderURL": '${exp.folderPath}' ++ payload.folderId as String,
	"comment": ""
}]]></ee:set-payload>
			</ee:message>
			<ee:variables />
		
</ee:transform>
		<logger level="INFO" doc:name="Flow End"
			doc:id="d6abe820-55b5-4245-8e57-30e6dd92e7fd"
			message='#[%dw 2.0&#10;output application/json&#10;---&#10;"CorrelationId : " ++ vars.correlationId ++ " flow to create box folder ended"]' />
	</sub-flow>
</mule>
