<?xml version="1.0" encoding="UTF-8"?>

<mule xmlns:ee="http://www.mulesoft.org/schema/mule/ee/core"
	xmlns:box="http://www.mulesoft.org/schema/mule/box"
	xmlns="http://www.mulesoft.org/schema/mule/core"
	xmlns:doc="http://www.mulesoft.org/schema/mule/documentation"
	xmlns:xsi="http://www.w3.org/2001/XMLSchema-instance"
	xsi:schemaLocation="http://www.mulesoft.org/schema/mule/core http://www.mulesoft.org/schema/mule/core/current/mule.xsd
http://www.mulesoft.org/schema/mule/box http://www.mulesoft.org/schema/mule/box/current/mule-box.xsd
http://www.mulesoft.org/schema/mule/ee/core http://www.mulesoft.org/schema/mule/ee/core/current/mule-ee.xsd">
	<flow name="createFolderFlow"
		doc:id="bc207ae1-84b0-49b8-be06-db420872a05d">
		<until-successful maxRetries="${until-successful.maxRetries}" doc:name="Until Successful" doc:id="d8374718-f540-4ecb-bd0c-ae073ea119f9" millisBetweenRetries="${until-successful.millisBetweenRetries}">
			<box:create-folders doc:name="Create folder" doc:id="939569bf-3f88-4a4c-a491-390b6c567ffd" config-ref="Box_Connector_Config_jwt_custom_key" />
		</until-successful>
		<ee:transform doc:name="response"
			doc:id="4cf69e9f-3e03-4976-80b6-4377818797c3">
			<ee:message>
				<ee:set-payload><![CDATA[%dw 2.0
output application/json
---
{
	"type": payload.'type',
    "parentId": payload.parent.id,
    "folderId": payload.id,
    "folderName": payload.name
}]]></ee:set-payload>
			</ee:message>
		</ee:transform>
		<error-handler >
			<on-error-continue enableNotifications="true" logException="true" doc:name="On Error Continue" doc:id="39644db2-d399-4041-a5ae-48cb60c1707f" type="BOX:CLIENT_ERROR">
				<ee:transform doc:name="Transform Message" doc:id="8b5940bd-9fb6-4731-8b8e-e991ed739b2d" >
					<ee:message >
						<ee:set-attributes ><![CDATA[%dw 2.0
output application/json
---
{
	"uriParams": {'folderId': payload.parent.id}
}]]></ee:set-attributes>
					</ee:message>
					<ee:variables >
						<ee:set-variable variableName="folderName" ><![CDATA[%dw 2.0
output application/java
---
payload.name]]></ee:set-variable>
						<ee:set-variable variableName="parentId" ><![CDATA[%dw 2.0
output application/json
---
payload.parent.id]]></ee:set-variable>
					</ee:variables>
				</ee:transform>
				<flow-ref doc:name="getFolderDetailsByFolderIdFlow" doc:id="8d18f62a-7fda-4b32-99cb-8b24a51d4768" name="getFolderDetailsByFolderIdFlow"/>
				<ee:transform doc:name="Transform Message" doc:id="6936e572-e702-4a55-b544-172a86c6ee96" >
					<ee:message >
						<ee:set-payload ><![CDATA[%dw 2.0
output application/json
---
(payload.item_collection.entries filter ((item, index) -> item.name == vars.folderName))[0]]]></ee:set-payload>
					</ee:message>
				</ee:transform>
				<ee:transform doc:name="Transform Message" doc:id="49cd51ff-4043-4128-90c2-63865295173f" >
					<ee:message >
						<ee:set-payload ><![CDATA[%dw 2.0
output application/json
---
{
	"type": payload.'type',
    "parentId": vars.parentId,
    "folderId": payload.id,
    "folderName": payload.name
}]]></ee:set-payload>
					</ee:message>
				</ee:transform>
			</on-error-continue>
		</error-handler>
	</flow>
</mule>
