<?xml version="1.0" encoding="UTF-8"?>

<mule xmlns:ee="http://www.mulesoft.org/schema/mule/ee/core" xmlns:box="http://www.mulesoft.org/schema/mule/box"
	xmlns="http://www.mulesoft.org/schema/mule/core"
	xmlns:doc="http://www.mulesoft.org/schema/mule/documentation" xmlns:xsi="http://www.w3.org/2001/XMLSchema-instance" xsi:schemaLocation="http://www.mulesoft.org/schema/mule/core http://www.mulesoft.org/schema/mule/core/current/mule.xsd
http://www.mulesoft.org/schema/mule/box http://www.mulesoft.org/schema/mule/box/current/mule-box.xsd
http://www.mulesoft.org/schema/mule/ee/core http://www.mulesoft.org/schema/mule/ee/core/current/mule-ee.xsd">
	<sub-flow name="deleteFolderByFolderIdFlow" doc:id="7e92d919-cbbf-4cb7-b3b4-16b278752f44" >
		<try doc:name="Try" doc:id="22fbefe5-5a6c-45fc-b37c-666e788ed6e9" >
			<until-successful maxRetries="${until-successful.maxRetries}" doc:name="Until Successful" doc:id="f937cf74-6455-48a4-b3ea-bc9edc42b21c" millisBetweenRetries="${until-successful.millisBetweenRetries}">
			<box:delete-folders-by-folder-id doc:name="Delete folder" doc:id="c41f08d1-48fe-4475-85ae-248b3cc7a085" config-ref="Box_Connector_Config_jwt_custom_key" folderId="#[vars.'folderId']" />
		</until-successful>
			<error-handler >
				<on-error-continue enableNotifications="true" logException="true" doc:name="On Error Continue" doc:id="9e46c6bc-9c09-49a2-a38d-f0e0c1f7ac35" type="BOX:NOT_FOUND">
					<ee:transform doc:name="Transform Message" doc:id="66c9b5b9-f592-4d77-8d38-3be44e4357c2" >
						<ee:message >
						</ee:message>
						<ee:variables >
							<ee:set-variable variableName="emptyError" ><![CDATA[%dw 2.0
output application/json
---
"The Folder with Id : " ++ vars.folderId default "" ++ " does not exists in BOX" default ""]]></ee:set-variable>
						</ee:variables>
					</ee:transform>
				</on-error-continue>
			</error-handler>
		</try>
		<ee:transform doc:name="Transform Message" doc:id="a5200c1d-bde1-48f0-abbf-0e556cb3d267" >
			<ee:message >
				<ee:set-payload ><![CDATA[%dw 2.0
output application/json
---
if(isBlank(vars.emptyError))
{
    "message": "Folder with id: " ++ vars.'folderId' default ""++ " removed successfully."
} else vars.emptyError]]></ee:set-payload>
			</ee:message>
		</ee:transform>
	</sub-flow>
</mule>
