<?xml version="1.0" encoding="UTF-8"?>

<mule xmlns:file="http://www.mulesoft.org/schema/mule/file" xmlns:ee="http://www.mulesoft.org/schema/mule/ee/core"
	xmlns:box="http://www.mulesoft.org/schema/mule/box"
	xmlns="http://www.mulesoft.org/schema/mule/core" xmlns:doc="http://www.mulesoft.org/schema/mule/documentation" xmlns:xsi="http://www.w3.org/2001/XMLSchema-instance" xsi:schemaLocation="http://www.mulesoft.org/schema/mule/core http://www.mulesoft.org/schema/mule/core/current/mule.xsd
http://www.mulesoft.org/schema/mule/box http://www.mulesoft.org/schema/mule/box/current/mule-box.xsd
http://www.mulesoft.org/schema/mule/ee/core http://www.mulesoft.org/schema/mule/ee/core/current/mule-ee.xsd
http://www.mulesoft.org/schema/mule/file http://www.mulesoft.org/schema/mule/file/current/mule-file.xsd">
	<sub-flow name="downloadAllFilesFromFolderFlow" doc:id="8f7855be-a044-44f3-a6ae-574f1d45332f" >
		<until-successful maxRetries="${until-successful.maxRetries}" doc:name="Until Successful" doc:id="b7c752d6-7e5d-4e36-99e0-fbe9d5e1aef0" millisBetweenRetries="${until-successful.millisBetweenRetries}">
			<box:get-folders-items-by-folder-id doc:name="List items in folder" doc:id="b278ba96-18fc-401e-8c6d-ff0219d76550" config-ref="Box_Connector_Config_jwt_custom_key" folderId="#[attributes.uriParams.'folderId']" sort="ID" direction="ASC" />
		</until-successful>
		<ee:transform doc:name="Transform Message" doc:id="ff92955b-e3bc-46f8-9059-1ecaf8c04b8b" >
			<ee:message >
				<ee:set-payload ><![CDATA[%dw 2.0
output application/json
---
payload]]></ee:set-payload>
			</ee:message>
		</ee:transform>
		<parallel-foreach doc:name="Parallel For Each" doc:id="bc5e5d70-fa76-44d0-b017-c9d1bf7a0c4c" collection="#[%dw 2.0&#10;output application/json&#10;---&#10;payload.id]" target="finalPay">
			<until-successful maxRetries="${until-successful.maxRetries}" doc:name="Until Successful" doc:id="40d01e2e-64be-4beb-b045-4614e3a91f2a" millisBetweenRetries="${until-successful.millisBetweenRetries}">
				<box:get-files-content-by-file-id doc:name="Download file" doc:id="45f5055b-8201-45b5-a65d-fb1aa1242b31" config-ref="Box_Connector_Config_jwt_custom_key" fileId="#[payload]" target="outputPayload" />
			</until-successful>
		</parallel-foreach>
	</sub-flow>
</mule>
