<?xml version="1.0" encoding="UTF-8"?>

<mule xmlns:ee="http://www.mulesoft.org/schema/mule/ee/core"
	xmlns:box="http://www.mulesoft.org/schema/mule/box"
	xmlns="http://www.mulesoft.org/schema/mule/core"
	xmlns:doc="http://www.mulesoft.org/schema/mule/documentation"
	xmlns:xsi="http://www.w3.org/2001/XMLSchema-instance"
	xsi:schemaLocation="http://www.mulesoft.org/schema/mule/core http://www.mulesoft.org/schema/mule/core/current/mule.xsd
http://www.mulesoft.org/schema/mule/box http://www.mulesoft.org/schema/mule/box/current/mule-box.xsd
http://www.mulesoft.org/schema/mule/ee/core http://www.mulesoft.org/schema/mule/ee/core/current/mule-ee.xsd">
	<sub-flow name="listAllFilesByFolderIdFlow"
		doc:id="d73824e2-499e-4402-9260-f45fdfe1f621">
		<until-successful
			maxRetries="${until-successful.maxRetries}"
			doc:name="Until Successful"
			doc:id="e271a5b5-8732-4d48-97ca-bf42709f95ad"
			millisBetweenRetries="${until-successful.millisBetweenRetries}">
			<box:get-folders-items-by-folder-id
				doc:name="List items in folder"
				doc:id="5d17bc1c-8b33-4fa4-9a0d-7b1e4c4b8924"
				config-ref="Box_Connector_Config_jwt_custom_key"
				folderId="#[attributes.uriParams.'folderId']" />
		</until-successful>
		<!-- [STUDIO:"Transform Message"]		<ee:transform doc:name="Transform Message" doc:id="ab549f79-86fb-4c35-aa8b-572d63919f78" >
			<ee:message >
				<ee:set-payload ><![CDATA[%dw 2.0
output application/json
&#45;&#45;-
payload map{
    "fileId": $.id,
    "fileName": $.name
}&#93;&#93;></ee:set-payload>
			</ee:message>
		</ee:transform> [STUDIO] -->
		<ee:transform doc:name="Transform Message" doc:id="4abb0d82-2c11-41f2-b187-90388702d281" >
			<ee:message >
				<ee:set-payload ><![CDATA[%dw 2.0
output application/json
---
payload.id]]></ee:set-payload>
			</ee:message>
		</ee:transform>
	</sub-flow>
</mule>
