<?xml version="1.0" encoding="UTF-8"?>
<mule xmlns="http://www.mulesoft.org/schema/mule/core" xmlns:apikit="http://www.mulesoft.org/schema/mule/mule-apikit" xmlns:doc="http://www.mulesoft.org/schema/mule/documentation" xmlns:ee="http://www.mulesoft.org/schema/mule/ee/core" xmlns:http="http://www.mulesoft.org/schema/mule/http" xmlns:xsi="http://www.w3.org/2001/XMLSchema-instance" xsi:schemaLocation="http://www.mulesoft.org/schema/mule/core http://www.mulesoft.org/schema/mule/core/current/mule.xsd http://www.mulesoft.org/schema/mule/http http://www.mulesoft.org/schema/mule/http/current/mule-http.xsd http://www.mulesoft.org/schema/mule/mule-apikit http://www.mulesoft.org/schema/mule/mule-apikit/current/mule-apikit.xsd http://www.mulesoft.org/schema/mule/ee/core http://www.mulesoft.org/schema/mule/ee/core/current/mule-ee.xsd ">
    <flow name="common-prc-api-main">
        <http:listener path="${http.path}" config-ref="common-prc-http-listener-config">
            <http:response statusCode="#[vars.httpStatus default 200]">
                <http:headers><![CDATA[#[vars.outboundHeaders default {}]]]></http:headers>
            </http:response>
            <http:error-response statusCode="#[vars.httpStatus default 500]">
                <http:body><![CDATA[#[payload]]]></http:body>
                <http:headers><![CDATA[#[vars.outboundHeaders default {}]]]></http:headers>
            </http:error-response>
        </http:listener>
        <set-variable value="#[%dw 2.0&#xA;output application/json&#xA;---&#xA;attributes.headers.&quot;x-correlation-id&quot; default correlationId]" doc:name="set var correlationId" doc:id="e9b47865-e0cd-48b5-94f8-ae62e302e033" variableName="correlationId" />
        <set-variable value="#[if (attributes.headers.'org_name' contains &quot;grants&quot;) &quot;grants&quot; else &quot;vocational&quot;]" doc:name="Set orgName Variable" doc:id="b15a351c-57a0-4075-ab0b-119545ea935d" variableName="orgName" />
        <flow-ref doc:name="SettingRequiredHeaders" doc:id="468a6276-3244-439c-82fe-96afe26b9a9d" name="SettingRequiredHeaders" />
        <logger level="INFO" doc:name="common-prc-api started" doc:id="7a82f45d-6e38-42e5-b43f-ddab107580a8" message="#[vars.correlationId default &quot;&quot; ++ &quot; common-prc-api started - at : &quot; ++ now()]" />
        <apikit:router config-ref="common-prc-api-config" />
        <logger level="INFO" doc:name="common-prc-api ended" doc:id="b3ff2a77-aedc-435e-8e9d-7ec7b088f81d" message="#[vars.correlationId default &quot;&quot; ++ &quot; common-prc-api ended - at : &quot; ++ now()]" />
        <error-handler ref="global-error-handler" />
    </flow>
    <flow name="common-prc-api-console">
        <http:listener path="/console/*" config-ref="common-prc-http-listener-config">
            <http:response statusCode="#[vars.httpStatus default 200]">
                <http:headers><![CDATA[#[vars.outboundHeaders default {}]]]></http:headers>
            </http:response>
            <http:error-response statusCode="#[vars.httpStatus default 500]">
                <http:body><![CDATA[#[payload]]]></http:body>
                <http:headers><![CDATA[#[vars.outboundHeaders default {}]]]></http:headers>
            </http:error-response>
        </http:listener>
        <choice doc:name="Enable/Disable Console" doc:id="42e60e1b-7a91-4a6b-8f5b-e2ae6e96b1d4">
            <when expression="${api.viewConsole} ">
                <apikit:console config-ref="common-prc-api-config" />
            </when>
            <otherwise>
                <ee:transform doc:name="The Console is disabled." doc:id="d5f6ef40-e288-4d08-a870-16ac0b272082">
                    <ee:message>
                        <ee:set-payload><![CDATA[%dw 2.0
output application/json
---
"The Console is disabled."]]></ee:set-payload>
                    </ee:message>
                </ee:transform>
            </otherwise>
        </choice>
        <error-handler ref="global-error-handler" />
    </flow>
    <flow name="get:\api\v1\ping:common-prc-api-config">
        <logger level="INFO" doc:name="Start Log" doc:id="433e9eba-ec8e-4125-b418-3f773723da16" message="#[vars.correlationId default &quot;&quot; ++ &quot; ping flow started. - at : &quot; ++ now()]" />
        <ee:transform doc:name="Response" doc:id="cf4192b5-e2f4-443f-869d-4b13ae5ed3ae">
            <ee:message>
                <ee:set-payload><![CDATA[%dw 2.0
output application/json
---
{
  status: "UP",
  api: "${api.name}",
  env: "${api.env}",
  timestamp: now() as String {format: "dd/MM/yyyy HH:mm:SS"}
}]]></ee:set-payload>
            </ee:message>
        </ee:transform>
        <logger level="INFO" doc:name="End Log" doc:id="ca8b4c58-72b9-4b8b-92b8-5d4d007ffd25" message="#[vars.correlationId default &quot;&quot; ++ &quot; ping flow ended. - at : &quot; ++ now()]" />
    </flow>
    <flow name="get:\api\v1\health-check:common-prc-api-config">
        <logger level="INFO" doc:name="Start Log" doc:id="ce9489c9-f5fb-4822-9764-c5aacb881b9d" message="#[vars.correlationId default &quot;&quot; ++ &quot; health-check flow started. - at : &quot; ++ now()]" />
        <ee:transform doc:name="Response" doc:id="7a57926d-eadc-44a7-80bc-f495a120cdd8">
            <ee:message>
                <ee:set-payload><![CDATA[%dw 2.0
output application/json
---
{
  response: {
    application: "${api.name}",
    buildversion: "${api.buildversion}",
    buildTimestamp: now() as String {format: "dd/MM/yyyy HH:mm:SS"},
    status: "UP",
    env: "${api.env}",
    systems: [
      {
        name: "Common Prc API",
        status: "UP"
      }
    ]
  }
}]]></ee:set-payload>
            </ee:message>
        </ee:transform>
        <logger level="INFO" doc:name="End Log" doc:id="d4584214-58ae-43a9-84be-34185030a8e7" message="#[vars.correlationId default &quot;&quot; ++ &quot; health-check flow ended. - at : &quot; ++ now()]" />
    </flow>
    <flow name="post:\api\v1\files:application\json:common-prc-api-config">
        <set-variable value="#[payload.appName]" doc:name="Set Variable folderName AKA businessLicenseApplicationName" doc:id="9b5f88c5-cee0-40ea-ad92-fc179ed7070d" variableName="folderName" />
        <set-variable value="#[payload.appId]" doc:name="Set Variable appId AKA businessLicenseApplicationId" doc:id="f0cc6f9e-4c81-45ce-94ec-7de329c1fdf4" variableName="appId" />
        <choice doc:name="Choice" doc:id="b2cc8f6a-df88-47b5-ad2a-10fa4f80e23f">
            <when expression="#[!isEmpty(vars.folderName)]">
                <flow-ref doc:name="upload-file-main-logic" doc:id="2fb4e6c4-ac23-46d3-907a-65772e3d05c3" name="upload-file-main-logic" />
                <ee:transform doc:name="Set Response" doc:id="95bf180a-d092-4d0d-bfcb-5ceb6ad53e07">
                    <ee:message>
                        <ee:set-payload><![CDATA[%dw 2.0
output application/json
---
//vars.consolidatedPayload default []
payload]]></ee:set-payload>
                    </ee:message>
                </ee:transform>
            </when>
            <otherwise>
                <logger level="INFO" doc:name="Logger" doc:id="f0acdfea-f512-4d83-aae1-312f2fbc7800" message="Application Id is empty" />
            </otherwise>
        </choice>
        <logger level="INFO" doc:name="End Log" doc:id="d6f42e88-6d47-4982-ae66-c470ead135fb" message="#[%dw 2.0&#xA;output application/json&#xA;---&#xA;&quot;CorrelationId : &quot; ++ vars.correlationId ++ &quot; Upload file ended&quot;]" />
    </flow>
    <flow name="get:\api\v1\files:common-prc-api-config">
        <ee:transform doc:name="set var fileId" doc:id="33a2e70b-1084-492b-a6f5-eec0f054b4a6">
            <ee:variables>
                <ee:set-variable variableName="fileId"><![CDATA[%dw 2.0
output application/json
---
attributes.queryParams.'fileId']]></ee:set-variable>
            </ee:variables>
        </ee:transform>
        <flow-ref doc:name="fetch-file-by-fileId-subflow" doc:id="25f4e616-c2ae-4c3e-a602-24996dafe6f7" name="fetch-file-by-fileId-subflow" />
    </flow>
    <flow name="get:\api\v1\files\(fileId)\info:common-prc-api-config">
        <ee:transform doc:name="set var fileId">
            <ee:variables>
                <ee:set-variable variableName="fileId"><![CDATA[%dw 2.0
output application/json
---
attributes.uriParams.'fileId']]></ee:set-variable>
            </ee:variables>
        </ee:transform>
        <flow-ref doc:name="fetch-fileInfo-by-fileId-subflow" doc:id="8fcc5b70-b804-4ef6-8d3b-3d414323a8b4" name="fetch-fileInfo-by-fileId-subflow" />
    </flow>
    <flow name="get:\api\v1\folders\(folderId)\info:common-prc-api-config">
        <ee:transform doc:name="set var folderId">
            <ee:variables>
                <ee:set-variable variableName="folderId"><![CDATA[%dw 2.0
output application/json
---
attributes.uriParams.'folderId']]></ee:set-variable>
            </ee:variables>
        </ee:transform>
        <flow-ref doc:name="fetch-folderInfo-by-folderId-subflow" doc:id="4980f1a4-a23e-4136-868b-9c8a4a946a1a" name="fetch-folderInfo-by-folderId-subflow" />
    </flow>
    <flow name="get:\api\v1\payments:common-prc-api-config">
        <logger level="INFO" doc:name="Logger" doc:id="7d2ebab7-2356-4c73-8848-71bb7be4930f" />
    </flow>
    <flow name="post:\api\v1\payments:application\json:common-prc-api-config">
        <flow-ref doc:name="update-payment-record-subflow" doc:id="1bd54caf-7aa6-472f-aa7e-e6bfdce7ef3c" name="update-payment-record-subflow" />
    </flow>
    <flow name="get:\api\v1\job-listings\(jobId):common-prc-api-config" doc:id="d7fc0c1a-db71-48ac-b79b-257b839751e1">
        <ee:transform doc:name="Set jobId variable" doc:id="b26e9c3c-bb27-435a-99f7-d8f5be23fe76">
            <ee:variables>
                <ee:set-variable variableName="jobId"><![CDATA[%dw 2.0
output application/json
---
attributes.uriParams.'jobId']]></ee:set-variable>
            </ee:variables>
        </ee:transform>
        <flow-ref doc:name="fetch-db-record-by-jobId-subflow" doc:id="3d751e56-db5d-4b02-aea7-6413b160b21f" name="fetch-db-record-by-jobId-subflow" />
    </flow>
    <flow name="post:\api\v1\job-listings:application\json:common-prc-api-config">
        <flow-ref doc:name="create-db-records-subflow" doc:id="5342b165-8493-4f08-87b5-1b54aa270ca3" name="create-db-records-subflow" />
    </flow>
    <flow name="patch:\api\v1\job-listings\(jobId):application\json:common-prc-api-config">
        <ee:transform doc:name="Set jobId variable">
            <ee:variables>
                <ee:set-variable variableName="jobId"><![CDATA[%dw 2.0
output application/json
---
attributes.uriParams.'jobId']]></ee:set-variable>
            </ee:variables>
        </ee:transform>
        <flow-ref doc:name="update-records-subflow" doc:id="53dbe565-a50f-4ee4-a544-a32c6bbc7dd7" name="update-db-record-by-jobId-subflow" />
    </flow>
    <flow name="get:\api\v1\job\(jobId):common-prc-api-config">
        <ee:transform doc:name="Set jobId variable" doc:id="03b67575-40f7-45fc-b48a-cac7426124c3">
            <ee:variables>
                <ee:set-variable variableName="jobId"><![CDATA[%dw 2.0
output application/json
---
attributes.uriParams.'jobId']]></ee:set-variable>
            </ee:variables>
        </ee:transform>
        <flow-ref doc:name="get-job-by-jobId-subflow" doc:id="927a91ec-aa47-4670-9cc7-74d41db287a9" name="get-job-by-jobId-subflow" />
    </flow>
    <flow name="post:\api\v1\job:application\json:common-prc-api-config">
        <flow-ref doc:name="create-job-subflow" doc:id="7f277ae9-ce7b-40e2-9a7d-e9425510f2ba" name="create-job-subflow" />
    </flow>
    <flow name="patch:\api\v1\job\(jobId):application\json:common-prc-api-config">
        <ee:transform doc:name="Set jobId variable" doc:id="8a5f52a4-171d-408b-8d67-db345bc35151">
            <ee:variables>
                <ee:set-variable variableName="jobId"><![CDATA[%dw 2.0
output application/json
---
attributes.uriParams.'jobId']]></ee:set-variable>
            </ee:variables>
        </ee:transform>
        <flow-ref doc:name="update-job-by-jobId-subflow" doc:id="7502db02-86eb-427c-86d2-ebd9c17643b9" name="update-job-by-jobId-subflow" />
    </flow>
    <flow name="get:\api\v1\folder\(folder-name)\docs:common-prc-api-config">
        <ee:transform doc:name="Set fileName, folderName variable" doc:id="53342c69-1189-46fb-becd-35bb70758be4">
			<ee:message />
			<ee:variables>
				<ee:set-variable variableName="fileName"><![CDATA[%dw 2.0
output application/json
---
attributes.queryParams.'fileName']]></ee:set-variable>
				<ee:set-variable variableName="folderName"><![CDATA[%dw 2.0
output application/json
---
attributes.uriParams.'folder-name']]></ee:set-variable>
			</ee:variables>
		</ee:transform>
		<flow-ref doc:name="retrieve-doc-subflow" doc:id="126c68be-38d9-404c-91cf-edccda4220f3" name="retrieve-doc-subflow" />
    </flow>
	<flow name="delete:\api\v1\folder\(folder-name)\docs:common-prc-api-config">
		<ee:transform doc:name="Set fileName, folderName variable" doc:id="5f87f833-8a87-4439-8783-66782cc64a1e" >
			<ee:message />
			<ee:variables >
				<ee:set-variable variableName="fileName" ><![CDATA[%dw 2.0
output application/json
---
attributes.queryParams.'fileName']]></ee:set-variable>
				<ee:set-variable variableName="folderName" ><![CDATA[%dw 2.0
output application/json
---
attributes.uriParams.'folder-name']]></ee:set-variable>
			</ee:variables>
		</ee:transform>
		<flow-ref doc:name="delete-doc-subflow" doc:id="5d3b4e83-241d-49b4-8a12-9e077393a369" name="delete-doc-subflow" />
    </flow>
    <flow name="get:\api\v1\folder\(folder-name)\folder-info:common-prc-api-config">
        <ee:transform doc:name="Set folderName variable" doc:id="92c029c0-9678-4fa2-867c-d24c64fdcae2">
			<ee:message />
			<ee:variables>
				<ee:set-variable variableName="folderName"><![CDATA[%dw 2.0
output application/json
---
attributes.uriParams.'folder-name']]></ee:set-variable>
			</ee:variables>
		</ee:transform>
		<flow-ref doc:name="retrieve-all-doc-names-subflow" doc:id="46f219ec-f516-4ab9-846b-7ba1b9b15684" name="retrieve-all-doc-names-subflow" />
    </flow>
</mule>
