<?xml version="1.0" encoding="UTF-8"?>

<mule
	xmlns:apikit="http://www.mulesoft.org/schema/mule/mule-apikit"
	xmlns:http="http://www.mulesoft.org/schema/mule/http"
	xmlns:api-gateway="http://www.mulesoft.org/schema/mule/api-gateway"
	xmlns:secure-properties="http://www.mulesoft.org/schema/mule/secure-properties"
	xmlns:salesforce="http://www.mulesoft.org/schema/mule/salesforce"
	xmlns="http://www.mulesoft.org/schema/mule/core"
	xmlns:doc="http://www.mulesoft.org/schema/mule/documentation"
	xmlns:xsi="http://www.w3.org/2001/XMLSchema-instance"
	xsi:schemaLocation="
http://www.mulesoft.org/schema/mule/mule-apikit http://www.mulesoft.org/schema/mule/mule-apikit/current/mule-apikit.xsd 
http://www.mulesoft.org/schema/mule/http http://www.mulesoft.org/schema/mule/http/current/mule-http.xsd 
http://www.mulesoft.org/schema/mule/api-gateway http://www.mulesoft.org/schema/mule/api-gateway/current/mule-api-gateway.xsd http://www.mulesoft.org/schema/mule/core http://www.mulesoft.org/schema/mule/core/current/mule.xsd
http://www.mulesoft.org/schema/mule/salesforce http://www.mulesoft.org/schema/mule/salesforce/current/mule-salesforce.xsd
http://www.mulesoft.org/schema/mule/secure-properties http://www.mulesoft.org/schema/mule/secure-properties/current/mule-secure-properties.xsd">
	<apikit:config name="common-prc-api-config"
		api="common-prc-api.raml" outboundHeadersMapName="outboundHeaders"
		httpStatusVarName="httpStatus" />
	<http:listener-config
		name="common-prc-http-listener-config" doc:name="HTTP Listener config"
		doc:id="8d92d26c-6cf8-4abd-9535-1dc963bdf866">
		<http:listener-connection host="${http.host}"
			port="${http.port}" />
	</http:listener-config>
	<salesforce:sfdc-config
		name="salesforce-config-oauth-username-password"
		doc:name="Salesforce Config"
		doc:id="626e4c66-141d-4154-9cc4-6c239bea3039">
		<salesforce:oauth-user-pass-connection
			consumerKey="3MVG9KKry1V.ZVkvy5bKow0JBNNL.2ZluBv7fr4DDGEIKgc7rqDuSpB9HKvuXAaLrSZCh9zDM.9NVN.9Ec7Rp"
			consumerSecret="8F85175D95642520A52ACBCC2573B95DFD5267F57A33BDE3367794DD56FB1B33"
			username="dhruv.trivedi@cloudsynapps.com.mecp"
			password="Salesforce@2023" />

	</salesforce:sfdc-config>
	<api-gateway:autodiscovery apiId="${api.id}"
		ignoreBasePath="true" doc:name="api-autodiscovery"
		doc:id="e4298487-8e95-471d-928c-5317c5b0ba43"
		flowRef="common-prc-api-main" />
	<http:request-config name="box-sys-api-request"
		doc:name="HTTP Request configuration"
		doc:id="48ecd66e-a2a2-4123-b61c-ea36fa389598"
		basePath="${box.sys.basePath}" requestStreamingMode="ALWAYS">
		<http:request-connection
			host="${box.sys.host}" port="${box.sys.port}">
		</http:request-connection>
	</http:request-config>
	<http:request-config name="sf-sys-api-request"
		doc:name="HTTP Request configuration"
		doc:id="33d23729-5f27-411e-b891-95286b66d125"
		basePath="${sf.sys.basePath}" requestStreamingMode="ALWAYS">
		<http:request-connection host="${sf.sys.host}"
			port="${sf.sys.port}">
		</http:request-connection>
	</http:request-config>
	<http:request-config name="payment-sys-api-request"
		doc:name="HTTP Request configuration"
		doc:id="0f9779f5-82a7-45a6-b282-e83308873810"
		basePath="${box.sys.basePath}" requestStreamingMode="ALWAYS">
		<http:request-connection
			host="${payment.sys.host}" port="${payment.sys.port}">
		</http:request-connection>
	</http:request-config>
	<http:request-config name="mssql-sys-api-request"
		doc:name="HTTP Request configuration"
		doc:id="a6053ea5-5ccf-4a18-8db9-58e7c9a8bc77"
		basePath="${db.sys.basePath}" requestStreamingMode="ALWAYS">
		<http:request-connection
			host="${db.sys.host}" port="${db.sys.port}">
		</http:request-connection>
	</http:request-config>
	<http:request-config
		name="sharepoint-sys-api-request"
		doc:name="HTTP Request configuration"
		doc:id="c2ec245c-93f3-4f35-bdcb-1ad7e26bfa9c"
		basePath="${sharepoint.sys.basePath}" requestStreamingMode="ALWAYS">
		<http:request-connection
			host="${sharepoint.sys.host}" port="${sharepoint.sys.port}">
		</http:request-connection>
	</http:request-config>
	<configuration-properties
		doc:name="env-specific-configuration-properties"
		doc:id="e33b2cd7-d57a-4a67-8cd8-28a14ab97287"
		file="properties/${env}.yaml" />
	<configuration-properties
		doc:name="secure-configuration-properties"
		doc:id="73579775-418e-4f15-8d6b-548d366a4eeb"
		file="secure/properties/${env}-secure.yaml" />
	<secure-properties:config
		name="secure-properties-config" doc:name="secure Properties Config"
		doc:id="287012c0-f0c6-4059-8849-f05e042817d3"
		file="secure/properties/${env}-secure.yaml" key="${enc.key}" />
	<global-property doc:name="Global Property"
		doc:id="824e03a2-bad1-439a-a5e1-65fe26fdd9b5" name="env" value="local" />
	<global-property doc:name="Global Property"
		doc:id="a732a422-ad61-4bdb-9267-78aa52bd752a" name="enc.key"
		value="mulesoft12345678" />
</mule>
