<?xml version="1.0" encoding="UTF-8"?>

<mule xmlns:db="http://www.mulesoft.org/schema/mule/db" xmlns:ee="http://www.mulesoft.org/schema/mule/ee/core"
	xmlns="http://www.mulesoft.org/schema/mule/core"
	xmlns:doc="http://www.mulesoft.org/schema/mule/documentation" xmlns:xsi="http://www.w3.org/2001/XMLSchema-instance" xsi:schemaLocation="http://www.mulesoft.org/schema/mule/core http://www.mulesoft.org/schema/mule/core/current/mule.xsd
http://www.mulesoft.org/schema/mule/ee/core http://www.mulesoft.org/schema/mule/ee/core/current/mule-ee.xsd
http://www.mulesoft.org/schema/mule/db http://www.mulesoft.org/schema/mule/db/current/mule-db.xsd">
<!-- [STUDIO:"Process-Payments"]	<flow name="Process-Payments" doc:id="1dcc2dc2-51d4-467a-ac71-86f6a79c4cef" >
		<scheduler doc:name="Scheduler" doc:id="257a5695-5da6-4eb7-af8b-bee8b8ac0fc0" >
			<scheduling-strategy >
				<fixed-frequency />
			</scheduling-strategy>
		</scheduler>
		<ee:transform doc:name="Set Payload" doc:id="6b3b6dab-a6f9-4233-9d51-f42128c61b40" >
			<ee:message >
				<ee:set-payload ><![CDATA[%dw 2.0
output application/java
&#45;&#45;-
{     
   "scheduledDate" : now() as Date,
   "status" : "${status}",
}&#93;&#93;></ee:set-payload>
			</ee:message>
		</ee:transform>
		<flow-ref doc:name="update-payment-record-subflow" doc:id="be717172-c992-4b96-a5fc-8fd241e21d2f" name="update-payment-record-subflow"/>
	</flow> [STUDIO] -->
</mule>
