<?xml version='1.0' encoding='UTF-8'?>
<types:mule xmlns:types="http://www.mulesoft.org/schema/mule/types">
  <types:catalog>
    <types:type name="auto_791e42c9-3848-4f9f-8112-72b7d66521f2_Output-Payload" format="json">
      <types:shape format="weave" example="weave/autogenerated/791e42c9-3848-4f9f-8112-72b7d66521f2/Output-Payload.wev" autogeneratedOrigin="16f92b89-f810-4fb8-8103-34eb3e6413a6"><![CDATA[%dw 2.0

type auto_791e42c9_3848_4f9f_8112_72b7d66521f2_Output_Payload = Nothing

]]></types:shape>
    </types:type>
    <types:type name="auto_791e42c9-3848-4f9f-8112-72b7d66521f2_Input-Attributes" format="java">
      <types:shape format="weave" example="weave/autogenerated/791e42c9-3848-4f9f-8112-72b7d66521f2/Input-Attributes.wev" autogeneratedOrigin="16f92b89-f810-4fb8-8103-34eb3e6413a6"><![CDATA[%dw 2.0

type auto_791e42c9_3848_4f9f_8112_72b7d66521f2_Input_Attributes = {|
  clientCertificate?: {|
    publicKey?: {|  |}, 
    "type"?: String, 
    encoded?: Binary
  |}, 
  headers: {|
    "x-correlation-id": String, 
    client_id: String, 
    client_secret: String
  |}, 
  listenerPath: String, 
  method: String, 
  queryParams: {|  |}, 
  queryString: String, 
  relativePath: String, 
  remoteAddress: String, 
  requestPath: String, 
  requestUri: String, 
  scheme: String, 
  uriParams: {|  |}, 
  version: String, 
  localAddress: String
|}

]]></types:shape>
    </types:type>
    <types:type name="auto_791e42c9-3848-4f9f-8112-72b7d66521f2_Output-Variables-req" format="java">
      <types:shape format="weave" example="weave/autogenerated/791e42c9-3848-4f9f-8112-72b7d66521f2/Output-Variables-req.wev" autogeneratedOrigin="16f92b89-f810-4fb8-8103-34eb3e6413a6"><![CDATA[%dw 2.0

type auto_791e42c9_3848_4f9f_8112_72b7d66521f2_Output_Variables_req = Any

]]></types:shape>
    </types:type>
    <types:type name="auto_791e42c9-3848-4f9f-8112-72b7d66521f2_Input-Payload" format="json">
      <types:shape format="weave" example="weave/autogenerated/791e42c9-3848-4f9f-8112-72b7d66521f2/Input-Payload.wev" autogeneratedOrigin="16f92b89-f810-4fb8-8103-34eb3e6413a6"><![CDATA[%dw 2.0

type auto_791e42c9_3848_4f9f_8112_72b7d66521f2_Input_Payload = {
  nacis?: String, 
  sessionId?: String, 
  _?: Any
}

]]></types:shape>
    </types:type>
    <types:type name="auto_791e42c9-3848-4f9f-8112-72b7d66521f2_Output-Variables-headersReq" format="xml">
      <types:shape format="weave" element="auto_791e42c9-3848-4f9f-8112-72b7d66521f2_Output-Variables-headersReq" location="weave/autogenerated/791e42c9-3848-4f9f-8112-72b7d66521f2/Output-Variables-headersReq.wev" autogeneratedOrigin="16f92b89-f810-4fb8-8103-34eb3e6413a6"><![CDATA[%dw 2.0
// namespaces
ns ns0 http://soap.sforce.com/schemas/class/SiteDetails

type auto_791e42c9_3848_4f9f_8112_72b7d66521f2_Output_Variables_headersReq = {|
  headers: {|
    ns0#SessionHeader: {| ns0#sessionId: Any |}, 
    ns0#CallOptions: {| ns0#client: String |}, 
    ns0#DebuggingHeader: {|
      ns0#categories: {|
        ns0#category: String, 
        ns0#level: String
      |}, 
      ns0#debugLevel: String
    |}, 
    ns0#AllowFieldTruncationHeader: {| ns0#allowFieldTruncation: Boolean |}
  |}
|}

]]></types:shape>
    </types:type>
    <types:type name="auto_791e42c9-3848-4f9f-8112-72b7d66521f2_Output-Attributes" format="java">
      <types:shape format="weave" example="weave/autogenerated/791e42c9-3848-4f9f-8112-72b7d66521f2/Output-Attributes.wev" autogeneratedOrigin="16f92b89-f810-4fb8-8103-34eb3e6413a6"><![CDATA[%dw 2.0

type auto_791e42c9_3848_4f9f_8112_72b7d66521f2_Output_Attributes = {|
  protocolHeaders: { _?: String }, 
  additionalTransportData: { _?: String }
|} {"typeAlias": "SoapAttributes",
"typeId": "org.mule.extension.ws.api.SoapAttributes"}

]]></types:shape>
    </types:type>
    <types:type name="auto_791e42c9-3848-4f9f-8112-72b7d66521f2_Output-Variables-httpStatus" format="java">
      <types:shape format="raml" autogeneratedOrigin="16f92b89-f810-4fb8-8103-34eb3e6413a6"><![CDATA[#%RAML 1.0 DataType
type: string]]></types:shape>
    </types:type>
    <types:type name="auto_791e42c9-3848-4f9f-8112-72b7d66521f2_Input-Variables-httpStatus" format="java">
      <types:shape format="raml" autogeneratedOrigin="16f92b89-f810-4fb8-8103-34eb3e6413a6"><![CDATA[#%RAML 1.0 DataType
type: string]]></types:shape>
    </types:type>
    <types:type name="auto_791e42c9-3848-4f9f-8112-72b7d66521f2_Input-Variables-outboundHeaders" format="java">
      <types:shape format="weave" example="weave/autogenerated/791e42c9-3848-4f9f-8112-72b7d66521f2/Input-Variables-outboundHeaders.wev" autogeneratedOrigin="16f92b89-f810-4fb8-8103-34eb3e6413a6"><![CDATA[%dw 2.0

type auto_791e42c9_3848_4f9f_8112_72b7d66521f2_Input_Variables_outboundHeaders = {|  |}

]]></types:shape>
    </types:type>
    <types:type name="auto_791e42c9-3848-4f9f-8112-72b7d66521f2_Output-Variables-bodyReq" format="xml">
      <types:shape format="weave" element="auto_791e42c9-3848-4f9f-8112-72b7d66521f2_Output-Variables-bodyReq" location="weave/autogenerated/791e42c9-3848-4f9f-8112-72b7d66521f2/Output-Variables-bodyReq.wev" autogeneratedOrigin="16f92b89-f810-4fb8-8103-34eb3e6413a6"><![CDATA[%dw 2.0
// namespaces
ns ns0 http://soap.sforce.com/schemas/class/SiteDetails

type auto_791e42c9_3848_4f9f_8112_72b7d66521f2_Output_Variables_bodyReq = {| ns0#getSiteDetails: {| ns0#siteId: Any |} |}

]]></types:shape>
    </types:type>
    <types:type name="auto_791e42c9-3848-4f9f-8112-72b7d66521f2_Output-Variables-outboundHeaders" format="java">
      <types:shape format="weave" example="weave/autogenerated/791e42c9-3848-4f9f-8112-72b7d66521f2/Output-Variables-outboundHeaders.wev" autogeneratedOrigin="16f92b89-f810-4fb8-8103-34eb3e6413a6"><![CDATA[%dw 2.0

type auto_791e42c9_3848_4f9f_8112_72b7d66521f2_Output_Variables_outboundHeaders = {|  |}

]]></types:shape>
    </types:type>
  </types:catalog>
  <types:enrichment select="#791e42c9-3848-4f9f-8112-72b7d66521f2">
    <types:processor-declaration>
      <types:input-event>
        <types:message>
          <types:payload type="auto_791e42c9-3848-4f9f-8112-72b7d66521f2_Input-Payload"/>
          <types:attributes type="auto_791e42c9-3848-4f9f-8112-72b7d66521f2_Input-Attributes"/>
        </types:message>
        <types:variables>
          <types:variable name="outboundHeaders" type="auto_791e42c9-3848-4f9f-8112-72b7d66521f2_Input-Variables-outboundHeaders"/>
          <types:variable name="httpStatus" type="auto_791e42c9-3848-4f9f-8112-72b7d66521f2_Input-Variables-httpStatus"/>
        </types:variables>
      </types:input-event>
      <types:output-event>
        <types:message>
          <types:payload type="auto_791e42c9-3848-4f9f-8112-72b7d66521f2_Output-Payload"/>
          <types:attributes type="auto_791e42c9-3848-4f9f-8112-72b7d66521f2_Output-Attributes"/>
        </types:message>
        <types:variables>
          <types:variable name="outboundHeaders" type="auto_791e42c9-3848-4f9f-8112-72b7d66521f2_Output-Variables-outboundHeaders"/>
          <types:variable name="headersReq" type="auto_791e42c9-3848-4f9f-8112-72b7d66521f2_Output-Variables-headersReq"/>
          <types:variable name="httpStatus" type="auto_791e42c9-3848-4f9f-8112-72b7d66521f2_Output-Variables-httpStatus"/>
          <types:variable name="bodyReq" type="auto_791e42c9-3848-4f9f-8112-72b7d66521f2_Output-Variables-bodyReq"/>
          <types:variable name="req" type="auto_791e42c9-3848-4f9f-8112-72b7d66521f2_Output-Variables-req"/>
        </types:variables>
      </types:output-event>
    </types:processor-declaration>
  </types:enrichment>
</types:mule>