<?xml version="1.0" encoding="UTF-8"?>

<mule xmlns:ee="http://www.mulesoft.org/schema/mule/ee/core" xmlns:http="http://www.mulesoft.org/schema/mule/http"
	xmlns="http://www.mulesoft.org/schema/mule/core"
	xmlns:doc="http://www.mulesoft.org/schema/mule/documentation" xmlns:xsi="http://www.w3.org/2001/XMLSchema-instance" xsi:schemaLocation="http://www.mulesoft.org/schema/mule/core http://www.mulesoft.org/schema/mule/core/current/mule.xsd
http://www.mulesoft.org/schema/mule/http http://www.mulesoft.org/schema/mule/http/current/mule-http.xsd
http://www.mulesoft.org/schema/mule/ee/core http://www.mulesoft.org/schema/mule/ee/core/current/mule-ee.xsd">
	<flow name="processAttachmentInAsync" doc:id="10e0e4f4-95c6-42f2-8bd0-c796edbfbc34" >
		<foreach doc:name="For Each" doc:id="741d9780-94a5-4068-b5d6-5232b5b909cb" collection="#[vars.attachments]">
			<try doc:name="Try" doc:id="f9c721c7-6a6b-48f2-ac95-5891a7610dc9">
				<flow-ref doc:name="getContentVersionDataFlow" doc:id="87aea14f-9fef-477d-8c64-c6ce37cdb73d" name="getContentVersionDataFlow" />
					<flow-ref doc:name="createCallReportAttachmentFlow" doc:id="65358672-3d7f-4cdc-a9d2-82870949462c" name="createCallReportAttachmentFlow" />
					<flow-ref doc:name="deleteContentVersionDataFlow" doc:id="3aa864a0-cc00-469a-a791-067eae2fdc7b" name="deleteContentVersionDataFlow" />
					<error-handler>
						<on-error-continue enableNotifications="true" logException="true" doc:name="On Error Continue" doc:id="999fcf89-1970-4981-b027-3720ac1cd172" type="ANY">
							<logger level="ERROR" doc:name="Log Error" doc:id="67f42652-53e4-4233-b0ea-bd979cd40f18" message="Some issue occured while working on attachment, #[vars.correlationId] DocId : #[vars.temp.data] for CallReport Id : #[vars.reportId]" />
						</on-error-continue>
					</error-handler>
				</try>
		</foreach>
	</flow>
	<sub-flow name="isRegisteredUserTrue" doc:id="f4be11a7-235e-41d7-af79-b4429e74f11c" >
		<ee:transform doc:name="Setting var contactId" doc:id="b8f43386-f403-4423-9c91-5687e202d883">
							<ee:message>
							</ee:message>
							<ee:variables>
								<ee:set-variable variableName="contactId"><![CDATA[%dw 2.0
output application/java
---
vars.contactInfo[0].contactId]]></ee:set-variable>
							</ee:variables>
						</ee:transform>
		<flow-ref doc:name="getContactByContactId" doc:id="21573119-aea6-456f-a919-2c404b0c524d" name="getContactByContactId"/>
		<ee:transform doc:name="Comparing Contact Details" doc:id="41a82bef-8efc-412a-9413-f5bad7406afb">
							<ee:message>
								<ee:set-payload><![CDATA[%dw 2.0
output application/json
---
vars.contactInfo[0]]]></ee:set-payload>
							</ee:message>
							<ee:variables>
								<ee:set-variable variableName="isNotUpdated"><![CDATA[%dw 2.0
output application/json
var fromexpapi = vars.contactInfo[0] default {} - "citizenAlternatePhone" - "isRegisteredUser"
var fromsysapi = payload - "citizenAlternatePhone"
--- 
fromexpapi == fromsysapi]]></ee:set-variable>
							</ee:variables>
						</ee:transform>
		<choice doc:name="Choice" doc:id="b9cc0952-8b9b-4552-97d2-268a1d9dbcfd">
							<when expression="#[! (vars.isNotUpdated)]">
				<flow-ref doc:name="updateContactByContactId" doc:id="042da873-8eb6-4d3d-b083-bae9eeea7cd1" name="updateContactByContactId" />
							</when>
							<otherwise>
								<logger level="INFO" doc:name="Contact already updated" doc:id="93d22228-ff0b-4092-a594-8bf1fdf1967e" />
							</otherwise>
						</choice>
	</sub-flow>
	<sub-flow name="createCallReportFlow" doc:id="f16e8977-b41e-40b7-99ba-85d2405657fe" >
		<logger level="INFO" doc:name="Flow Start" doc:id="f0561e3c-79de-4bdf-8b71-bb98650812dd" message='#[%dw 2.0&#10;output application/json&#10;---&#10;"CorrelationId : " ++ vars.correlationId ++ " Create CallReports Started for Pollution Time : " ++ payload.callReport.eventDateUTC as String]' />
		<ee:transform doc:name="Request Body For POST" doc:id="ae8a2cfa-9718-4db0-a51d-f961e1803f8b" >
			<ee:message />
			<ee:variables >
				<ee:set-variable variableName="body" ><![CDATA[%dw 2.0
output application/json
--- 
[{
    "referenceNumber": payload.callReport.referenceNumber,
    "description": payload.callReport.description,
	"reportMethod": payload.callReport.reportMethod,    
	"callReport": payload.callReport.callReport,
	"pollutionAddress": payload.callReport.pollutionAddress default "",
	
	"isDust": payload.callReport.isDust default false, 
	("dustDescription": payload.callReport.dustDescription default "") if(payload.callReport.isDust),
	
	"isIllegalWasteDumping": payload.callReport.isIllegalWasteDumping default false,
	("illegalWasteDumpingDescription": payload.callReport.illegalWasteDumpingDescription default "") if(payload.callReport.isIllegalWasteDumping),
	
	"isNoise": payload.callReport.isNoise default false,
	 (("noiseInfo": {
            "noiseDescription": payload.callReport.noiseDescription default "",
            "noiseFrequency":payload.callReport.noiseFrequency default "",
            "noiseDuration": payload.callReport.noiseDuration default "",
            "noiseIntensity": payload.callReport.noiseIntensity default ""
        }) if(payload.callReport.isNoise default false).noiseInfo),
	
	
	"isOdour": payload.callReport.isOdour default false,
	(("odourInfo": {
            "odourDescription": payload.callReport.odourDescription default "",
            "odourDuration": payload.callReport.odourDuration default "",
            "odourFrequency": payload.callReport.odourFrequency default "",
            "odourIntensity": payload.callReport.odourIntensity default ""
        }) if(payload.callReport.isOdour default false).odourInfo),
	
	
	"isOtherIssue": payload.callReport.isOtherIssue default false,
	("otherIssueDescription": payload.callReport.otherIssueDescription default "") if (payload.callReport.isOtherIssue),
	
	"isSmoke": payload.callReport.isSmoke default false,
	("smokeDescription": payload.callReport.smokeDescription default "") if(payload.callReport.isSmoke),
	
	"pollutionEffectDescription": payload.callReport.pollutionEffectDescription default "",
	"pollutionSource": payload.callReport.pollutionSource default "",
	"weatherConditionsDescription": payload.callReport.weatherConditionsDescription default "",
	"windIntensity": payload.callReport.windIntensity default "",
	"utilsServiceContactFirstName": payload.callReport.utilsServiceContactFirstName default "",
	"utilsServiceContactLastName": payload.callReport.utilsServiceContactLastName default "",
	"utilsServiceContactEmail": payload.callReport.utilsServiceContactEmail default "",
	"eventDateUTC": payload.callReport.eventDateUTC default "",
	"createdTime": payload.callReport.createdTime default "",
	"integrationId": payload.callReport.integrationId default "",
	"portalId": payload.callReport.portalId default ""
}]]]></ee:set-variable>
			</ee:variables>
		</ee:transform>
		<until-successful maxRetries="${until-successful.maxRetries}" doc:name="Until Successful" doc:id="53da044b-0ae7-47a9-b118-6f9eb198e904" millisBetweenRetries="${until-successful.millisBetweenRetries}" >
			<try doc:name="Try" doc:id="5ca5b47c-b765-4722-9565-627b74b124b1" >
				<http:request method="POST" doc:name="HTTP POST CallReport call to siebel-sys-api" doc:id="37ed45a6-abbc-4995-a167-38d329dc3bb3" config-ref="siebel-sys-api_request" path="${sys.callReportPath}" sendCorrelationId="ALWAYS" correlationId="#[vars.correlationId]" >
					<http:body ><![CDATA[#[vars.body]]]></http:body>
					<http:headers ><![CDATA[#[vars.settingRequiredHeaders]]]></http:headers>
				</http:request>
				<error-handler >
					<on-error-propagate enableNotifications="true" logException="true" doc:name="On Error Propagate" doc:id="0d118216-2c6b-483e-b36b-acc3e9175e60" type="ANY" >
						<logger level="ERROR" doc:name="Error Message" doc:id="207f05fe-a527-45cc-b945-cda734e0e207" message='#[error.errorType.asString ++ " Error occured while connecting to SIEBEL"]' />
					</on-error-propagate>
				</error-handler>
			</try>
		</until-successful>
		<ee:transform doc:name="Response From POST Call" doc:id="2e035f17-359f-4360-b9ff-54140980dea0" >
			<ee:message >
				<ee:set-payload ><![CDATA[%dw 2.0
output application/json
---
payload]]></ee:set-payload>
			</ee:message>
		</ee:transform>
	</sub-flow>
	<sub-flow name="createCallReportAttachmentFlow" doc:id="b670e43a-e84d-4728-b415-4f05eda3993d" >
		<logger level="INFO" doc:name="Flow Start" doc:id="ad170ab2-de84-4075-956b-ce06c61a289e" message='#[%dw 2.0&#10;output application/json&#10;---&#10;"CorrelationId : " ++ vars.correlationId ++ " Create CallReportAttachment Started "]'/>
		<until-successful maxRetries="${until-successful.maxRetries}" doc:name="Until Successful" doc:id="e1e6b937-b862-41ea-bb71-a6b59fbb8ca8" millisBetweenRetries="${until-successful.millisBetweenRetries}">
			<try doc:name="Try" doc:id="3b8a7e68-84fe-4e2b-91ef-719aa44b59ed">
			<http:request method="POST" doc:name="HTTP POST attachment call to siebel-sys-api" doc:id="3827683c-574b-471b-97cd-fb7c1baa9ad7" config-ref="siebel-sys-api_request" path="${sys.callReportAttachmentByReportId}">
			<http:uri-params><![CDATA[#[output application/json
---
{
	reportId : vars.reportId
}]]]></http:uri-params>
		</http:request>
				<error-handler >
					<on-error-continue enableNotifications="true" logException="true" doc:name="On Error Continue" doc:id="5e6bdfbb-e8bc-4559-86fb-8aaedfacb404" type="ANY">
						<logger level="INFO" doc:name="Error Message" doc:id="9ef153d8-3faa-42b1-9147-20f9fcd79a28" message='#[error.errorType.asString ++ " Error occured while connecting"]'/>
					</on-error-continue>
				</error-handler>
		</try>
		</until-successful>
		<logger level="INFO" doc:name="Flow End" doc:id="1a62e800-c590-41ae-969e-511d95b3c5ef" message='#[%dw 2.0&#10;output application/json&#10;---&#10;"CorrelationId : " ++ vars.correlationId ++ " Create CallReportAttachment Ended "]'/>
	</sub-flow>
	<sub-flow name="createCallReportConsolidatedFlow" doc:id="d7ca1c5f-8ed5-4b08-bfb4-43d3ed9f232f" >
		<logger level="INFO" doc:name="Flow Start" doc:id="1fd3f063-c4bc-4fda-93d1-fa556d17ac06" message='#[vars.correlationId default "" ++ "createCallReportConsolidatedFlow has been started. - at : " ++ now()]' />
		<ee:transform doc:name="Setting Contact Details of exp API and Attachments" doc:id="5fe07946-6ab1-4398-98b5-0cbaa6b1c612">
					<ee:message>
					</ee:message>
			<ee:variables >
				<ee:set-variable variableName="contactInfo" ><![CDATA[%dw 2.0
output application/json
---
[{
    "contactId": payload.contact.contactId,
    "contactFirstName": payload.contact.contactFirstName,
    "contactLastName": payload.contact.contactLastName,
    "contactEmail": payload.contact.contactEmail,
    "citizenPhone": payload.contact.citizenPhone,
    "citizenAlternatePhone": "" default "",
    "isRegisteredUser" : payload.contact.isRegisteredUser default false
}]
]]></ee:set-variable>
				<ee:set-variable variableName="attachments" ><![CDATA[%dw 2.0
output application/json
---
payload.reportAttachment default []]]></ee:set-variable>
			</ee:variables>
				</ee:transform>
		<scatter-gather doc:name="Scatter-Gather" doc:id="d7ace74d-a9ff-4758-ba40-da4a8d75fc64" >
			<route >
				<choice doc:name="Choice" doc:id="b2d40452-1ed0-4e0b-91be-4314a8cf2580" >
					<when expression='#[(vars.contactInfo[0].isRegisteredUser == false) or (vars.contactInfo[0].isRegisteredUser == null)]' >
						<ee:transform doc:name="Setting Payload" doc:id="c8e58948-d26b-4832-af7e-58dc3005d3d3">
							<ee:message>
								<ee:set-payload><![CDATA[%dw 2.0
output application/json
---
vars.contactInfo]]></ee:set-payload>
							</ee:message>
						</ee:transform>
						<flow-ref doc:name="createContacts" doc:id="2969cf0e-b1b5-4d1d-a91c-8a6ba669eeff" name="createContacts" />
					</when>
					<when expression="#[vars.contactInfo[0].isRegisteredUser == true]">
						<flow-ref doc:name="isRegisteredUserTrue" doc:id="9aabf494-2bdf-462a-9983-afe1b1f9279c" name="isRegisteredUserTrue" />
					</when>
					<otherwise >
						<logger level="INFO" doc:name="Contact already exists" doc:id="d6d5f0ba-bdfa-4cdd-a973-82ff0e9fd6f5" message="Contact already exists" />
					</otherwise>
				</choice>
			</route>
			<route >
				<flow-ref doc:name="createCallReportFlow" doc:id="3cb51e94-854b-4d4e-800d-03c7f374754c" name="createCallReportFlow" />
			</route>
		</scatter-gather>
		<ee:transform doc:name="Capturing contactId and reportId into variable" doc:id="44b35fbd-c07f-4ceb-85c9-02b49113f893" >
			<ee:message />
			<ee:variables >
				<ee:set-variable variableName="contactId" ><![CDATA[%dw 2.0
output application/json
---
payload..payload[0].contactId[0]]]></ee:set-variable>
				<ee:set-variable variableName="reportId" ><![CDATA[%dw 2.0
output application/json
---
payload..payload[1].reportId[0]]]></ee:set-variable>
			</ee:variables>
		</ee:transform>
		<ee:transform doc:name="set patch request" doc:id="ad2248ca-b950-414a-85ae-7b9a3fd0719e" >
			<ee:message >
				<ee:set-payload ><![CDATA[%dw 2.0
output application/json
---
{
	reportId : vars.reportId,
	contactId : vars.contactId
}]]></ee:set-payload>
			</ee:message>
		</ee:transform>
		<http:request method="PATCH" doc:name="HTTP PATCH call to siebel-sys-api" doc:id="83418995-0b2d-414b-8428-75101f95a900" config-ref="siebel-sys-api_request" path="${sys.linkCall}" sendCorrelationId="ALWAYS" correlationId="#[vars.correlationId]">
			<http:headers ><![CDATA[#[vars.settingRequiredHeaders]]]></http:headers>
			<http:uri-params ><![CDATA[#[output application/json
---
{
	reportId : vars.reportId,
	contactId : vars.contactId
}]]]></http:uri-params>
		</http:request>
		<ee:transform doc:name="Response Mapping" doc:id="9243a081-89f2-40ca-b9df-ed38f2273d1e">
			<ee:message>
				<ee:set-payload><![CDATA[%dw 2.0
output application/json
---
{
	reportId : vars.reportId default "",
	contactId : vars.contactId default ""
}]]></ee:set-payload>
			</ee:message>
		</ee:transform>
		<logger level="INFO" doc:name="Flow End" doc:id="0ee45208-2f51-487e-81e7-5a01c9322552" message='#[vars.correlationId default "" ++ "createCallReportConsolidatedFlow has been ended. - at : " ++ now()]'/>
		<async doc:name="Async Process Post Attachment" doc:id="8e113426-af2d-4a47-b043-0818029cd175" >
			<logger level="INFO" doc:name="Start Log" doc:id="188fa4bd-f95f-462b-8381-35d4242b9253" message='#[vars.correlationId default "" ++ "Attachment flow has been Started  - at :"++ now()]' />
			<flow-ref doc:name="processAttachmentInAsync" doc:id="22cd4d6c-e404-4cc2-9ff5-002d57be3789" name="processAttachmentInAsync" />
			<logger level="INFO" doc:name="End Log" doc:id="cebd3e8e-1ff8-4dfc-add8-015163f4448b" message='#[vars.correlationId default "" ++ "Attachment flow has been Ended  - at :"++ now()]' />
		</async>
	</sub-flow>
</mule>
