<?xml version="1.0" encoding="UTF-8"?>

<mule xmlns:http="http://www.mulesoft.org/schema/mule/http" xmlns:ee="http://www.mulesoft.org/schema/mule/ee/core"
	xmlns="http://www.mulesoft.org/schema/mule/core"
	xmlns:doc="http://www.mulesoft.org/schema/mule/documentation" xmlns:xsi="http://www.w3.org/2001/XMLSchema-instance" xsi:schemaLocation="http://www.mulesoft.org/schema/mule/core http://www.mulesoft.org/schema/mule/core/current/mule.xsd
http://www.mulesoft.org/schema/mule/ee/core http://www.mulesoft.org/schema/mule/ee/core/current/mule-ee.xsd
http://www.mulesoft.org/schema/mule/http http://www.mulesoft.org/schema/mule/http/current/mule-http.xsd">
	<sub-flow name="getCallReportByContactId" doc:id="3aa2dcf7-b906-4ae9-b3d8-c461da5d82a5" >
		<logger level="INFO" doc:name="Flow Start" doc:id="79747e7f-724f-4d71-ac68-8d963d667544" message='#[%dw 2.0&#10;output application/json&#10;---&#10;"CorrelationId : " ++ vars.correlationId ++ " Get CallReportsByContactId Started for ContactId : " ++ attributes.uriParams.contactId default null]' />
		<until-successful maxRetries="${until-successful.maxRetries}" doc:name="Until Successful" doc:id="4a047b35-8062-47b3-9dab-66f99ff19ba6" millisBetweenRetries="${until-successful.millisBetweenRetries}" >
			<try doc:name="Try" doc:id="7ba8aedf-185c-41f2-a472-2eb3ebcb00d1" >
				<http:request method="GET" doc:name="HTTP GET Call Reports By ContactId call to siebel-sys-api" doc:id="f63f5a6b-cb64-4c3d-989f-d0a27f1647dc" path="${sys.callReportByContactId}" sendCorrelationId="ALWAYS" correlationId="#[vars.correlationId]" config-ref="siebel-sys-api_request">
					<reconnect count="5" blocking="false" />
					<http:headers ><![CDATA[#[vars.settingRequiredHeaders]]]></http:headers>
					<http:uri-params ><![CDATA[#[output application/json
---
{
	contactId : attributes.uriParams.contactId
}]]]></http:uri-params>
				</http:request>
				<error-handler >
					<on-error-propagate enableNotifications="true" logException="true" doc:name="On Error Propagate" doc:id="e8ed1ef5-c0f6-4275-8889-7a1fbd09c028" type="ANY" >
						<logger level="INFO" doc:name="Error Message" doc:id="aaef80f9-1abd-4ed9-9ce8-1aa2d7acfc10" message='#[error.errorType.asString ++ " Error occured while connecting to SIEBEL"]' />
					</on-error-propagate>
				</error-handler>
			</try>
		</until-successful>
		<ee:transform doc:name="Response From GET Call" doc:id="33d94a67-0f15-4f97-a929-9053097b8645">
			<ee:message>
				<ee:set-payload><![CDATA[%dw 2.0
output application/json
---
payload]]></ee:set-payload>
			</ee:message>
		</ee:transform>
		<logger level="INFO" doc:name="Flow End" doc:id="e0e672ea-9f67-4e4a-b8a9-fb319ab5250f" message='#[%dw 2.0&#10;output application/json&#10;---&#10;"CorrelationId : " ++ vars.correlationId ++ " Get CallReportsByContactId Ended"]' />
	</sub-flow>
</mule>
