<?xml version="1.0" encoding="UTF-8"?>

<mule xmlns:http="http://www.mulesoft.org/schema/mule/http" xmlns:ee="http://www.mulesoft.org/schema/mule/ee/core"
	xmlns="http://www.mulesoft.org/schema/mule/core"
	xmlns:doc="http://www.mulesoft.org/schema/mule/documentation" xmlns:xsi="http://www.w3.org/2001/XMLSchema-instance" xsi:schemaLocation="http://www.mulesoft.org/schema/mule/core http://www.mulesoft.org/schema/mule/core/current/mule.xsd
http://www.mulesoft.org/schema/mule/ee/core http://www.mulesoft.org/schema/mule/ee/core/current/mule-ee.xsd
http://www.mulesoft.org/schema/mule/http http://www.mulesoft.org/schema/mule/http/current/mule-http.xsd">
	<sub-flow name="getCallReportByReportId" doc:id="30d7f513-0db2-4f96-9dc0-d7f4a52fcb6f" >
		<logger level="INFO" doc:name="Flow Start" doc:id="d5a453e2-be5b-408c-8de9-ed887681cbe5" message='#[%dw 2.0&#10;output application/json&#10;---&#10;"CorrelationId : " ++ vars.correlationId ++ " Get CallReportByReportId Started for ReportId : " ++ attributes.uriParams.reportId default null]' />
		<until-successful maxRetries="${until-successful.maxRetries}" doc:name="Until Successful" doc:id="2a096ae7-5d59-4454-9387-54a003aea2c7" millisBetweenRetries="${until-successful.millisBetweenRetries}">
			<try doc:name="Try" doc:id="3154dee4-9b1a-4e4a-8f96-924fdf01a2d7">
				<http:request method="GET" doc:name="HTTP GET CallReport by ReportId call to siebel-sys-api" doc:id="59c7149c-0f07-4b51-ba5c-64d160d96b47" config-ref="siebel-sys-api_request" path="${sys.callReportByReportId}" sendCorrelationId="ALWAYS" correlationId="#[vars.correlationId]">
					<reconnect count="5" blocking="false" />
					<http:headers ><![CDATA[#[vars.settingRequiredHeaders]]]></http:headers>
					<http:uri-params ><![CDATA[#[output application/json
---
{
	reportId : attributes.uriParams.reportId
}]]]></http:uri-params>
				</http:request>
				<error-handler>
					<on-error-propagate enableNotifications="true" logException="true" doc:name="On Error Propagate" doc:id="fca899ae-0697-43a7-adcd-9e29b7eb56b9" type="ANY">
						<logger level="INFO" doc:name="Error Message" doc:id="d7b4bed7-7a32-4fde-8e42-4cbbc2dc50ed" message='#[error.errorType.asString ++ " Error occured while connecting to SIEBEL"]' />
					</on-error-propagate>
				</error-handler>
			</try>
		</until-successful>
		<ee:transform doc:name="Response From GET Call" doc:id="8af37c0a-88a5-4dae-abed-5abbc33a0116" >
			<ee:message >
				<ee:set-payload ><![CDATA[%dw 2.0
output application/json
---
payload]]></ee:set-payload>
			</ee:message>
		</ee:transform>
		<logger level="INFO" doc:name="Flow End" doc:id="83e6392d-2562-4798-ba73-20131b52c4a9" message='#[%dw 2.0&#10;output application/json&#10;---&#10;"CorrelationId : " ++ vars.correlationId ++ " Get CallReportByReportId Ended for ReportId : " ++ payload.reportId default null]' />
	</sub-flow>
</mule>
