<?xml version='1.0' encoding='UTF-8'?>
<types:mule xmlns:types="http://www.mulesoft.org/schema/mule/types">
  <types:catalog>
    <types:type name="auto_e8ceb43f-565e-4161-8e8e-8ba3effbf821_Input-Variables-reportId" format="java">
      <types:shape format="weave" example="weave/autogenerated/e8ceb43f-565e-4161-8e8e-8ba3effbf821/Input-Variables-reportId.wev" autogeneratedOrigin="ff8a1fe8-3fab-4217-a9d1-6329ac265334"><![CDATA[%dw 2.0

type auto_e8ceb43f_565e_4161_8e8e_8ba3effbf821_Input_Variables_reportId = Any

]]></types:shape>
    </types:type>
    <types:type name="auto_e8ceb43f-565e-4161-8e8e-8ba3effbf821_Output-Payload" format="java">
      <types:shape format="weave" example="weave/autogenerated/e8ceb43f-565e-4161-8e8e-8ba3effbf821/Output-Payload.wev" autogeneratedOrigin="ff8a1fe8-3fab-4217-a9d1-6329ac265334"><![CDATA[%dw 2.0

type auto_e8ceb43f_565e_4161_8e8e_8ba3effbf821_Output_Payload = Any

]]></types:shape>
    </types:type>
    <types:type name="auto_e8ceb43f-565e-4161-8e8e-8ba3effbf821_Output-Variables-reportId" format="java">
      <types:shape format="weave" example="weave/autogenerated/e8ceb43f-565e-4161-8e8e-8ba3effbf821/Output-Variables-reportId.wev" autogeneratedOrigin="ff8a1fe8-3fab-4217-a9d1-6329ac265334"><![CDATA[%dw 2.0

type auto_e8ceb43f_565e_4161_8e8e_8ba3effbf821_Output_Variables_reportId = Any

]]></types:shape>
    </types:type>
  </types:catalog>
  <types:enrichment select="#29a257cf-f930-4b90-adac-67e41af437e3"/>
  <types:enrichment select="#e8ceb43f-565e-4161-8e8e-8ba3effbf821">
    <types:processor-declaration>
      <types:input-event>
        <types:variables>
          <types:variable name="reportId" type="auto_e8ceb43f-565e-4161-8e8e-8ba3effbf821_Input-Variables-reportId"/>
        </types:variables>
      </types:input-event>
      <types:output-event>
        <types:message>
          <types:payload type="auto_e8ceb43f-565e-4161-8e8e-8ba3effbf821_Output-Payload"/>
        </types:message>
        <types:variables>
          <types:variable name="reportId" type="auto_e8ceb43f-565e-4161-8e8e-8ba3effbf821_Output-Variables-reportId"/>
        </types:variables>
      </types:output-event>
    </types:processor-declaration>
  </types:enrichment>
</types:mule>