<?xml version='1.0' encoding='UTF-8'?>
<types:mule xmlns:types="http://www.mulesoft.org/schema/mule/types">
  <types:catalog>
    <types:type name="auto_72a2380e-96c0-4079-9bba-e3b6553fbf32_Input-Payload" format="json">
      <types:shape format="weave" example="weave/autogenerated/72a2380e-96c0-4079-9bba-e3b6553fbf32/Input-Payload.wev" autogeneratedOrigin="a16914bf-9981-40d5-8acc-d6e0ea4ac35c"><![CDATA[%dw 2.0

type auto_72a2380e_96c0_4079_9bba_e3b6553fbf32_Input_Payload = { _?: Any }

]]></types:shape>
    </types:type>
    <types:type name="auto_72a2380e-96c0-4079-9bba-e3b6553fbf32_Input-Attributes" format="java">
      <types:shape format="weave" example="weave/autogenerated/72a2380e-96c0-4079-9bba-e3b6553fbf32/Input-Attributes.wev" autogeneratedOrigin="a16914bf-9981-40d5-8acc-d6e0ea4ac35c"><![CDATA[%dw 2.0

type auto_72a2380e_96c0_4079_9bba_e3b6553fbf32_Input_Attributes = {|
  clientCertificate?: {|
    publicKey?: {|  |}, 
    "type"?: String, 
    encoded?: Binary
  |}, 
  headers: {|
    "x-correlation-id": String, 
    client_id: String, 
    client_secret: String
  |}, 
  listenerPath: String, 
  method: String, 
  queryParams: {|  |}, 
  queryString: String, 
  relativePath: String, 
  remoteAddress: String, 
  requestPath: String, 
  requestUri: String, 
  scheme: String, 
  uriParams: {|  |}, 
  version: String, 
  localAddress: String
|}

]]></types:shape>
    </types:type>
    <types:type name="auto_72a2380e-96c0-4079-9bba-e3b6553fbf32_Input-Variables-outboundHeaders" format="java">
      <types:shape format="weave" example="weave/autogenerated/72a2380e-96c0-4079-9bba-e3b6553fbf32/Input-Variables-outboundHeaders.wev" autogeneratedOrigin="a16914bf-9981-40d5-8acc-d6e0ea4ac35c"><![CDATA[%dw 2.0

type auto_72a2380e_96c0_4079_9bba_e3b6553fbf32_Input_Variables_outboundHeaders = {|  |}

]]></types:shape>
    </types:type>
    <types:type name="auto_72a2380e-96c0-4079-9bba-e3b6553fbf32_Input-Variables-httpStatus" format="java">
      <types:shape format="raml" autogeneratedOrigin="a16914bf-9981-40d5-8acc-d6e0ea4ac35c"><![CDATA[#%RAML 1.0 DataType
type: string]]></types:shape>
    </types:type>
    <types:type name="auto_72a2380e-96c0-4079-9bba-e3b6553fbf32_Output-Payload" format="json">
      <types:shape format="weave" example="weave/autogenerated/72a2380e-96c0-4079-9bba-e3b6553fbf32/Output-Payload.wev" autogeneratedOrigin="a16914bf-9981-40d5-8acc-d6e0ea4ac35c"><![CDATA[%dw 2.0

type auto_72a2380e_96c0_4079_9bba_e3b6553fbf32_Output_Payload = {
  Message?: String, 
  _?: Any
}

]]></types:shape>
    </types:type>
    <types:type name="auto_72a2380e-96c0-4079-9bba-e3b6553fbf32_Output-Attributes" format="java">
      <types:shape format="weave" example="weave/autogenerated/72a2380e-96c0-4079-9bba-e3b6553fbf32/Output-Attributes.wev" autogeneratedOrigin="a16914bf-9981-40d5-8acc-d6e0ea4ac35c"><![CDATA[%dw 2.0

type auto_72a2380e_96c0_4079_9bba_e3b6553fbf32_Output_Attributes = {|
  clientCertificate?: {|
    publicKey?: {|  |}, 
    "type"?: String, 
    encoded?: Binary
  |}, 
  headers: {|
    "x-correlation-id": String, 
    client_id: String, 
    client_secret: String
  |}, 
  listenerPath: String, 
  method: String, 
  queryParams: {|  |}, 
  queryString: String, 
  relativePath: String, 
  remoteAddress: String, 
  requestPath: String, 
  requestUri: String, 
  scheme: String, 
  uriParams: {|  |}, 
  version: String, 
  localAddress: String
|}

]]></types:shape>
    </types:type>
    <types:type name="auto_72a2380e-96c0-4079-9bba-e3b6553fbf32_Output-Variables-outboundHeaders" format="java">
      <types:shape format="weave" example="weave/autogenerated/72a2380e-96c0-4079-9bba-e3b6553fbf32/Output-Variables-outboundHeaders.wev" autogeneratedOrigin="a16914bf-9981-40d5-8acc-d6e0ea4ac35c"><![CDATA[%dw 2.0

type auto_72a2380e_96c0_4079_9bba_e3b6553fbf32_Output_Variables_outboundHeaders = {|  |}

]]></types:shape>
    </types:type>
    <types:type name="auto_72a2380e-96c0-4079-9bba-e3b6553fbf32_Output-Variables-httpStatus" format="java">
      <types:shape format="raml" autogeneratedOrigin="a16914bf-9981-40d5-8acc-d6e0ea4ac35c"><![CDATA[#%RAML 1.0 DataType
type: string]]></types:shape>
    </types:type>
    <types:type name="auto_8530c4e8-3408-45b0-8a24-c9f3bf99c70e_Input-Variables-folderName" format="java">
      <types:shape format="weave" example="weave/autogenerated/8530c4e8-3408-45b0-8a24-c9f3bf99c70e/Input-Variables-folderName.wev" autogeneratedOrigin="41f9c67c-ddba-41d9-92cf-8988e29430d0"><![CDATA[%dw 2.0

type auto_8530c4e8_3408_45b0_8a24_c9f3bf99c70e_Input_Variables_folderName = Any

]]></types:shape>
    </types:type>
    <types:type name="auto_8530c4e8-3408-45b0-8a24-c9f3bf99c70e_Output-Payload" format="java">
      <types:shape format="weave" example="weave/autogenerated/8530c4e8-3408-45b0-8a24-c9f3bf99c70e/Output-Payload.wev" autogeneratedOrigin="41f9c67c-ddba-41d9-92cf-8988e29430d0"><![CDATA[%dw 2.0

type auto_8530c4e8_3408_45b0_8a24_c9f3bf99c70e_Output_Payload = Any

]]></types:shape>
    </types:type>
    <types:type name="auto_8530c4e8-3408-45b0-8a24-c9f3bf99c70e_Output-Variables-folderName" format="java">
      <types:shape format="weave" example="weave/autogenerated/8530c4e8-3408-45b0-8a24-c9f3bf99c70e/Output-Variables-folderName.wev" autogeneratedOrigin="41f9c67c-ddba-41d9-92cf-8988e29430d0"><![CDATA[%dw 2.0

type auto_8530c4e8_3408_45b0_8a24_c9f3bf99c70e_Output_Variables_folderName = Any

]]></types:shape>
    </types:type>
    <types:type name="auto_86f333c6-eb9b-4805-a4b1-4df21b8237a3_Input-Variables-fileName" format="java">
      <types:shape format="weave" example="weave/autogenerated/86f333c6-eb9b-4805-a4b1-4df21b8237a3/Input-Variables-fileName.wev" autogeneratedOrigin="ca043c79-a1d0-4739-9adf-0309deb050fa"><![CDATA[%dw 2.0

type auto_86f333c6_eb9b_4805_a4b1_4df21b8237a3_Input_Variables_fileName = Any

]]></types:shape>
    </types:type>
    <types:type name="auto_86f333c6-eb9b-4805-a4b1-4df21b8237a3_Output-Payload" format="java">
      <types:shape format="weave" example="weave/autogenerated/86f333c6-eb9b-4805-a4b1-4df21b8237a3/Output-Payload.wev" autogeneratedOrigin="ca043c79-a1d0-4739-9adf-0309deb050fa"><![CDATA[%dw 2.0

type auto_86f333c6_eb9b_4805_a4b1_4df21b8237a3_Output_Payload = Any

]]></types:shape>
    </types:type>
    <types:type name="auto_86f333c6-eb9b-4805-a4b1-4df21b8237a3_Output-Variables-fileName" format="java">
      <types:shape format="weave" example="weave/autogenerated/86f333c6-eb9b-4805-a4b1-4df21b8237a3/Output-Variables-fileName.wev" autogeneratedOrigin="ca043c79-a1d0-4739-9adf-0309deb050fa"><![CDATA[%dw 2.0

type auto_86f333c6_eb9b_4805_a4b1_4df21b8237a3_Output_Variables_fileName = Any

]]></types:shape>
    </types:type>
  </types:catalog>
  <types:enrichment select="#72a2380e-96c0-4079-9bba-e3b6553fbf32">
    <types:processor-declaration>
      <types:input-event>
        <types:message>
          <types:payload type="auto_72a2380e-96c0-4079-9bba-e3b6553fbf32_Input-Payload"/>
          <types:attributes type="auto_72a2380e-96c0-4079-9bba-e3b6553fbf32_Input-Attributes"/>
        </types:message>
        <types:variables>
          <types:variable name="outboundHeaders" type="auto_72a2380e-96c0-4079-9bba-e3b6553fbf32_Input-Variables-outboundHeaders"/>
          <types:variable name="httpStatus" type="auto_72a2380e-96c0-4079-9bba-e3b6553fbf32_Input-Variables-httpStatus"/>
        </types:variables>
      </types:input-event>
      <types:output-event>
        <types:message>
          <types:payload type="auto_72a2380e-96c0-4079-9bba-e3b6553fbf32_Output-Payload"/>
          <types:attributes type="auto_72a2380e-96c0-4079-9bba-e3b6553fbf32_Output-Attributes"/>
        </types:message>
        <types:variables>
          <types:variable name="outboundHeaders" type="auto_72a2380e-96c0-4079-9bba-e3b6553fbf32_Output-Variables-outboundHeaders"/>
          <types:variable name="httpStatus" type="auto_72a2380e-96c0-4079-9bba-e3b6553fbf32_Output-Variables-httpStatus"/>
        </types:variables>
      </types:output-event>
    </types:processor-declaration>
  </types:enrichment>
  <types:enrichment select="#8530c4e8-3408-45b0-8a24-c9f3bf99c70e">
    <types:processor-declaration>
      <types:input-event>
        <types:variables>
          <types:variable name="folderName" type="auto_8530c4e8-3408-45b0-8a24-c9f3bf99c70e_Input-Variables-folderName"/>
        </types:variables>
      </types:input-event>
      <types:output-event>
        <types:message>
          <types:payload type="auto_8530c4e8-3408-45b0-8a24-c9f3bf99c70e_Output-Payload"/>
        </types:message>
        <types:variables>
          <types:variable name="folderName" type="auto_8530c4e8-3408-45b0-8a24-c9f3bf99c70e_Output-Variables-folderName"/>
        </types:variables>
      </types:output-event>
    </types:processor-declaration>
  </types:enrichment>
  <types:enrichment select="#86f333c6-eb9b-4805-a4b1-4df21b8237a3">
    <types:processor-declaration>
      <types:input-event>
        <types:variables>
          <types:variable name="fileName" type="auto_86f333c6-eb9b-4805-a4b1-4df21b8237a3_Input-Variables-fileName"/>
        </types:variables>
      </types:input-event>
      <types:output-event>
        <types:message>
          <types:payload type="auto_86f333c6-eb9b-4805-a4b1-4df21b8237a3_Output-Payload"/>
        </types:message>
        <types:variables>
          <types:variable name="fileName" type="auto_86f333c6-eb9b-4805-a4b1-4df21b8237a3_Output-Variables-fileName"/>
        </types:variables>
      </types:output-event>
    </types:processor-declaration>
  </types:enrichment>
  <types:enrichment select="#e807bef4-af32-47ce-b006-353ebef5ba2a"/>
</types:mule>