<?xml version="1.0" encoding="UTF-8"?>
<mule xmlns="http://www.mulesoft.org/schema/mule/core" xmlns:apikit="http://www.mulesoft.org/schema/mule/mule-apikit" xmlns:doc="http://www.mulesoft.org/schema/mule/documentation" xmlns:ee="http://www.mulesoft.org/schema/mule/ee/core" xmlns:http="http://www.mulesoft.org/schema/mule/http" xmlns:xsi="http://www.w3.org/2001/XMLSchema-instance" xsi:schemaLocation="http://www.mulesoft.org/schema/mule/core http://www.mulesoft.org/schema/mule/core/current/mule.xsd http://www.mulesoft.org/schema/mule/http http://www.mulesoft.org/schema/mule/http/current/mule-http.xsd http://www.mulesoft.org/schema/mule/mule-apikit http://www.mulesoft.org/schema/mule/mule-apikit/current/mule-apikit.xsd http://www.mulesoft.org/schema/mule/ee/core http://www.mulesoft.org/schema/mule/ee/core/current/mule-ee.xsd ">
    <apikit:config name="mule-project-kick-start-template-config" api="mule-project-kick-start-template.raml" outboundHeadersMapName="outboundHeaders" httpStatusVarName="httpStatus" />
    <flow name="mule-project-kick-start-template-main">
        <http:listener config-ref="http-listener-config" path="${http.path}">
            <http:response statusCode="#[vars.httpStatus default 200]">
                <http:headers><![CDATA[#[vars.outboundHeaders default {}]]]></http:headers>
            </http:response>
            <http:error-response statusCode="#[vars.httpStatus default 500]">
                <http:body><![CDATA[#[payload]]]></http:body>
                <http:headers><![CDATA[#[vars.outboundHeaders default {}]]]></http:headers>
            </http:error-response>
        </http:listener>
        <set-variable value='#[%dw 2.0&#10;output application/json&#10;---&#10;attributes.headers."x-correlation-id" default correlationId]' doc:name="set var correlationId" doc:id="d3e9c6e4-2b5a-4e35-a1d8-7166e76966f9" variableName="correlationId" />
		<logger level="INFO" doc:name="mule-project-kick-start-template-api started" doc:id="56f69eda-5ba2-4be0-9378-e0d43058f4e1" message='#[vars.correlationId default "" ++ " mule-project-kick-start-template-api started - at : " ++ now()]' />
		<apikit:router config-ref="mule-project-kick-start-template-config" />
		<logger level="INFO" doc:name="mule-project-kick-start-template-api ended" doc:id="f8a6e940-76b9-4994-b73f-48e4ea0e8ebf" message='#[vars.correlationId default "" ++ " mule-project-kick-start-template-api ended - at : " ++ now()]' />
		<error-handler ref="global-error-handler" />
    </flow>
    <flow name="mule-project-kick-start-template-console">
        <http:listener config-ref="http-listener-config" path="/console/*">
            <http:response statusCode="#[vars.httpStatus default 200]">
                <http:headers><![CDATA[#[vars.outboundHeaders default {}]]]></http:headers>
            </http:response>
            <http:error-response statusCode="#[vars.httpStatus default 500]">
                <http:body><![CDATA[#[payload]]]></http:body>
                <http:headers><![CDATA[#[vars.outboundHeaders default {}]]]></http:headers>
            </http:error-response>
        </http:listener>
		<choice doc:name="Enable/Disable Console" doc:id="5347451d-f8e6-4247-a71f-717a15a65351" >
			<when expression="${api.viewConsole} " >
				<apikit:console config-ref="mule-project-kick-start-template-config" />
			</when>
			<otherwise >
				<ee:transform doc:name="The Console is disabled." doc:id="d541821e-d7ed-4f8d-b2ba-e9d5c06fcf2a" >
					<ee:message >
						<ee:set-payload ><![CDATA[%dw 2.0
output application/json
---
"The Console is disabled."]]></ee:set-payload>
					</ee:message>
				</ee:transform>
			</otherwise>
		</choice>
		<error-handler ref="global-error-handler" />
    </flow>
    <flow name="get:\api\v1\ping:mule-project-kick-start-template-config">
        <logger level="INFO" doc:name="Start Log" doc:id="c9ba5991-b981-4d33-87e8-1163edb481de" message='#[vars.correlationId default "" ++ " ping flow started - at : " ++ now()]' />
		<ee:transform doc:name="Set Response" doc:id="f3851bef-d74a-4116-a942-8f96b463fa2a">
			<ee:message>
				<ee:set-payload><![CDATA[%dw 2.0
output application/json
---
{
  status: "UP",
  api: "${api.name}",
  env: "${api.env}",
  timestamp: now() as String {format: "dd/MM/yyyy HH:mm:SS"}
}]]></ee:set-payload>
			</ee:message>
		</ee:transform>
		<logger level="INFO" doc:name="End Log" doc:id="bdfd0cfb-5c05-4b0c-b103-341e75ca5031" message='#[vars.correlationId default "" ++ " ping flow ended - at : " ++ now()]' />
    </flow>
	<flow name="get:\api\v1\health-check:mule-project-kick-start-template-config">
		<logger level="INFO" doc:name="Start Log" doc:id="5fd3663e-3668-4901-9465-2b088ad0fafa" message='#[vars.correlationId default "" ++ " health-check flow started - at : " ++ now()]' />
		<ee:transform doc:name="Set Response" doc:id="b2fba4e4-d70a-49ad-9ac1-231a7677f08d" >
			<ee:message >
				<ee:set-payload ><![CDATA[%dw 2.0
output application/json
---
{
  response: {
    application: "${api.name}",
    buildversion: "${api.buildversion}",
    buildTimestamp: now() as String {format: "dd/MM/yyyy HH:mm:SS"},
    status: "UP",
    env: "${api.env}",
    systems: [
      {
        name: "Mule Project Kick Start Template",
        status: "UP"
      }
    ]
  }
}]]></ee:set-payload>
			</ee:message>
		</ee:transform>
		<logger level="INFO" doc:name="End Log" doc:id="d29776a7-9ee4-481c-a9e0-033f9e77b11a" message='#[vars.correlationId default "" ++ " health-check flow ended - at : " ++ now()]' />
    </flow>
	<flow name="get:\api\v1\employee:mule-project-kick-start-template-config">
		<ee:transform doc:name="query parameters variable" doc:id="818fdf94-88fd-4455-b54c-b5a38ef8d82b" >
			<ee:message />
			<ee:variables >
				<ee:set-variable variableName="firstName" ><![CDATA[%dw 2.0
output application/json
---
attributes.queryParams.firstName as String default ""]]></ee:set-variable>
				<ee:set-variable variableName="lastName" ><![CDATA[%dw 2.0
output application/json
---
attributes.queryParams.lastName as String default ""]]></ee:set-variable>
			</ee:variables>
		</ee:transform>
		<flow-ref doc:name="greeting-employee-subflow" doc:id="2b092d4b-4128-4a78-8a3e-816fab7d4030" name="greeting-employee-subflow" />
    </flow>
    <flow name="post:\api\v1\employee:application\json:mule-project-kick-start-template-config">
		<flow-ref doc:name="create-employee-subflow" doc:id="f10f0ea5-ca34-4a2c-aac1-3aaf24251dba" name="create-employee-subflow" />
    </flow>
</mule>
