<?xml version="1.0" encoding="UTF-8"?>

<mule xmlns:os="http://www.mulesoft.org/schema/mule/os"
	xmlns:db="http://www.mulesoft.org/schema/mule/db"
	xmlns:sharepoint="http://www.mulesoft.org/schema/mule/sharepoint"
	xmlns:ee="http://www.mulesoft.org/schema/mule/ee/core"
	xmlns:box="http://www.mulesoft.org/schema/mule/box"
	xmlns:http="http://www.mulesoft.org/schema/mule/http"
	xmlns="http://www.mulesoft.org/schema/mule/core"
	xmlns:doc="http://www.mulesoft.org/schema/mule/documentation"
	xmlns:xsi="http://www.w3.org/2001/XMLSchema-instance"
	xsi:schemaLocation="http://www.mulesoft.org/schema/mule/core http://www.mulesoft.org/schema/mule/core/current/mule.xsd
http://www.mulesoft.org/schema/mule/http http://www.mulesoft.org/schema/mule/http/current/mule-http.xsd
http://www.mulesoft.org/schema/mule/box http://www.mulesoft.org/schema/mule/box/current/mule-box.xsd
http://www.mulesoft.org/schema/mule/ee/core http://www.mulesoft.org/schema/mule/ee/core/current/mule-ee.xsd
http://www.mulesoft.org/schema/mule/sharepoint http://www.mulesoft.org/schema/mule/sharepoint/current/mule-sharepoint.xsd
http://www.mulesoft.org/schema/mule/db http://www.mulesoft.org/schema/mule/db/current/mule-db.xsd
http://www.mulesoft.org/schema/mule/os http://www.mulesoft.org/schema/mule/os/current/mule-os.xsd">
	<sub-flow name="create-payment-subflow"
		doc:id="1d9394ba-056a-4d90-9299-8d35ab303630">
		<logger level="INFO" doc:name="Flow Start" doc:id="26b74f4c-0df0-4be4-99e5-e09de3a79488" message='#[vars.correlationId default "" ++ " flow started to create payment. - at : " ++ now()]' />
		<until-successful maxRetries="${until-successful.maxRetries}" doc:name="Until Successful" doc:id="42ff1cf1-388c-458d-9774-a6fd348a409b" millisBetweenRetries="${until-successful.millisBetweenRetries}">
			<try doc:name="Try" doc:id="8e3cde8e-e03c-41f6-9bb2-3996c3bc427f">
				<http:request method="POST" doc:name="HTTP call to common-prc-api" doc:id="2f3bbcda-7232-4003-97b8-70bd1cbbaf7a" config-ref="common_prc_api_request" path="${prc.paymentsPath}" sendCorrelationId="ALWAYS" correlationId="#[vars.correlationId]">
					<http:headers><![CDATA[#[vars.settingRequiredHeaders]]]></http:headers>
				</http:request>
				<error-handler>
					<on-error-propagate enableNotifications="true" logException="true" doc:name="On Error Propagate" doc:id="689bfb66-ab22-49c5-a061-76f944681398" type="ANY">
						<logger level="ERROR" doc:name="Error Message" doc:id="d4e6c0af-411d-4d4b-adca-fb332343655d" message='#[error.errorType.asString ++ " Error occured while connecting to SIEBEL"]' />
					</on-error-propagate>
				</error-handler>
			</try>
		</until-successful>
		<ee:transform doc:name="Response From POST Call" doc:id="2a7fbf03-cfe7-4e88-96ee-bc406bbaf8cb">
			<ee:message>
				<ee:set-payload><![CDATA[%dw 2.0
output application/json
---
payload]]></ee:set-payload>
			</ee:message>
		</ee:transform>
		<logger level="INFO" doc:name="Flow End" doc:id="48536ed2-4756-45cc-bc36-2f5e1ca2e5e3" message='#[vars.correlationId default "" ++ " flow ended to create payment. - at : " ++ now()]' />
	</sub-flow>
</mule>