<?xml version="1.0" encoding="UTF-8"?>

<mule xmlns:tracking="http://www.mulesoft.org/schema/mule/ee/tracking" xmlns:ee="http://www.mulesoft.org/schema/mule/ee/core"
	xmlns:http="http://www.mulesoft.org/schema/mule/http"
	xmlns="http://www.mulesoft.org/schema/mule/core" xmlns:doc="http://www.mulesoft.org/schema/mule/documentation" xmlns:xsi="http://www.w3.org/2001/XMLSchema-instance" xsi:schemaLocation="http://www.mulesoft.org/schema/mule/core http://www.mulesoft.org/schema/mule/core/current/mule.xsd
http://www.mulesoft.org/schema/mule/http http://www.mulesoft.org/schema/mule/http/current/mule-http.xsd
http://www.mulesoft.org/schema/mule/ee/core http://www.mulesoft.org/schema/mule/ee/core/current/mule-ee.xsd
http://www.mulesoft.org/schema/mule/ee/tracking http://www.mulesoft.org/schema/mule/ee/tracking/current/mule-tracking-ee.xsd">
	<flow name="upload-file-main-logic" doc:id="b5db143d-2136-4969-9b00-9e5487a85981" >
		<flow-ref doc:name="get-content-document-Ids-subflow" doc:id="0f9eb937-b1c1-48fb-ae5b-937f4c76d882" name="get-content-document-Ids-subflow"/>
		<choice doc:name="Choice" doc:id="77d4195f-d7e6-47a7-ada4-71b91f930153">
			<when expression="#[!isEmpty(vars.contentDocIds)]">
				<ee:transform doc:name="set var consolidatedPayload" doc:id="5aaf289a-a374-4f29-b2f4-2b9a109627a3">
					<ee:message>
					</ee:message>
					<ee:variables >
						<ee:set-variable variableName="consolidatedPayload" ><![CDATA[%dw 2.0
output application/json
---
[]]]></ee:set-variable>
					</ee:variables>
				</ee:transform>
				<flow-ref doc:name="choose-service-to-create-folder" doc:id="ccac38dc-de9d-482f-8414-6884811b1db3" name="choose-service-to-create-folder"/>
				<async doc:name="Async" doc:id="51e4bde7-7609-4725-8ddb-63d4f3e7b43a" >
					<foreach doc:name="For Each contentDocIds" doc:id="ccba87a2-88c4-49de-bd83-a26089a10241" collection="#[vars.contentDocIds]">
					<set-variable value="#[payload]" doc:name="Set Variable docId" doc:id="581ad2ca-9ec0-4ec2-9c2b-9ee6655e994c" variableName="docId" />
						<logger level="INFO" doc:name="Log Process all records" doc:id="a0ea4648-1c80-416e-a3a7-22171755bf94" message="#[payload]" />
					<flow-ref doc:name="get-content-version-data-subflow" doc:id="8c8b3be8-6734-4d23-a311-72ad52198f74" name="get-content-version-data-subflow" />
						<flow-ref doc:name="choose-service-to-upload-files" doc:id="87372f18-5abd-418e-abf5-d7db82acb2df" name="choose-service-to-upload-files" />
					<ee:transform doc:name="update var consolidatedPayload" doc:id="b698fb4b-1e8f-4a82-b5cb-d74fada7a1c9">
						<ee:message>
						</ee:message>
						<ee:variables>
							<ee:set-variable variableName="consolidatedPayload"><![CDATA[%dw 2.0
output application/json
---
vars.consolidatedPayload + payload]]></ee:set-variable>
						</ee:variables>
					</ee:transform>
					<choice doc:name="Choice" doc:id="54969d6b-09fa-43b0-88af-25128baff8b3">
						<when expression="${sf.isDelete}">
							<async doc:name="Async" doc:id="a9189ce4-31fb-4c50-bb12-1cefd62f3aee">
					<flow-ref doc:name="delete-content-version-data-subflow" doc:id="47e99c3a-b74c-4fa1-8944-2ca4122d3e8a" name="delete-content-version-data-subflow" />
				</async>
						</when>
						<otherwise>
							<logger level="INFO" doc:name="" doc:id="194619e9-42e1-424b-88ce-4eafaf1a0843" message="Not Deleting Content Version Data" />
						</otherwise>
					</choice>
				
</foreach>
				</async>
			
</when>
			<otherwise>
				<logger level="INFO" doc:name="Log No file attached to Business Process License" doc:id="86ae7efb-434f-40ca-9988-0549f9290b82" message="No file attached to Business Process License" />
			
</otherwise>
		</choice>
	
</flow>
	<sub-flow name="choose-service-to-create-folder" doc:id="598728cb-9a1e-467a-95ba-e06ea183251b" >
		<choice doc:name="Choose BOX or the Sharepoint service to create a folder." doc:id="e49e4916-e9a0-47ed-a320-8de9a6f1abfb" >
			<when expression='#[vars.orgName == "grants"]'>
				<flow-ref doc:name="create-box-folder" doc:id="7cbe6c64-6c86-48c6-84c9-3a417768ff27" name="create-box-folder-subflow"/>
			</when>
			<otherwise >
				<flow-ref doc:name="create-sharepoint-folder" doc:id="78ad5988-ed48-4849-be2c-f33fe101e68f" name="create-sp-folder-subflow"/>
			</otherwise>
		</choice>
	</sub-flow>
	<sub-flow name="choose-service-to-upload-files" doc:id="2eb66d61-cb73-4767-a1ed-6ee5d1e18655" >
		<choice doc:name="Choose BOX or the Sharepoint service to upload files." doc:id="47382ba4-a3f2-42c3-a7d2-7c369a16e530" >
			<when expression='#[vars.orgName == "grants"]'>
				<ee:transform doc:name="Set Box Request" doc:id="3358ec5d-c9bb-43bd-ab55-d7605391c2d4" >
					<ee:message />
					<ee:variables >
						<ee:set-variable variableName="body" ><![CDATA[%dw 2.0
output application/json
---
{
  "folderId": vars.folderId,
  "fileName": payload.title[0],
  "fileExtension": payload.fileExtension[0],
  "attachmentComment": "",
  "data": payload.versionData[0]
}]]></ee:set-variable>
					</ee:variables>
				</ee:transform>
				<flow-ref doc:name="box-upload-doc-subflow" doc:id="c4d3ee09-c665-494b-b094-4deb779e0a77" name="box-upload-doc-subflow" />
			</when>
			<otherwise >
				<ee:transform doc:name="Set SP Request" doc:id="dab71001-c5b6-4b51-9b04-f713ad1682c8">
					<ee:message />
					<ee:variables>
						<ee:set-variable variableName="body"><![CDATA[%dw 2.0
output application/json
---
{
	"data": payload.versionData[0]	
}]]></ee:set-variable>
						<ee:set-variable variableName="fileName"><![CDATA[%dw 2.0
output application/json
---
(payload.title[0] splitBy  ".")[0]]]></ee:set-variable>
					</ee:variables>
				</ee:transform>
				<ee:transform doc:name="set var filePath" doc:id="054ca3f2-19a2-41dd-97cd-612342498c68">
					<ee:message />
					<ee:variables>
						<ee:set-variable variableName="filePath"><![CDATA[%dw 2.0
output application/json
---
vars.folderName ++ "/" ++ vars.fileName ++ "." ++ payload.fileExtension[0] default ""]]></ee:set-variable>
					</ee:variables>
				</ee:transform>
				<flow-ref doc:name="sp-upload-doc-subflow" doc:id="4858cee1-3d69-457f-889a-555390830790" name="sp-upload-doc-subflow"/>
			</otherwise>
		</choice>
	</sub-flow>
	<sub-flow name="box-upload-doc-subflow" doc:id="3b18200a-72de-4e78-9c82-91926e640a4b">
		<logger level="INFO" doc:name="Flow Start" doc:id="f74c24f0-ef06-45cd-b3be-1fce2f00663e" message='#[%dw 2.0&#10;output application/json&#10;---&#10;"CorrelationId : " ++ vars.correlationId ++ " flow started to upload files in BOX"]' />
		<until-successful maxRetries="${until-successful.maxRetries}" doc:name="Until Successful" doc:id="7db130e7-25a0-4efd-94d3-84651f4ad29c" millisBetweenRetries="${until-successful.millisBetweenRetries}">
			<try doc:name="Try" doc:id="59a8bea7-fe92-4675-9c28-fe41568790f5">
				<http:request method="POST" doc:name="HTTP POST Docs to box-sys-api" doc:id="93d451e2-839b-4efa-a480-8914eef257fa" config-ref="box-sys-api-request" path="${box.sys.filesPath}" sendCorrelationId="ALWAYS" correlationId="#[vars.correlationId]">
					<http:body><![CDATA[#[vars.body]]]></http:body>
					<http:headers><![CDATA[#[vars.settingRequiredHeaders]]]></http:headers>
				
</http:request>
				<error-handler>
					<on-error-propagate enableNotifications="true" logException="true" doc:name="On Error Propagate" doc:id="add80ac4-96e5-40ff-aeeb-40691ed5aa10" type="ANY">
						<logger level="ERROR" doc:name="Error Message" doc:id="e801a68e-473d-4240-a348-55fbcf6c2ef0" message='#[error.errorType.asString ++ " Error occured while connecting to Box"]' />
					</on-error-propagate>
				</error-handler>
			</try>
		</until-successful> 
		<ee:transform doc:name="Response From POST Call" doc:id="c5a375c6-2782-4f91-9db9-759c87466ea5">
			<ee:message>
				<ee:set-payload><![CDATA[%dw 2.0
output application/json
---
{
	appId: vars.appId,
	folderName: vars.folderName,
	folderId: payload.folderId,
	parentId: payload.parentId,
	fileName: payload.fileName,
	fileURL: '${exp.docPath}' ++ payload.fileId,
	folderURL: '${exp.folderPath}' ++ payload.folderId as String,
	comment: "this is doc id, If you click on url will get base64 string"
}]]></ee:set-payload>
			</ee:message>
		</ee:transform>
		<logger level="INFO" doc:name="Flow End" doc:id="7d877ac0-d1fa-46d0-83d8-2055d523440a" message='#[%dw 2.0&#10;output application/json&#10;---&#10;"CorrelationId : " ++ vars.correlationId ++ " flow ended to upload files in BOX"]' />
	</sub-flow>
	<sub-flow name="sp-upload-doc-subflow" doc:id="8d465201-0d50-46c0-805c-b15b0b40a6ec">
		<logger level="INFO" doc:name="Flow Start" doc:id="d020394e-5313-4ea4-bc6c-a96d1435a047" message='#[%dw 2.0&#10;output application/json&#10;---&#10;"CorrelationId : " ++ vars.correlationId ++ " flow started to upload files in Sharepoint"]' />
		<until-successful maxRetries="${until-successful.maxRetries}" doc:name="Until Successful" doc:id="d064d42a-dcfb-4119-9f17-b23421bfc2a1" millisBetweenRetries="${until-successful.millisBetweenRetries}">
			<try doc:name="Try" doc:id="d9275521-fbdc-427d-8b2f-bf8f6b6c8d8e">
				<http:request method="POST" doc:name="HTTP POST Docs to sharepoint-sys-api" doc:id="37eabacf-5c07-4490-83a9-6f0c710d2547" config-ref="sharepoint-sys-api-request" path="${sharepoint.sys.filesPath}" sendCorrelationId="ALWAYS" correlationId="#[vars.correlationId]">
					<http:body><![CDATA[#[vars.body]]]></http:body>
					<http:headers><![CDATA[#[vars.settingRequiredHeaders]]]></http:headers>
					<http:query-params ><![CDATA[#[output application/json
---
{
	filePath : vars.filePath
}]]]></http:query-params>
				</http:request>
				<error-handler>
					<on-error-propagate enableNotifications="true" logException="true" doc:name="On Error Propagate" doc:id="9f9cfc6a-2e41-4600-bf59-919fc5dab726" type="ANY">
						<logger level="ERROR" doc:name="Error Message" doc:id="8a85e2d8-caec-4dec-9113-a0340666f2a2" message='#[error.errorType.asString ++ " Error occured while connecting to Sharepoint"]' />
					</on-error-propagate>
				</error-handler>
			</try>
		</until-successful>
		<ee:transform doc:name="Response From POST Call" doc:id="3781fc9c-75e3-4505-94b3-b27b9ab7e55d">
			<ee:message>
				<ee:set-payload><![CDATA[%dw 2.0
output application/json
---
{
	appId: vars.appId,
	folderName: vars.folderName,
	fileName: vars.fileName,
	fileURL: '${sharepoint.sys.siteUrl}' ++ vars.filePath,
	folderURL: vars.folderPath,
	comment: "this is doc id, If you click on url will get base64 string"
}]]></ee:set-payload>
			</ee:message>
		</ee:transform>
		<logger level="INFO" doc:name="Flow End" doc:id="7c2ca330-b691-4c74-a37e-4a64818906de" message='#[%dw 2.0&#10;output application/json&#10;---&#10;"CorrelationId : " ++ vars.correlationId ++ " flow ended to upload files in Sharepoint"]' />
	</sub-flow>
	

</mule>