<?xml version="1.0" encoding="UTF-8"?>

<mule xmlns:api-gateway="http://www.mulesoft.org/schema/mule/api-gateway"
	xmlns:wsc="http://www.mulesoft.org/schema/mule/wsc"
	xmlns:apikit="http://www.mulesoft.org/schema/mule/mule-apikit"
	xmlns:http="http://www.mulesoft.org/schema/mule/http"
	xmlns="http://www.mulesoft.org/schema/mule/core"
	xmlns:doc="http://www.mulesoft.org/schema/mule/documentation" xmlns:xsi="http://www.w3.org/2001/XMLSchema-instance" xsi:schemaLocation="
http://www.mulesoft.org/schema/mule/mule-apikit http://www.mulesoft.org/schema/mule/mule-apikit/current/mule-apikit.xsd 
http://www.mulesoft.org/schema/mule/http http://www.mulesoft.org/schema/mule/http/current/mule-http.xsd http://www.mulesoft.org/schema/mule/core http://www.mulesoft.org/schema/mule/core/current/mule.xsd
http://www.mulesoft.org/schema/mule/wsc http://www.mulesoft.org/schema/mule/wsc/current/mule-wsc.xsd
http://www.mulesoft.org/schema/mule/api-gateway http://www.mulesoft.org/schema/mule/api-gateway/current/mule-api-gateway.xsd">

	<http:listener-config
		name="sites-sys-api-httpListenerConfig" basePath="${http.basePath}">
		<http:listener-connection host="${http.host}"
			port="${http.port}" />
	</http:listener-config>
	<apikit:config name="sites-sys-api-config"
		api="resource::f0f75bd1-aa51-4653-943a-180bae7ae809:sites-sys-api:1.0.0:raml:zip:sites-sys-api.raml"
		outboundHeadersMapName="outboundHeaders"
		httpStatusVarName="httpStatus" />
	<wsc:config name="Web_Service_Consumer_Config" doc:name="Web Service Consumer Config" doc:id="e21894bd-b9d8-43ec-a83f-d2a44d9af7b2" >
		<wsc:connection wsdlLocation="${soap.wsdlLocation}" service="${soap.service}" port="${soap.port}" address="${soap.address}" />
	</wsc:config>
	<configuration-properties doc:name="Configuration properties" doc:id="8c0a35bf-b9ed-492f-b8a6-5c8de0ae09f8" file="properties/${env}.yaml" />
	<global-property doc:name="Global Property" doc:id="52f77478-dc8f-4564-9711-421efcce69f4" name="env" value="local" />
	<api-gateway:autodiscovery apiId="${api.id}" ignoreBasePath="true" doc:name="API Autodiscovery" doc:id="41ea70e5-93a8-45ce-a71d-c0870aab25a9" flowRef="sites-sys-api-main" />

</mule>
