<?xml version="1.0" encoding="UTF-8"?>

<mule xmlns:ee="http://www.mulesoft.org/schema/mule/ee/core"
	xmlns:http="http://www.mulesoft.org/schema/mule/http"
	xmlns:wsc="http://www.mulesoft.org/schema/mule/wsc"
	xmlns="http://www.mulesoft.org/schema/mule/core"
	xmlns:doc="http://www.mulesoft.org/schema/mule/documentation"
	xmlns:xsi="http://www.w3.org/2001/XMLSchema-instance"
	xsi:schemaLocation="http://www.mulesoft.org/schema/mule/core http://www.mulesoft.org/schema/mule/core/current/mule.xsd
http://www.mulesoft.org/schema/mule/wsc http://www.mulesoft.org/schema/mule/wsc/current/mule-wsc.xsd
http://www.mulesoft.org/schema/mule/http http://www.mulesoft.org/schema/mule/http/current/mule-http.xsd
http://www.mulesoft.org/schema/mule/ee/core http://www.mulesoft.org/schema/mule/ee/core/current/mule-ee.xsd">

	<flow name="soap-get-sites-Flow"
		doc:id="791e42c9-3848-4f9f-8112-72b7d66521f2">
		<ee:transform doc:name="Transform Message"
			doc:id="a7607663-2597-4d5c-a56b-e47e5089f8d6">
			<ee:message>
			</ee:message>
			<ee:variables>
				<ee:set-variable variableName="req"><![CDATA[%dw 2.0
output application/java
---
payload]]></ee:set-variable>
			</ee:variables>

		</ee:transform>
		<ee:transform
			doc:name="Set body and header for soap request"
			doc:id="7c323fa5-b1bd-4f70-a2b2-64c701e0510e">
			<ee:message>

			</ee:message>
			<ee:variables>
				<ee:set-variable variableName="headersReq"><![CDATA[%dw 2.0
output application/xml
ns soapenv http://schemas.xmlsoap.org/soap/envelope/
ns sit http://soap.sforce.com/schemas/class/SiteDetails
---
{
	headers: {
		sit#SessionHeader: {
			sit#sessionId: vars.req.sessionId
		},
		sit#CallOptions: {
			sit#client: "abcd"
		},
		sit#DebuggingHeader: {
			sit#categories: {
				sit#category: "Workflow",
				sit#level: "None"
			},
			sit#debugLevel: "None"
		},
		sit#AllowFieldTruncationHeader: {
			sit#allowFieldTruncation: true
		}
	}
}]]></ee:set-variable>
				<ee:set-variable variableName="bodyReq"><![CDATA[%dw 2.0
output application/xml
ns soapenv http://schemas.xmlsoap.org/soap/envelope/
ns sit http://soap.sforce.com/schemas/class/SiteDetails
---
{
	sit#"getSiteDetails": {
		sit#"siteId": vars.req.nacis
	}
}]]></ee:set-variable>

			</ee:variables>
		</ee:transform>
		<wsc:consume operation="getSiteDetails"
			doc:name="Consume SOAP getSitesDetails"
			doc:id="1f6ac21a-80a6-4d5d-9861-12f1eae12b11"
			config-ref="Web_Service_Consumer_Config">
			<wsc:message>
				<wsc:body><![CDATA[#[vars.bodyReq]]]></wsc:body>
				<wsc:headers><![CDATA[#[vars.headersReq]]]></wsc:headers>
			</wsc:message>
			<wsc:transport-headers>
				<wsc:transport-header key="SOAPAction"
					value='""' />
			</wsc:transport-headers>
		</wsc:consume>
		<ee:transform doc:name="Set Response"
			doc:id="06e11920-a026-44cc-b253-0174a8158a2d">
			<ee:message>
				<ee:set-payload><![CDATA[%dw 2.0
output application/json
var soapResponse = read(payload.body.getSiteDetailsResponse.result, "application/json")
---
{"nacis" : soapResponse.NACIS_Code__c} ++ soapResponse.SiteAddress__c]]></ee:set-payload>
			</ee:message>
		</ee:transform>
	</flow>
</mule>
