<?xml version="1.0" encoding="UTF-8"?>
<mule xmlns:doc="http://www.mulesoft.org/schema/mule/documentation"
	xmlns="http://www.mulesoft.org/schema/mule/core"
	xmlns:apikit="http://www.mulesoft.org/schema/mule/mule-apikit"
	xmlns:ee="http://www.mulesoft.org/schema/mule/ee/core"
	xmlns:http="http://www.mulesoft.org/schema/mule/http"
	xmlns:xsi="http://www.w3.org/2001/XMLSchema-instance"
	xsi:schemaLocation="http://www.mulesoft.org/schema/mule/core http://www.mulesoft.org/schema/mule/core/current/mule.xsd http://www.mulesoft.org/schema/mule/http http://www.mulesoft.org/schema/mule/http/current/mule-http.xsd http://www.mulesoft.org/schema/mule/mule-apikit http://www.mulesoft.org/schema/mule/mule-apikit/current/mule-apikit.xsd http://www.mulesoft.org/schema/mule/ee/core http://www.mulesoft.org/schema/mule/ee/core/current/mule-ee.xsd ">

	<flow name="sites-sys-api-main">
		<http:listener
			config-ref="sites-sys-api-httpListenerConfig" path="${http.path}">
			<http:response
				statusCode="#[vars.httpStatus default 200]">
				<http:headers><![CDATA[#[vars.outboundHeaders default {}]]]></http:headers>
			</http:response>
			<http:error-response
				statusCode="#[vars.httpStatus default 500]">
				<http:body><![CDATA[#[payload]]]></http:body>
				<http:headers><![CDATA[#[vars.outboundHeaders default {}]]]></http:headers>
			</http:error-response>
		</http:listener>
		<apikit:router config-ref="sites-sys-api-config" />
		<error-handler>
			<on-error-propagate type="APIKIT:BAD_REQUEST">
				<ee:transform>
					<ee:message>
						<ee:set-payload><![CDATA[%dw 2.0
output application/json
---
{message: "Bad request"}]]></ee:set-payload>
					</ee:message>
					<ee:variables>
						<ee:set-variable variableName="httpStatus">400
						</ee:set-variable>
					</ee:variables>
				</ee:transform>
			</on-error-propagate>
			<on-error-propagate type="APIKIT:NOT_FOUND">
				<ee:transform>
					<ee:message>
						<ee:set-payload><![CDATA[%dw 2.0
output application/json
---
{message: "Resource not found"}]]></ee:set-payload>
					</ee:message>
					<ee:variables>
						<ee:set-variable variableName="httpStatus">404
						</ee:set-variable>
					</ee:variables>
				</ee:transform>
			</on-error-propagate>
			<on-error-propagate
				type="APIKIT:METHOD_NOT_ALLOWED">
				<ee:transform>
					<ee:message>
						<ee:set-payload><![CDATA[%dw 2.0
output application/json
---
{message: "Method not allowed"}]]></ee:set-payload>
					</ee:message>
					<ee:variables>
						<ee:set-variable variableName="httpStatus">405
						</ee:set-variable>
					</ee:variables>
				</ee:transform>
			</on-error-propagate>
			<on-error-propagate type="APIKIT:NOT_ACCEPTABLE">
				<ee:transform>
					<ee:message>
						<ee:set-payload><![CDATA[%dw 2.0
output application/json
---
{message: "Not acceptable"}]]></ee:set-payload>
					</ee:message>
					<ee:variables>
						<ee:set-variable variableName="httpStatus">406
						</ee:set-variable>
					</ee:variables>
				</ee:transform>
			</on-error-propagate>
			<on-error-propagate
				type="APIKIT:UNSUPPORTED_MEDIA_TYPE">
				<ee:transform>
					<ee:message>
						<ee:set-payload><![CDATA[%dw 2.0
output application/json
---
{message: "Unsupported media type"}]]></ee:set-payload>
					</ee:message>
					<ee:variables>
						<ee:set-variable variableName="httpStatus">415
						</ee:set-variable>
					</ee:variables>
				</ee:transform>
			</on-error-propagate>
			<on-error-propagate type="APIKIT:NOT_IMPLEMENTED">
				<ee:transform>
					<ee:message>
						<ee:set-payload><![CDATA[%dw 2.0
output application/json
---
{message: "Not Implemented"}]]></ee:set-payload>
					</ee:message>
					<ee:variables>
						<ee:set-variable variableName="httpStatus">501
						</ee:set-variable>
					</ee:variables>
				</ee:transform>
			</on-error-propagate>
		</error-handler>
	</flow>
	<flow name="sites-sys-api-console">
		<http:listener
			config-ref="sites-sys-api-httpListenerConfig" path="/console/*">
			<http:response
				statusCode="#[vars.httpStatus default 200]">
				<http:headers>#[vars.outboundHeaders default {}]</http:headers>
			</http:response>
			<http:error-response
				statusCode="#[vars.httpStatus default 500]">
				<http:body>#[payload]</http:body>
				<http:headers>#[vars.outboundHeaders default {}]</http:headers>
			</http:error-response>
		</http:listener>
		<apikit:console config-ref="sites-sys-api-config" />
		<error-handler>
			<on-error-propagate type="APIKIT:NOT_FOUND">
				<ee:transform>
					<ee:message>
						<ee:set-payload><![CDATA[%dw 2.0
output application/json
---
{message: "Resource not found"}]]></ee:set-payload>
					</ee:message>
					<ee:variables>
						<ee:set-variable variableName="httpStatus">404
						</ee:set-variable>
					</ee:variables>
				</ee:transform>
			</on-error-propagate>
		</error-handler>
	</flow>
	<flow name="get:\api\v1\health-check:sites-sys-api-config">
		<ee:transform>
			<ee:message>
				<ee:set-payload><![CDATA[%dw 2.0
output application/json
---
{
  response: {
    application: "Sites System API",
    buildversion: "1.0.0",
    buildTimestamp: "02/09/2023 17:45:30",
    status: "UP",
    env: "dev",
    systems: [
      {
        name: "Sites SOAP API",
        status: "UP"
      }
    ]
  }
}]]></ee:set-payload>
			</ee:message>
		</ee:transform>
	</flow>
	<flow name="get:\api\v1\ping:sites-sys-api-config">
		<ee:transform>
			<ee:message>
				<ee:set-payload><![CDATA[%dw 2.0
output application/json
---
{
  status: "UP",
  api: "Sites System API",
  env: "dev",
  timestamp: "02/10/2023 17:45:30"
}]]></ee:set-payload>
			</ee:message>
		</ee:transform>
	</flow>
	<flow
		name="post:\api\v1\sites:application\json:sites-sys-api-config">
		<flow-ref doc:name="soap-get-sites-Flow"
			doc:id="16f92b89-f810-4fb8-8103-34eb3e6413a6"
			name="soap-get-sites-Flow" />
	</flow>
</mule>
