<?xml version="1.0" encoding="UTF-8"?>

<mule xmlns:ee="http://www.mulesoft.org/schema/mule/ee/core" xmlns="http://www.mulesoft.org/schema/mule/core"
	xmlns:doc="http://www.mulesoft.org/schema/mule/documentation"
	xmlns:xsi="http://www.w3.org/2001/XMLSchema-instance" xsi:schemaLocation="http://www.mulesoft.org/schema/mule/core http://www.mulesoft.org/schema/mule/core/current/mule.xsd
http://www.mulesoft.org/schema/mule/ee/core http://www.mulesoft.org/schema/mule/ee/core/current/mule-ee.xsd">
	<sub-flow name="deleteContactByContactId" doc:id="2e7cf9ac-5910-49ec-a963-bc0f6ccfb476" >
		<logger level="INFO" doc:name="Flow Start" doc:id="1143c7ad-6ea2-450e-9359-9d940131353b" message='#["Flow for deleting contact By Id has been started."]' />
		<ee:transform doc:name="Transform Message" doc:id="9cbb4b8f-dca1-4355-b326-5461057319b9" >
			<ee:message >
				<ee:set-payload ><![CDATA[%dw 2.0
output application/json
---
{
	message: "Delete Method not yet functioning"
}]]></ee:set-payload>
			</ee:message>
		</ee:transform>
	</sub-flow>
</mule>
