<?xml version="1.0" encoding="UTF-8"?>

<mule xmlns:ee="http://www.mulesoft.org/schema/mule/ee/core" xmlns:http="http://www.mulesoft.org/schema/mule/http"
	xmlns="http://www.mulesoft.org/schema/mule/core"
	xmlns:doc="http://www.mulesoft.org/schema/mule/documentation" xmlns:xsi="http://www.w3.org/2001/XMLSchema-instance" xsi:schemaLocation="http://www.mulesoft.org/schema/mule/core http://www.mulesoft.org/schema/mule/core/current/mule.xsd
http://www.mulesoft.org/schema/mule/http http://www.mulesoft.org/schema/mule/http/current/mule-http.xsd
http://www.mulesoft.org/schema/mule/ee/core http://www.mulesoft.org/schema/mule/ee/core/current/mule-ee.xsd">
	<sub-flow name="getContacts" doc:id="8693a5d2-d9fe-42a1-aaeb-faec277bde2c" >
		<logger level="INFO" doc:name="Flow Start" doc:id="7dfebac5-5e2f-4500-96d6-45ec57a5b64b" message='#[%dw 2.0&#10;output application/json&#10;---&#10;"CorrelationId : " ++ vars.correlationId ++ " Get ContactsByQueryParams Started with " ++ "contactId : " ++ attributes.queryParams.contactId default null ++ " FName : " ++ attributes.queryParams.firstname default null ++ " Email : " ++ attributes.queryParams.email default null]' />
		<until-successful maxRetries="${until-successful.maxRetries}" doc:name="Until Successful" doc:id="d88b300b-193c-49f6-a4b9-7664c300ae7f" millisBetweenRetries="${until-successful.millisBetweenRetries}">
			<try doc:name="Try" doc:id="6c6716ce-2006-487c-b70b-035d5446b0b1">
				<http:request method="GET" doc:name="HTTP GET call to pollution-report-prc-api" doc:id="7a3fd766-5d69-45ec-9357-bd74d89d573a" config-ref="pollution-report-prc-api_request" path="${prc.contactPath}" sendCorrelationId="ALWAYS" correlationId="#[vars.correlationId]" >
					<reconnect count="5" blocking="false" />
					<http:headers ><![CDATA[#[vars.requiredHeaders]]]></http:headers>
					<http:query-params ><![CDATA[#[output application/json
---
{
	contactId: attributes.queryParams.contactId default "",
	firstname: attributes.queryParams.firstname default "",
	email: attributes.queryParams.email default ""
}]]]></http:query-params>
				</http:request>
				<error-handler>
					<on-error-propagate enableNotifications="true" logException="true" doc:name="On Error Propagate" doc:id="e7ab0e05-d371-41b4-86ec-1d739dc9f7ac" type="ANY">
						<logger level="INFO" doc:name="Error Message" doc:id="baecbe72-9aee-4397-9f0b-e6383365ad42" message='#[error.errorType.asString ++ " Error occured while connecting to SIEBEL"]' />
					</on-error-propagate>
				</error-handler>
			</try>
		</until-successful>
		<ee:transform doc:name="Response From GET Call" doc:id="efda3641-3c79-4e31-9f95-960dcf692e47">
			<ee:message>
				<ee:set-payload><![CDATA[%dw 2.0
output application/json
---
payload]]></ee:set-payload>
			</ee:message>
		</ee:transform>
		<logger level="INFO" doc:name="Flow End" doc:id="46be96f3-f009-4cf2-b9f9-c7f3ded19fd8" message='#[%dw 2.0&#10;output application/json&#10;---&#10;"CorrelationId : " ++ vars.correlationId ++ " Get ContactsByQueryParams Ended"]' />
	</sub-flow>
</mule>
