<?xml version="1.0" encoding="UTF-8"?>

<mule xmlns:ee="http://www.mulesoft.org/schema/mule/ee/core" xmlns:http="http://www.mulesoft.org/schema/mule/http"
	xmlns="http://www.mulesoft.org/schema/mule/core"
	xmlns:doc="http://www.mulesoft.org/schema/mule/documentation" xmlns:xsi="http://www.w3.org/2001/XMLSchema-instance" xsi:schemaLocation="http://www.mulesoft.org/schema/mule/core http://www.mulesoft.org/schema/mule/core/current/mule.xsd
http://www.mulesoft.org/schema/mule/http http://www.mulesoft.org/schema/mule/http/current/mule-http.xsd
http://www.mulesoft.org/schema/mule/ee/core http://www.mulesoft.org/schema/mule/ee/core/current/mule-ee.xsd">
	<sub-flow name="getContactByContactId" doc:id="5f2851ea-caae-4c92-8cb5-58a172375c0a" >
		<logger level="INFO" doc:name="Flow Start" doc:id="586bdc8d-436f-4e03-aa12-2e129c94f3d9" message='#[%dw 2.0&#10;output application/json&#10;---&#10;"CorrelationId : " ++ vars.correlationId ++ " Get contactByContactId Started for ContactId : " ++ attributes.uriParams.contactId default null]' />
		<until-successful maxRetries="${until-successful.maxRetries}" doc:name="Until Successful" doc:id="cce1f753-a13d-4344-bb95-71ec5ab24413" millisBetweenRetries="${until-successful.millisBetweenRetries}">
			<try doc:name="Try" doc:id="51301adf-2599-4df6-b2d6-46e37583ad6e">
				<http:request method="GET" doc:name="HTTP GET call to  polluction-report-prc-api" doc:id="9b29547e-6c2f-4849-abc9-c9bdc118837d" config-ref="pollution-report-prc-api_request" path="${prc.contactByContactId}" sendCorrelationId="ALWAYS" correlationId="#[vars.correlationId]" >
					<reconnect count="5" blocking="false" />
					<http:headers ><![CDATA[#[vars.requiredHeaders]]]></http:headers>
					<http:uri-params ><![CDATA[#[output application/json
---
{
	contactId: attributes.uriParams.contactId
}]]]></http:uri-params>
				</http:request>
				<error-handler>
					<on-error-propagate enableNotifications="true" logException="true" doc:name="On Error Propagate" doc:id="662b0dc3-c4f2-4e5c-95a8-2248da08cf9b" type="ANY">
						<logger level="INFO" doc:name="Error Message" doc:id="612d8fde-cf39-4f31-933f-e2d85e9420f4" message='#[error.errorType.asString ++ " Error occured while connecting to SIEBEL"]' />
					</on-error-propagate>
				</error-handler>
			</try>
		</until-successful>
		<ee:transform doc:name="Response From GET Call" doc:id="0daf42ed-2ac5-4b3a-a06c-3da0c24b600c">
			<ee:message>
				<ee:set-payload><![CDATA[%dw 2.0
output application/json
---
{
    "contactId": payload.contactId ,
    "contactFirstName": payload."contactFirstName" ,
    "contactLastName": payload."contactLastName" ,
    "contactEmail": payload."contactEmail" ,
    "citizenPhone": payload."citizenPhone" default "",
    "citizenAlternatePhone": payload."citizenAlternatePhone" default ""
} ]]></ee:set-payload>
			</ee:message>
		</ee:transform>
		<logger level="INFO" doc:name="Flow End" doc:id="0d89b0cd-7bae-4e10-af1f-c273bfd52ae8" message='#[%dw 2.0&#10;output application/json&#10;---&#10;"CorrelationId : " ++ vars.correlationId ++ " Get contactByContactId Ended for ContactId : " ++ payload.contactId default null]' />
	</sub-flow>
</mule>
