<?xml version="1.0" encoding="UTF-8"?>

<mule xmlns:ee="http://www.mulesoft.org/schema/mule/ee/core" xmlns:http="http://www.mulesoft.org/schema/mule/http"
	xmlns="http://www.mulesoft.org/schema/mule/core"
	xmlns:doc="http://www.mulesoft.org/schema/mule/documentation" xmlns:xsi="http://www.w3.org/2001/XMLSchema-instance" xsi:schemaLocation="http://www.mulesoft.org/schema/mule/core http://www.mulesoft.org/schema/mule/core/current/mule.xsd
http://www.mulesoft.org/schema/mule/http http://www.mulesoft.org/schema/mule/http/current/mule-http.xsd
http://www.mulesoft.org/schema/mule/ee/core http://www.mulesoft.org/schema/mule/ee/core/current/mule-ee.xsd">
	<sub-flow name="updateContactByContactId" doc:id="0899c67d-2167-4b84-82cd-4ec8f985c3bd" >
		<logger level="INFO" doc:name="Flow Start" doc:id="088204e8-b3f4-43bf-9ab1-c2c30ecf492c" message='#[%dw 2.0&#10;output application/json&#10;---&#10;"CorrelationId : " ++ vars.correlationId ++ " Patch contactByContactId Started for ContactId : " ++ attributes.uriParams.contactId default null]' />
				<choice doc:name="Id Validation" doc:id="c917a0a9-5dba-49f0-bad4-6aaee0be4bc5">
			<when expression='#[(!isBlank(payload.contactId default ""))]'>
				<ee:transform doc:name="Request Body For PUT" doc:id="dd325e61-ddf6-4fe2-bfb3-0cad22cf497c">
					<ee:message />
					<ee:variables>
						<ee:set-variable variableName="body"><![CDATA[%dw 2.0
output application/json

---
{
	"contactId": payload.contactId,
    "contactFirstName": payload.contactFirstName default "",
    "contactLastName": payload.contactLastName default "",
    "contactEmail": payload.contactEmail default "",
    "isRegisteredUser": payload.isRegisteredUser default false,
    "citizenPhone": payload.citizenPhone default "",
    "citizenAlternatePhone": payload.citizenAlternatePhone default ""
}	]]></ee:set-variable>
					</ee:variables>
				</ee:transform>
				<until-successful maxRetries="${until-successful.maxRetries}" doc:name="Until Successful" doc:id="2fdc5e25-cf77-472d-a81c-fcd157044790" millisBetweenRetries="${until-successful.millisBetweenRetries}">
					<try doc:name="Try" doc:id="d59b7ba2-3583-409d-bb0d-3e4e08637ce0">
						<http:request method="PUT" doc:name="HTTP PUT call to pollution-report-prc-api" doc:id="2790cdc2-b140-4365-a950-b9aa1d03eb81" config-ref="pollution-report-prc-api_request" path="${prc.contactByContactId}" sendCorrelationId="ALWAYS" correlationId="#[vars.correlationId]" >
							<reconnect />
							<http:body ><![CDATA[#[vars.body]]]></http:body>
							<http:headers ><![CDATA[#[vars.requiredHeaders]]]></http:headers>
							<http:uri-params ><![CDATA[#[output application/json
---
{
	"contactId" : attributes.uriParams.contactId
}]]]></http:uri-params>
						</http:request>
						<error-handler>
							<on-error-propagate enableNotifications="true" logException="true" doc:name="On Error Propagate" doc:id="c09dca55-b905-4b19-985e-c2c20d4725ab" type="ANY">
								<logger level="INFO" doc:name="Error Message" doc:id="ef8e7126-c544-42ef-a51f-31c03c632c04" message='#[error.errorType.asString ++ " Error occured while connecting to SIEBEL"]' />
							</on-error-propagate>
						</error-handler>
					</try>
				</until-successful>
				<ee:transform doc:name="Response From PUT Call" doc:id="c8ee6b4d-1b97-4222-9589-b97b68a4be45">
					<ee:message>
						<ee:set-payload><![CDATA[%dw 2.0
output application/json
---
payload]]></ee:set-payload>
					</ee:message>
				</ee:transform>
				<logger level="INFO" doc:name="Flow End" doc:id="ee370b5b-38aa-4680-b8e5-95bad6415e6d" message='#[%dw 2.0&#10;output application/json&#10;---&#10;"CorrelationId : " ++ vars.correlationId ++ " Patch contactByContactId Ended for ContactId : " ++ payload.contactId default null]'/>
			</when>
			<otherwise>
				<logger level="INFO" doc:name="ID is empty" doc:id="fec23bfa-f27a-42b9-a072-d7fbc35cf57e" message='#["Please provide valid ID"]' />
			</otherwise>
		</choice>
	</sub-flow>
</mule>
