<?xml version="1.0" encoding="UTF-8"?>

<mule xmlns:file="http://www.mulesoft.org/schema/mule/file" xmlns:ftp="http://www.mulesoft.org/schema/mule/ftp"
	xmlns:ee="http://www.mulesoft.org/schema/mule/ee/core"
	xmlns:http="http://www.mulesoft.org/schema/mule/http" xmlns:batch="http://www.mulesoft.org/schema/mule/batch" xmlns="http://www.mulesoft.org/schema/mule/core" xmlns:doc="http://www.mulesoft.org/schema/mule/documentation" xmlns:xsi="http://www.w3.org/2001/XMLSchema-instance" xsi:schemaLocation="http://www.mulesoft.org/schema/mule/core http://www.mulesoft.org/schema/mule/core/current/mule.xsd
http://www.mulesoft.org/schema/mule/batch http://www.mulesoft.org/schema/mule/batch/current/mule-batch.xsd
http://www.mulesoft.org/schema/mule/http http://www.mulesoft.org/schema/mule/http/current/mule-http.xsd
http://www.mulesoft.org/schema/mule/ee/core http://www.mulesoft.org/schema/mule/ee/core/current/mule-ee.xsd
http://www.mulesoft.org/schema/mule/ftp http://www.mulesoft.org/schema/mule/ftp/current/mule-ftp.xsd
http://www.mulesoft.org/schema/mule/file http://www.mulesoft.org/schema/mule/file/current/mule-file.xsd">
	<flow name="readDailyFile" doc:id="3a6dc115-ad78-4309-b5ee-a27dac17b533" >
		<file:listener doc:name="/daily" doc:id="d1f76111-036d-4c04-a99c-96c87a51ba9b" directory="C:\Users\geeta.bagati\Documents\daily" moveToDirectory="C:\Users\geeta.bagati\Documents\daily" renameTo='#[attributes.fileName as String ++ ".bak"]' overwrite="true">
			<scheduling-strategy >
				<fixed-frequency frequency="30" timeUnit="SECONDS" />
			</scheduling-strategy>
		</file:listener>
		<set-payload value='#[output application/json --- "FINISHED"]' doc:name='"Finished"' doc:id="63f9b3d0-aa27-4608-827f-b0e12ad2f73c" />
	</flow>
</mule>
