<?xml version="1.0" encoding="UTF-8"?>

<mule xmlns:file="http://www.mulesoft.org/schema/mule/file" xmlns:ftp="http://www.mulesoft.org/schema/mule/ftp"
	xmlns:ee="http://www.mulesoft.org/schema/mule/ee/core"
	xmlns:http="http://www.mulesoft.org/schema/mule/http" xmlns:batch="http://www.mulesoft.org/schema/mule/batch" xmlns="http://www.mulesoft.org/schema/mule/core" xmlns:doc="http://www.mulesoft.org/schema/mule/documentation" xmlns:xsi="http://www.w3.org/2001/XMLSchema-instance" xsi:schemaLocation="http://www.mulesoft.org/schema/mule/core http://www.mulesoft.org/schema/mule/core/current/mule.xsd
http://www.mulesoft.org/schema/mule/batch http://www.mulesoft.org/schema/mule/batch/current/mule-batch.xsd
http://www.mulesoft.org/schema/mule/http http://www.mulesoft.org/schema/mule/http/current/mule-http.xsd
http://www.mulesoft.org/schema/mule/ee/core http://www.mulesoft.org/schema/mule/ee/core/current/mule-ee.xsd
http://www.mulesoft.org/schema/mule/ftp http://www.mulesoft.org/schema/mule/ftp/current/mule-ftp.xsd
http://www.mulesoft.org/schema/mule/file http://www.mulesoft.org/schema/mule/file/current/mule-file.xsd">
	<flow name="writeRecords" doc:id="3a6dc115-ad78-4309-b5ee-a27dac17b533" >
		<http:listener doc:name="HTTP: POST /records" doc:id="37fc4c1a-5004-4139-874b-b4ad08ed4a96" config-ref="HTTP_Listener_config" path="/records" allowedMethods="POST"/>
		<ee:transform doc:name="Add write_date" doc:id="1a18c347-b7c3-4c41-9eec-96c2bf462aa0" >
			<ee:message >
				<ee:set-payload ><![CDATA[%dw 2.0
output application/json
---
payload ++ {"write_date": now()}]]></ee:set-payload>
			</ee:message>
		</ee:transform>
		<file:write doc:name="File: records.csv" doc:id="6c4f995c-6455-4353-acb0-32f8bbc20710" path="C:\Users\geeta.bagati\Documents\file-store\records.csv"/>
	</flow>
</mule>
