<?xml version="1.0" encoding="UTF-8"?>

<mule xmlns:validation="http://www.mulesoft.org/schema/mule/validation" xmlns:file="http://www.mulesoft.org/schema/mule/file"
	xmlns:ftp="http://www.mulesoft.org/schema/mule/ftp"
	xmlns:ee="http://www.mulesoft.org/schema/mule/ee/core" xmlns:http="http://www.mulesoft.org/schema/mule/http" xmlns:batch="http://www.mulesoft.org/schema/mule/batch" xmlns="http://www.mulesoft.org/schema/mule/core" xmlns:doc="http://www.mulesoft.org/schema/mule/documentation" xmlns:xsi="http://www.w3.org/2001/XMLSchema-instance" xsi:schemaLocation="http://www.mulesoft.org/schema/mule/core http://www.mulesoft.org/schema/mule/core/current/mule.xsd
http://www.mulesoft.org/schema/mule/batch http://www.mulesoft.org/schema/mule/batch/current/mule-batch.xsd
http://www.mulesoft.org/schema/mule/http http://www.mulesoft.org/schema/mule/http/current/mule-http.xsd
http://www.mulesoft.org/schema/mule/ee/core http://www.mulesoft.org/schema/mule/ee/core/current/mule-ee.xsd
http://www.mulesoft.org/schema/mule/ftp http://www.mulesoft.org/schema/mule/ftp/current/mule-ftp.xsd
http://www.mulesoft.org/schema/mule/file http://www.mulesoft.org/schema/mule/file/current/mule-file.xsd
http://www.mulesoft.org/schema/mule/validation http://www.mulesoft.org/schema/mule/validation/current/mule-validation.xsd">
	<flow name="Q15main" doc:id="3a6dc115-ad78-4309-b5ee-a27dac17b533" >
		<http:listener doc:name="HTTP: GET /q15" doc:id="37fc4c1a-5004-4139-874b-b4ad08ed4a96" config-ref="HTTP_Listener_config" path="/q15" allowedMethods="GET"/>
		<flow-ref doc:name="private" doc:id="c7db5707-2f47-42bc-a8e8-d939a57e33a5" name="private"/>
		<set-payload value='"Success - main flow"' doc:name='"Success - main flow"' doc:id="22e2e7b6-3d0c-4ef8-889e-b3fab90c561c" />
		<error-handler >
			<on-error-continue enableNotifications="true" logException="true" doc:name="On Error Continue" doc:id="6b7e5527-d3b0-45b7-9e6d-0911f6a8da31" >
				<set-payload value='"Error - main flow"' doc:name='"Error - main flow"' doc:id="4a035e27-6a54-44c6-aeba-4d9daaff2ae2" />
			</on-error-continue>
		</error-handler>
	</flow>
	<flow name="private" doc:id="706dac5a-0d3d-492c-9652-12ae6106f4bc" >
		<validation:is-number doc:name="payload" doc:id="295967d8-06d5-4d3b-b387-666ccb699de5" value="#[payload]" numberType="INTEGER" message='"Validation Error"'/>
		<error-handler >
			<on-error-continue enableNotifications="true" logException="true" doc:name="On Error Continue" doc:id="bf1451fe-263e-40d3-8558-97f52645a0cb" >
				<set-payload value='"Error - private flow"' doc:name='"Error - private flow"' doc:id="b7d2cf0c-f7ee-4a37-95dc-5fe0f5733adf" />
			</on-error-continue>
		</error-handler>
	</flow>
</mule>
