<?xml version="1.0" encoding="UTF-8"?>

<mule xmlns:batch="http://www.mulesoft.org/schema/mule/batch" xmlns="http://www.mulesoft.org/schema/mule/core"
	xmlns:doc="http://www.mulesoft.org/schema/mule/documentation"
	xmlns:xsi="http://www.w3.org/2001/XMLSchema-instance" xsi:schemaLocation="http://www.mulesoft.org/schema/mule/core http://www.mulesoft.org/schema/mule/core/current/mule.xsd
http://www.mulesoft.org/schema/mule/batch http://www.mulesoft.org/schema/mule/batch/current/mule-batch.xsd">
<!-- [STUDIO:"batch"]	<flow name="batch" doc:id="3a6dc115-ad78-4309-b5ee-a27dac17b533" >
		<scheduler doc:name="Scheduler" doc:id="cc20b9a0-11c7-4d5a-9bb8-24a6f180c259" >
			<scheduling-strategy >
				<fixed-frequency frequency="5000" timeUnit="MINUTES"/>
			</scheduling-strategy>
		</scheduler>
		<set-payload value='#[["Apple","Banana"&#93;&#93;' doc:name='["Apple","Banana"&#93;' doc:id="63f9b3d0-aa27-4608-827f-b0e12ad2f73c" />
		<set-variable value="variable" doc:name="Set Variable" doc:id="75319055-6178-4d64-b081-da06f909d003" variableName="dummyVar"/>
		<batch:job jobName="processRecordsBatchJob" doc:id="54127eb1-c2a6-4fb7-b1c3-431676f55ffe" >
			<batch:process-records >
				<batch:step name="Batch_Step" doc:id="4060411b-d94c-4581-9252-82c7f356e230" >
					<set-payload value='#[payload ++ "1"&#93;' doc:name='payload ++ "1"' doc:id="a223edc3-37d5-4ca6-8284-bee6a12a5f2c" />
					<set-variable value="variableUpdated" doc:name="Set Variable" doc:id="f85a0092-4775-49c6-9f4f-23da2293d829" variableName="dummyVar" />
				
</batch:step>
				<batch:step name="Batch_Step1" doc:id="ccbf473a-99de-4070-80f4-f2c0d404c264" >
					<set-payload value='#[payload ++ "2"&#93;' doc:name='payload ++ "2"' doc:id="8e84ba55-6d14-46ef-adf6-11a0fed6c588" />
				</batch:step>
			</batch:process-records>
			<batch:on-complete >
				<logger level="INFO" doc:name="payload" doc:id="f653a07b-c817-4c0d-9fce-13837e109fc1" message="#[payload&#93;"/>
			</batch:on-complete>
		</batch:job>
		<logger level="INFO" doc:name="Logger" doc:id="7fb25b4b-a700-4245-bdb5-b433a49903e3" message="#[payload&#93;"/>
	
</flow> [STUDIO] -->
</mule>
