<?xml version="1.0" encoding="UTF-8"?>

<mule xmlns:validation="http://www.mulesoft.org/schema/mule/validation" xmlns:file="http://www.mulesoft.org/schema/mule/file"
	xmlns:ftp="http://www.mulesoft.org/schema/mule/ftp"
	xmlns:ee="http://www.mulesoft.org/schema/mule/ee/core" xmlns:http="http://www.mulesoft.org/schema/mule/http" xmlns:batch="http://www.mulesoft.org/schema/mule/batch" xmlns="http://www.mulesoft.org/schema/mule/core" xmlns:doc="http://www.mulesoft.org/schema/mule/documentation" xmlns:xsi="http://www.w3.org/2001/XMLSchema-instance" xsi:schemaLocation="http://www.mulesoft.org/schema/mule/core http://www.mulesoft.org/schema/mule/core/current/mule.xsd
http://www.mulesoft.org/schema/mule/batch http://www.mulesoft.org/schema/mule/batch/current/mule-batch.xsd
http://www.mulesoft.org/schema/mule/http http://www.mulesoft.org/schema/mule/http/current/mule-http.xsd
http://www.mulesoft.org/schema/mule/ee/core http://www.mulesoft.org/schema/mule/ee/core/current/mule-ee.xsd
http://www.mulesoft.org/schema/mule/ftp http://www.mulesoft.org/schema/mule/ftp/current/mule-ftp.xsd
http://www.mulesoft.org/schema/mule/file http://www.mulesoft.org/schema/mule/file/current/mule-file.xsd
http://www.mulesoft.org/schema/mule/validation http://www.mulesoft.org/schema/mule/validation/current/mule-validation.xsd">
<!-- [STUDIO:"choosRegion"]	<flow name="choosRegion" doc:id="3a6dc115-ad78-4309-b5ee-a27dac17b533" >
		<scheduler doc:name="Scheduler" doc:id="ea73b9dc-d605-4991-8675-8b3d7de60085" >
			<scheduling-strategy >
				<fixed-frequency frequency="5000"/>
			</scheduling-strategy>
		</scheduler>
		<set-payload value='#["REGION"&#93;' doc:name='"REGION"' doc:id="22e2e7b6-3d0c-4ef8-889e-b3fab90c561c" />
		<choice doc:name="Choice" doc:id="0dcdf4f2-24ce-4293-8d14-60bd2cb397cd" >
			<when expression="#[not isEmpty(payload)&#93;">
				<set-payload value='#["US"&#93;' doc:name='"US"' doc:id="ffd965ee-3571-45be-9a0e-94d3b7915698" />
			</when>
			<when expression="#[payload is String&#93;">
				<set-payload value='#["EU"&#93;' doc:name='"EU"' doc:id="376307dc-3630-4c89-8310-f5086d9411a3" />
			</when>
			<otherwise >
				<logger level="INFO" doc:name="payload" doc:id="e297c340-695c-4a0b-9f06-65cf867e5844" message="#[payload&#93;"/>
			</otherwise>
		</choice>
		<logger level="INFO" doc:name="payload" doc:id="3d26546d-462a-4334-beb5-d4d0c557e347" message="#[payload&#93;"/>
	</flow> [STUDIO] -->
</mule>
