<?xml version="1.0" encoding="UTF-8"?>

<mule xmlns:validation="http://www.mulesoft.org/schema/mule/validation" xmlns:file="http://www.mulesoft.org/schema/mule/file"
	xmlns:ftp="http://www.mulesoft.org/schema/mule/ftp"
	xmlns:ee="http://www.mulesoft.org/schema/mule/ee/core" xmlns:http="http://www.mulesoft.org/schema/mule/http" xmlns:batch="http://www.mulesoft.org/schema/mule/batch" xmlns="http://www.mulesoft.org/schema/mule/core" xmlns:doc="http://www.mulesoft.org/schema/mule/documentation" xmlns:xsi="http://www.w3.org/2001/XMLSchema-instance" xsi:schemaLocation="http://www.mulesoft.org/schema/mule/core http://www.mulesoft.org/schema/mule/core/current/mule.xsd
http://www.mulesoft.org/schema/mule/batch http://www.mulesoft.org/schema/mule/batch/current/mule-batch.xsd
http://www.mulesoft.org/schema/mule/http http://www.mulesoft.org/schema/mule/http/current/mule-http.xsd
http://www.mulesoft.org/schema/mule/ee/core http://www.mulesoft.org/schema/mule/ee/core/current/mule-ee.xsd
http://www.mulesoft.org/schema/mule/ftp http://www.mulesoft.org/schema/mule/ftp/current/mule-ftp.xsd
http://www.mulesoft.org/schema/mule/file http://www.mulesoft.org/schema/mule/file/current/mule-file.xsd
http://www.mulesoft.org/schema/mule/validation http://www.mulesoft.org/schema/mule/validation/current/mule-validation.xsd">
<!-- [STUDIO:"checkCompany"]	<flow name="checkCompany" doc:id="3a6dc115-ad78-4309-b5ee-a27dac17b533" >
		<scheduler doc:name="Scheduler" doc:id="ea73b9dc-d605-4991-8675-8b3d7de60085" >
			<scheduling-strategy >
				<fixed-frequency frequency="5000"/>
			</scheduling-strategy>
		</scheduler>
		<set-payload value='#[{company: "MuleSoft"}&#93;' doc:name='{company: "MuleSoft"}' doc:id="22e2e7b6-3d0c-4ef8-889e-b3fab90c561c" />
		<choice doc:name="Company is MuleSoft?" doc:id="0dcdf4f2-24ce-4293-8d14-60bd2cb397cd" >
			<when expression='payload.company == "MuleSoft"'>
				<set-payload value='#["True"&#93;' doc:name='"True"' doc:id="ffd965ee-3571-45be-9a0e-94d3b7915698" />
			</when>
			<otherwise>
				<set-payload value='#["Default"&#93;' doc:name='"Default"' doc:id="b0c61c35-bbb1-4dbd-a286-c5aac806c9a2" />
			</otherwise>
		</choice>
	</flow> [STUDIO] -->
</mule>
