<?xml version="1.0" encoding="UTF-8"?>

<mule
	xmlns:validation="http://www.mulesoft.org/schema/mule/validation"
	xmlns:file="http://www.mulesoft.org/schema/mule/file"
	xmlns:ftp="http://www.mulesoft.org/schema/mule/ftp"
	xmlns:ee="http://www.mulesoft.org/schema/mule/ee/core"
	xmlns:http="http://www.mulesoft.org/schema/mule/http"
	xmlns:batch="http://www.mulesoft.org/schema/mule/batch"
	xmlns="http://www.mulesoft.org/schema/mule/core"
	xmlns:doc="http://www.mulesoft.org/schema/mule/documentation"
	xmlns:xsi="http://www.w3.org/2001/XMLSchema-instance"
	xsi:schemaLocation="http://www.mulesoft.org/schema/mule/core http://www.mulesoft.org/schema/mule/core/current/mule.xsd
http://www.mulesoft.org/schema/mule/batch http://www.mulesoft.org/schema/mule/batch/current/mule-batch.xsd
http://www.mulesoft.org/schema/mule/http http://www.mulesoft.org/schema/mule/http/current/mule-http.xsd
http://www.mulesoft.org/schema/mule/ee/core http://www.mulesoft.org/schema/mule/ee/core/current/mule-ee.xsd
http://www.mulesoft.org/schema/mule/ftp http://www.mulesoft.org/schema/mule/ftp/current/mule-ftp.xsd
http://www.mulesoft.org/schema/mule/file http://www.mulesoft.org/schema/mule/file/current/mule-file.xsd
http://www.mulesoft.org/schema/mule/validation http://www.mulesoft.org/schema/mule/validation/current/mule-validation.xsd">

	<flow name="Q28main" doc:id="3a6dc115-ad78-4309-b5ee-a27dac17b533">
		<http:listener doc:name="HTTP: GET /q28"
			doc:id="fd8e0ebb-74a1-45ec-9cc0-41b5e9c7946d"
			config-ref="HTTP_Listener_config" path="/q28" />
		<set-payload value='"Success - Begin main flow"'
			doc:name='"Success - Begin main flow"'
			doc:id="22e2e7b6-3d0c-4ef8-889e-b3fab90c561c" />
		<validation:is-number numberType="INTEGER"
			doc:name="payload" doc:id="c9e9d6a3-e7c2-4f36-af43-0e2d904dbfd8"
			value="#[payload]" message='"Validate - Payload is an Integer"' />
		<set-payload value='#["Success - End main flow"]'
			doc:name='"Success - End main flow"'
			doc:id="5467905d-4098-4ad5-92ef-aeccce47846f" />
		<error-handler>
			<on-error-propagate enableNotifications="true"
				logException="true" doc:name="On Error Propagate"
				doc:id="003faa76-f832-497a-b868-c916c333f489">
				<set-payload value='#["Error - main flow"]'
					doc:name='"Error - main flow"'
					doc:id="a21bf4ad-3076-4650-890e-61226b547e47" />
			</on-error-propagate>
		</error-handler>
	</flow>
</mule>
