<?xml version="1.0" encoding="UTF-8"?>

<mule xmlns:http="http://www.mulesoft.org/schema/mule/http"
	xmlns:batch="http://www.mulesoft.org/schema/mule/batch"
	xmlns="http://www.mulesoft.org/schema/mule/core"
	xmlns:doc="http://www.mulesoft.org/schema/mule/documentation"
	xmlns:xsi="http://www.w3.org/2001/XMLSchema-instance"
	xsi:schemaLocation="http://www.mulesoft.org/schema/mule/core http://www.mulesoft.org/schema/mule/core/current/mule.xsd
http://www.mulesoft.org/schema/mule/batch http://www.mulesoft.org/schema/mule/batch/current/mule-batch.xsd
http://www.mulesoft.org/schema/mule/http http://www.mulesoft.org/schema/mule/http/current/mule-http.xsd">
	<flow name="Q3main" doc:id="3a6dc115-ad78-4309-b5ee-a27dac17b533">
		<http:listener doc:name="HTTP: GET /q3order"
			doc:id="8120cc97-bdec-41b3-8bc2-b1a71d17c688" path="/q3order"
			config-ref="HTTP_Listener_config" />
		<set-payload value='#["Order01"]' doc:name='"Order01"'
			doc:id="63f9b3d0-aa27-4608-827f-b0e12ad2f73c" />
		<set-variable value="1" doc:name="quantity to 1"
			doc:id="bc733de7-3cb9-4e11-9ab4-38ab58b8545b" variableName="quantity" />
		<http:request method="POST"
			doc:name="HTTP: POST /q3child"
			doc:id="18418f0e-7f90-4765-a1a0-fec6d674dd84"
			url="http://localhost:8081/q3child" />
		<logger level="INFO" doc:name="Logger"
			doc:id="d0567319-731c-47cd-aec6-5c546e2e385a" />
	</flow>
	<flow name="Q3child" doc:id="ad3165f1-71a4-4fb8-977f-c20bcec77b13">
		<http:listener doc:name="HTTP: POST /q3child"
			doc:id="e2706922-4369-4c4e-9c79-c0761edc592f" path="/q3child"
			config-ref="HTTP_Listener_config" />
		<logger level="INFO" doc:name="Logger"
			doc:id="441172cd-9917-4f27-b52c-1cb942763c5e" />
	</flow>
</mule>
