<?xml version="1.0" encoding="UTF-8"?>

<mule xmlns:validation="http://www.mulesoft.org/schema/mule/validation" xmlns:file="http://www.mulesoft.org/schema/mule/file"
	xmlns:ftp="http://www.mulesoft.org/schema/mule/ftp"
	xmlns:ee="http://www.mulesoft.org/schema/mule/ee/core" xmlns:http="http://www.mulesoft.org/schema/mule/http" xmlns:batch="http://www.mulesoft.org/schema/mule/batch" xmlns="http://www.mulesoft.org/schema/mule/core" xmlns:doc="http://www.mulesoft.org/schema/mule/documentation" xmlns:xsi="http://www.w3.org/2001/XMLSchema-instance" xsi:schemaLocation="http://www.mulesoft.org/schema/mule/core http://www.mulesoft.org/schema/mule/core/current/mule.xsd
http://www.mulesoft.org/schema/mule/batch http://www.mulesoft.org/schema/mule/batch/current/mule-batch.xsd
http://www.mulesoft.org/schema/mule/http http://www.mulesoft.org/schema/mule/http/current/mule-http.xsd
http://www.mulesoft.org/schema/mule/ee/core http://www.mulesoft.org/schema/mule/ee/core/current/mule-ee.xsd
http://www.mulesoft.org/schema/mule/ftp http://www.mulesoft.org/schema/mule/ftp/current/mule-ftp.xsd
http://www.mulesoft.org/schema/mule/file http://www.mulesoft.org/schema/mule/file/current/mule-file.xsd
http://www.mulesoft.org/schema/mule/validation http://www.mulesoft.org/schema/mule/validation/current/mule-validation.xsd">
	<flow name="forEach-vs-Batch" doc:id="3a6dc115-ad78-4309-b5ee-a27dac17b533" >
		<http:listener doc:name="" doc:id="fd8e0ebb-74a1-45ec-9cc0-41b5e9c7946d" config-ref="HTTP_Listener_config" path="/q32"/>
		<set-payload value='#[[2000, 200, 1000, 100]]' doc:name='[2000, 200, 1000, 100]' doc:id="22e2e7b6-3d0c-4ef8-889e-b3fab90c561c" />
		<foreach doc:name="For Each" doc:id="d2fbd47f-ac62-4e7e-9b9b-47698a0ae09c" >
			<set-payload value='Wait for "payload" milliseconds' doc:name='Wait for "payload" milliseconds' doc:id="5467905d-4098-4ad5-92ef-aeccce47846f" />
			<logger level="INFO" doc:name="payload" doc:id="397d6578-801b-46cd-b282-8c51022a8a36" message="#[payload]"/>
		</foreach>
		<set-payload value="#[[4000, 40, 3000, 300]]" doc:name="[4000, 40, 3000, 300]" doc:id="d7e75445-fbaf-492a-864a-3b857779efec" />
		<batch:job jobName="Batch_Job" doc:id="c40cad6e-5b22-4ff8-96b4-e5984c38c4d4" blockSize="1">
			<batch:process-records >
				<batch:step name="Batch_Step" doc:id="8b8dfcbd-fdfa-4887-bfdc-bf1860c06156" >
					<set-payload value='#[payload]' doc:name='Wait for "payload" milliseconds' doc:id="8e4f81e8-40ff-4057-a1a2-a980dbf9f17f" />
					<logger level="INFO" doc:name="payload" doc:id="fd090436-e236-4bbc-850c-a641d7c79f23" message="#[payload]" />
				</batch:step>
			</batch:process-records>
		</batch:job>
	</flow>
</mule>
