<?xml version="1.0" encoding="UTF-8"?>

<mule xmlns:validation="http://www.mulesoft.org/schema/mule/validation" xmlns:file="http://www.mulesoft.org/schema/mule/file"
	xmlns:ftp="http://www.mulesoft.org/schema/mule/ftp"
	xmlns:ee="http://www.mulesoft.org/schema/mule/ee/core" xmlns:http="http://www.mulesoft.org/schema/mule/http" xmlns:batch="http://www.mulesoft.org/schema/mule/batch" xmlns="http://www.mulesoft.org/schema/mule/core" xmlns:doc="http://www.mulesoft.org/schema/mule/documentation" xmlns:xsi="http://www.w3.org/2001/XMLSchema-instance" xsi:schemaLocation="http://www.mulesoft.org/schema/mule/core http://www.mulesoft.org/schema/mule/core/current/mule.xsd
http://www.mulesoft.org/schema/mule/batch http://www.mulesoft.org/schema/mule/batch/current/mule-batch.xsd
http://www.mulesoft.org/schema/mule/http http://www.mulesoft.org/schema/mule/http/current/mule-http.xsd
http://www.mulesoft.org/schema/mule/ee/core http://www.mulesoft.org/schema/mule/ee/core/current/mule-ee.xsd
http://www.mulesoft.org/schema/mule/ftp http://www.mulesoft.org/schema/mule/ftp/current/mule-ftp.xsd
http://www.mulesoft.org/schema/mule/file http://www.mulesoft.org/schema/mule/file/current/mule-file.xsd
http://www.mulesoft.org/schema/mule/validation http://www.mulesoft.org/schema/mule/validation/current/mule-validation.xsd">
	<flow name="Q36main" doc:id="3a6dc115-ad78-4309-b5ee-a27dac17b533" >
		<http:listener doc:name="HTTP: GET /q36" doc:id="fd8e0ebb-74a1-45ec-9cc0-41b5e9c7946d" config-ref="HTTP_Listener_config" path="/q36"/>
		<set-payload value='#[output application/json&#10;var objects = {&#10;	"account": {&#10;		"accountID": "4829ADJ-4833",&#10;		"name": "Marry Loo",&#10;		"balance": 48191.48&#10;	},&#10;		"account": {&#10;		"accountID": "4382AJJ-4833",&#10;		"name": "Lauren Flork",&#10;		"balance": 1391.48&#10;	},&#10;		"account": {&#10;		"accountID": "KJ6FF8-4833",&#10;		"name": "Lak Li",&#10;		"balance": 282.48&#10;	}&#10;	}&#10;	---&#10;	objects]' doc:name="Set to object" doc:id="7c1538d4-cf46-4a22-9f0f-66b2b61e50f7" />
		<foreach doc:name="For Each" doc:id="48973cd1-490f-44e0-b602-fda318bb3c48" batchSize="2">
			<file:write doc:name="File: data/account" doc:id="54152925-33ca-4889-a302-85be07ac68f8" path='#["C:/Users/geeta.bagati/Documents/data/account-" ++ random()]'>
				<file:content ><![CDATA[#[output application/json --- payload]]]></file:content>
			</file:write>
		</foreach>
	</flow>
</mule>
