<?xml version="1.0" encoding="UTF-8"?>

<mule xmlns:validation="http://www.mulesoft.org/schema/mule/validation" xmlns:file="http://www.mulesoft.org/schema/mule/file"
	xmlns:ftp="http://www.mulesoft.org/schema/mule/ftp"
	xmlns:ee="http://www.mulesoft.org/schema/mule/ee/core" xmlns:http="http://www.mulesoft.org/schema/mule/http" xmlns:batch="http://www.mulesoft.org/schema/mule/batch" xmlns="http://www.mulesoft.org/schema/mule/core" xmlns:doc="http://www.mulesoft.org/schema/mule/documentation" xmlns:xsi="http://www.w3.org/2001/XMLSchema-instance" xsi:schemaLocation="http://www.mulesoft.org/schema/mule/core http://www.mulesoft.org/schema/mule/core/current/mule.xsd
http://www.mulesoft.org/schema/mule/batch http://www.mulesoft.org/schema/mule/batch/current/mule-batch.xsd
http://www.mulesoft.org/schema/mule/http http://www.mulesoft.org/schema/mule/http/current/mule-http.xsd
http://www.mulesoft.org/schema/mule/ee/core http://www.mulesoft.org/schema/mule/ee/core/current/mule-ee.xsd
http://www.mulesoft.org/schema/mule/ftp http://www.mulesoft.org/schema/mule/ftp/current/mule-ftp.xsd
http://www.mulesoft.org/schema/mule/file http://www.mulesoft.org/schema/mule/file/current/mule-file.xsd
http://www.mulesoft.org/schema/mule/validation http://www.mulesoft.org/schema/mule/validation/current/mule-validation.xsd">
	<flow name="Q42main" doc:id="3a6dc115-ad78-4309-b5ee-a27dac17b533" >
		<http:listener doc:name="HTTP: POST  /q42" doc:id="fd8e0ebb-74a1-45ec-9cc0-41b5e9c7946d" config-ref="HTTP_Listener_config" path="/q42"/>
		<try doc:name="Try" doc:id="5e65df3a-f535-4bd3-b583-c0bdb2bde4e2" >
			<validation:is-null doc:name="payload" doc:id="a3ed3232-3ef4-4f30-891f-762adde92ed9" value="#[payload]" message='"Validation Error"'/>
			<error-handler >
				<on-error-propagate enableNotifications="true" logException="true" doc:name="On Error Propagate" doc:id="2b099a38-e0ac-4a1a-9326-098f81f20149" >
					<set-payload value='"ERROR1"' doc:name='"ERROR1"' doc:id="7c1538d4-cf46-4a22-9f0f-66b2b61e50f7" />
				</on-error-propagate>
			</error-handler>
		</try>
		<set-payload value='"END"' doc:name='"END"' doc:id="bc433851-6994-4436-98d6-94abac91e3eb" />
		<error-handler >
			<on-error-continue enableNotifications="true" logException="true" doc:name="On Error Continue" doc:id="c48a708d-7ab6-4439-b130-3346c882485b" >
				<set-payload value='"ERROR2"' doc:name='"ERROR2"' doc:id="7a133a40-3309-4238-952c-4a28760d26b6" />
			</on-error-continue>
		</error-handler>
	</flow>
</mule>
