<?xml version="1.0" encoding="UTF-8"?>

<mule xmlns:validation="http://www.mulesoft.org/schema/mule/validation" xmlns:file="http://www.mulesoft.org/schema/mule/file"
	xmlns:ftp="http://www.mulesoft.org/schema/mule/ftp"
	xmlns:ee="http://www.mulesoft.org/schema/mule/ee/core" xmlns:http="http://www.mulesoft.org/schema/mule/http" xmlns:batch="http://www.mulesoft.org/schema/mule/batch" xmlns="http://www.mulesoft.org/schema/mule/core" xmlns:doc="http://www.mulesoft.org/schema/mule/documentation" xmlns:xsi="http://www.w3.org/2001/XMLSchema-instance" xsi:schemaLocation="http://www.mulesoft.org/schema/mule/core http://www.mulesoft.org/schema/mule/core/current/mule.xsd
http://www.mulesoft.org/schema/mule/batch http://www.mulesoft.org/schema/mule/batch/current/mule-batch.xsd
http://www.mulesoft.org/schema/mule/http http://www.mulesoft.org/schema/mule/http/current/mule-http.xsd
http://www.mulesoft.org/schema/mule/ee/core http://www.mulesoft.org/schema/mule/ee/core/current/mule-ee.xsd
http://www.mulesoft.org/schema/mule/ftp http://www.mulesoft.org/schema/mule/ftp/current/mule-ftp.xsd
http://www.mulesoft.org/schema/mule/file http://www.mulesoft.org/schema/mule/file/current/mule-file.xsd
http://www.mulesoft.org/schema/mule/validation http://www.mulesoft.org/schema/mule/validation/current/mule-validation.xsd">
	<flow name="Q48main" doc:id="3a6dc115-ad78-4309-b5ee-a27dac17b533" >
		<http:listener doc:name="HTTP: GET /q48" doc:id="fd8e0ebb-74a1-45ec-9cc0-41b5e9c7946d" config-ref="HTTP_Listener_config" path="/q48"/>
		<http:request method="GET" doc:name="HTTP: GET /acme.com/virgin" doc:id="3c5059f2-36a8-46f5-a539-6e4aa720b566" url="http://acme.com/virgin">
			<error-mapping sourceType="HTTP:NOT_FOUND" targetType="APP:API_RESOURCE_NOT_FOUND" />
		</http:request>
		<set-payload value='#["Success - main flow"]' doc:name='"Success - main flow"' doc:id="bc433851-6994-4436-98d6-94abac91e3eb" />
		<error-handler>
			<on-error-propagate enableNotifications="true" logException="true" doc:name="On Error Propagate" doc:id="09db0c1f-d236-4c0f-8e1e-f3efcb5b19bc" type="HTTP:NOT_FOUND">
				<set-payload value='#["HTTP: NOT FOUND"]' doc:name='"HTTP: NOT FOUND"' doc:id="48cedcff-65d0-49b2-8738-21d8beabfb2a" />
			</on-error-propagate>
			<on-error-continue enableNotifications="true" logException="true" doc:name="On Error Continue" doc:id="c48a708d-7ab6-4439-b130-3346c882485b" type="APP:API_RESOURCE_NOT_FOUND">
				<set-payload value='#["APP: API RESOURCE NOT FOUND"]' doc:name='"APP: API RESOURCE NOT FOUND"' doc:id="4cfdc2d0-62a6-44da-bcb1-fe40e1dd93c6" />
			</on-error-continue>
			<on-error-continue enableNotifications="true" logException="true" doc:name="On Error Continue" doc:id="dcc24d49-22dc-4255-842c-9f099bda6d6c" when="#[true]">
				<set-payload value='#["Other error"]' doc:name='"Other error"' doc:id="dbdf2cef-d0dc-429e-87df-716ffe6dd687" />
			</on-error-continue>
		</error-handler>
	</flow>
</mule>
