<?xml version="1.0" encoding="UTF-8"?>

<mule xmlns:jms="http://www.mulesoft.org/schema/mule/jms" xmlns:validation="http://www.mulesoft.org/schema/mule/validation"
	xmlns:file="http://www.mulesoft.org/schema/mule/file"
	xmlns:ftp="http://www.mulesoft.org/schema/mule/ftp" xmlns:ee="http://www.mulesoft.org/schema/mule/ee/core" xmlns:http="http://www.mulesoft.org/schema/mule/http" xmlns:batch="http://www.mulesoft.org/schema/mule/batch" xmlns="http://www.mulesoft.org/schema/mule/core" xmlns:doc="http://www.mulesoft.org/schema/mule/documentation" xmlns:xsi="http://www.w3.org/2001/XMLSchema-instance" xsi:schemaLocation="http://www.mulesoft.org/schema/mule/core http://www.mulesoft.org/schema/mule/core/current/mule.xsd
http://www.mulesoft.org/schema/mule/batch http://www.mulesoft.org/schema/mule/batch/current/mule-batch.xsd
http://www.mulesoft.org/schema/mule/http http://www.mulesoft.org/schema/mule/http/current/mule-http.xsd
http://www.mulesoft.org/schema/mule/ee/core http://www.mulesoft.org/schema/mule/ee/core/current/mule-ee.xsd
http://www.mulesoft.org/schema/mule/ftp http://www.mulesoft.org/schema/mule/ftp/current/mule-ftp.xsd
http://www.mulesoft.org/schema/mule/file http://www.mulesoft.org/schema/mule/file/current/mule-file.xsd
http://www.mulesoft.org/schema/mule/validation http://www.mulesoft.org/schema/mule/validation/current/mule-validation.xsd
http://www.mulesoft.org/schema/mule/jms http://www.mulesoft.org/schema/mule/jms/current/mule-jms.xsd">
	<flow name="Q52main" doc:id="3a6dc115-ad78-4309-b5ee-a27dac17b533" >
		<http:listener doc:name="HTTP: GET  /planes" doc:id="fd8e0ebb-74a1-45ec-9cc0-41b5e9c7946d" config-ref="HTTP_Listener_config" path="/planes"/>
		<set-payload value='#["Plane Service History"]' doc:name='"Plane Service History"' doc:id="f4d6f4f2-a702-4b58-babd-a5c6705a5caa" />
		<set-variable value="#[attributes.queryParams.modelName]" doc:name="planeModel" doc:id="a9c142aa-2803-4afa-825e-3b57cc8591d1" variableName="planeModel"/>
		<http:request method="POST" doc:name="HTTP: POST /q52child" doc:id="3c5059f2-36a8-46f5-a539-6e4aa720b566" url="http://localhost:8081/q52child">
			<error-mapping sourceType="HTTP:NOT_FOUND" targetType="APP:API_RESOURCE_NOT_FOUND" />
		</http:request>
	</flow>
	<flow name="Q52child" doc:id="11c00484-3212-4efa-9a52-0f7917e06210" >
		<http:listener doc:name="HTTP: POST /q52child" doc:id="8d6b8563-8604-48d7-b781-8a1a48723089" config-ref="HTTP_Listener_config" path="/q52child"/>
		<logger level="INFO" doc:name="Logger" doc:id="7b33dd94-ddcf-4770-bff5-1f75a8d0e9d5" />
	</flow>
</mule>
