<?xml version="1.0" encoding="UTF-8"?>

<mule xmlns:ee="http://www.mulesoft.org/schema/mule/ee/core"
	xmlns:http="http://www.mulesoft.org/schema/mule/http"
	xmlns:batch="http://www.mulesoft.org/schema/mule/batch"
	xmlns="http://www.mulesoft.org/schema/mule/core"
	xmlns:doc="http://www.mulesoft.org/schema/mule/documentation"
	xmlns:xsi="http://www.w3.org/2001/XMLSchema-instance"
	xsi:schemaLocation="http://www.mulesoft.org/schema/mule/core http://www.mulesoft.org/schema/mule/core/current/mule.xsd
http://www.mulesoft.org/schema/mule/batch http://www.mulesoft.org/schema/mule/batch/current/mule-batch.xsd
http://www.mulesoft.org/schema/mule/http http://www.mulesoft.org/schema/mule/http/current/mule-http.xsd
http://www.mulesoft.org/schema/mule/ee/core http://www.mulesoft.org/schema/mule/ee/core/current/mule-ee.xsd">
	<flow name="getFlights"
		doc:id="3a6dc115-ad78-4309-b5ee-a27dac17b533">
		<http:listener doc:name="HTTP: GET /flights"
			doc:id="8120cc97-bdec-41b3-8bc2-b1a71d17c688" path="/flights"
			config-ref="HTTP_Listener_config" />
		<set-payload
			value='&lt;ns2:listAllFlightsResponse xmlns:ns2="http://soap.training.mulesoft.com/"&gt;&#10;&lt;return&gt;&#10;&lt;airlineName&gt;Delta&lt;/airlineName&gt;&#10;&lt;code&gt;A1B2C3&lt;/code&gt;&#10;&lt;departureDate&gt;2015/03/20&lt;/departureDate&gt;&#10;&lt;/return&gt;&#10;&lt;/ns2:listAllFlightsResponse&gt;'
			doc:name='Set to XML' doc:id="63f9b3d0-aa27-4608-827f-b0e12ad2f73c"
			mimeType="application/xml" />
		<ee:transform doc:name="typeOf(payload)"
			doc:id="5b8c62e2-05d5-4f54-9df5-34cb4ca5087c">
			<ee:message>
				<ee:set-payload><![CDATA[%dw 2.0
output application/json
---
typeOf(payload)]]></ee:set-payload>
			</ee:message>
		</ee:transform>
	</flow>
</mule>
