<?xml version="1.0" encoding="UTF-8"?>

<mule xmlns:sharepoint="http://www.mulesoft.org/schema/mule/sharepoint"
	xmlns:ee="http://www.mulesoft.org/schema/mule/ee/core"
	xmlns:box="http://www.mulesoft.org/schema/mule/box"
	xmlns="http://www.mulesoft.org/schema/mule/core"
	xmlns:doc="http://www.mulesoft.org/schema/mule/documentation"
	xmlns:xsi="http://www.w3.org/2001/XMLSchema-instance" xsi:schemaLocation="http://www.mulesoft.org/schema/mule/core http://www.mulesoft.org/schema/mule/core/current/mule.xsd
http://www.mulesoft.org/schema/mule/box http://www.mulesoft.org/schema/mule/box/current/mule-box.xsd
http://www.mulesoft.org/schema/mule/ee/core http://www.mulesoft.org/schema/mule/ee/core/current/mule-ee.xsd
http://www.mulesoft.org/schema/mule/sharepoint http://www.mulesoft.org/schema/mule/sharepoint/current/mule-sharepoint.xsd">
	<sub-flow name="createFolderConnectorSubflow" doc:id="db6e4064-5262-4f81-a847-3f30b0e7cda5" >
		<sharepoint:folder-create doc:name="Folder create" doc:id="1ccc915e-f99d-4cd7-8c79-ef3404b06180" config-ref="Sharepoint_Sharepoint_online" url="#['${sharepoint.folderPath}' ++ vars.folderPath]" />
	</sub-flow>
	<sub-flow name="createFolderSubFlow"
		doc:id="bc207ae1-84b0-49b8-be06-db420872a05d">
		<logger level="INFO" doc:name="Start Log"
			doc:id="6952847b-73c4-4ffe-b504-3dc297aa40bf"
			message='flow started to create folder by folderpath: #[vars.folderPath]' />
		<try doc:name="Try" doc:id="b6af9fa1-2a0a-4c32-a508-a4ccadd51bb3">
			<flow-ref doc:name="createFolderConnectorSubflow" doc:id="4707a76b-6ad5-497b-845e-e6fb4ef1d707" name="createFolderConnectorSubflow" />
			<error-handler>
				<on-error-continue enableNotifications="true"
					logException="true" doc:name="On Error Continue"
					doc:id="10d0cb04-a0af-42c1-bc6c-e340214ddedb"
					type="SHAREPOINT:CONNECTIVITY">
					<until-successful
						maxRetries="${until-successful.maxRetries}"
						doc:name="Until Successful"
						doc:id="d37b1a49-c4f9-4348-9050-6954c947d99a"
						millisBetweenRetries="${until-successful.millisBetweenRetries}">
						<logger level="INFO" doc:name="Start Log"
							doc:id="44b99cea-378f-499a-8420-2e387be01d0f"
							message='#["until successful started to create folder with folderpath: " ++ vars.folderPath]' />
						<flow-ref doc:name="createFolderConnectorSubflow" doc:id="ece9e63e-b6e9-42fd-a313-30220842db22" name="createFolderConnectorSubflow" />
						<logger level="INFO" doc:name="End Log"
							doc:id="71a32b6a-0597-412b-971f-f453c64a82f6"
							message='#["until successful ended to create folder with folderpath: " ++ vars.folderPath]' />
					</until-successful>
				</on-error-continue>
			</error-handler>
		</try>
		<ee:transform doc:name="Response"
			doc:id="4cf69e9f-3e03-4976-80b6-4377818797c3">
			<ee:message>
				<ee:set-payload><![CDATA[%dw 2.0
output application/json
---
payload]]></ee:set-payload>
			</ee:message>
		</ee:transform>
		<logger level="INFO" doc:name="End Log"
			doc:id="b0f86982-3314-484e-b214-5fae3d03e1a1"
			message='flow ended to create folder by folderpath: #[vars.folderPath]' />
	</sub-flow>
</mule>
