<?xml version="1.0" encoding="UTF-8"?>

<mule xmlns:sharepoint="http://www.mulesoft.org/schema/mule/sharepoint"
	xmlns:ee="http://www.mulesoft.org/schema/mule/ee/core"
	xmlns:box="http://www.mulesoft.org/schema/mule/box"
	xmlns="http://www.mulesoft.org/schema/mule/core"
	xmlns:doc="http://www.mulesoft.org/schema/mule/documentation"
	xmlns:xsi="http://www.w3.org/2001/XMLSchema-instance" xsi:schemaLocation="http://www.mulesoft.org/schema/mule/core http://www.mulesoft.org/schema/mule/core/current/mule.xsd
http://www.mulesoft.org/schema/mule/box http://www.mulesoft.org/schema/mule/box/current/mule-box.xsd
http://www.mulesoft.org/schema/mule/ee/core http://www.mulesoft.org/schema/mule/ee/core/current/mule-ee.xsd
http://www.mulesoft.org/schema/mule/sharepoint http://www.mulesoft.org/schema/mule/sharepoint/current/mule-sharepoint.xsd">
	<sub-flow name="getFoldersInfoSubFlow"
		doc:id="e94db9e1-280c-49e7-8a50-30aa7f6db9d4">
		<logger level="INFO" doc:name="Start Log"
			doc:id="12a77aae-9a51-46a5-a070-aa51d40bfc05"
			message="flow started to get folders Info by folderpath: #[vars.folderPath]" />
		<try doc:name="Try" doc:id="76941359-3591-4480-b004-b7acf4c640a1">
			<sharepoint:folder-query doc:name="Folder query" doc:id="ccd7ac18-d9e0-4d9f-b61a-1a540032b83c" config-ref="Sharepoint_Sharepoint_online" startingFolderPath="#['${sharepoint.folderPath}' ++ vars.folderPath]" recursive="true">
				<sharepoint:query ><![CDATA[?$select=Name]]></sharepoint:query>
			</sharepoint:folder-query>
			<error-handler>
				<on-error-continue enableNotifications="true" logException="true" doc:name="On Error Continue" doc:id="258febd9-1ecc-40f2-9f7b-a745bf31bfe0" type="SHAREPOINT:CONNECTIVITY">
					<until-successful maxRetries="${until-successful.maxRetries}" doc:name="Until Successful" doc:id="09145135-c5c6-4cbe-a9fb-7d248dc2e71a" millisBetweenRetries="${until-successful.millisBetweenRetries}">
					<logger level="INFO" doc:name="Start Log" doc:id="ad51603e-675e-43c0-9959-3a1c0f755e43" message='#["until successful started to get folders Info with folderpath: " ++ vars.folderPath]' />
						<sharepoint:folder-query doc:name="Folder query" doc:id="a0008013-cac5-4c68-aa61-83d000ee14c9" config-ref="Sharepoint_Sharepoint_online" startingFolderPath="#['${sharepoint.folderPath}' ++ vars.folderPath]" recursive="true">
							<sharepoint:query><![CDATA[?$select=Name]]></sharepoint:query>
						</sharepoint:folder-query>
						<logger level="INFO" doc:name="End Log" doc:id="89bfd447-99d0-4aa2-9175-83be563537a7" message='#["until successful ended to get folders Info with folderpath: " ++ vars.folderPath]' />
			
					
</until-successful>
				</on-error-continue>
			</error-handler>
		</try>
		<ee:transform doc:name="Response" doc:id="cf2637c4-4e7f-429b-afb9-d954d2ce802b" >
			<ee:message >
				<ee:set-payload ><![CDATA[%dw 2.0
output application/json
---
payload]]></ee:set-payload>
			</ee:message>
		</ee:transform>
		<logger level="INFO" doc:name="End Log" doc:id="e8224d52-58b3-4fb3-b374-88602b0075f8" message="flow ended to get folders Info by folderpath: #[vars.folderPath]" />
	</sub-flow>
</mule>
