<?xml version="1.0" encoding="UTF-8"?>

<mule xmlns:ee="http://www.mulesoft.org/schema/mule/ee/core" xmlns:salesforce="http://www.mulesoft.org/schema/mule/salesforce"
	xmlns="http://www.mulesoft.org/schema/mule/core"
	xmlns:doc="http://www.mulesoft.org/schema/mule/documentation" xmlns:xsi="http://www.w3.org/2001/XMLSchema-instance" xsi:schemaLocation="http://www.mulesoft.org/schema/mule/core http://www.mulesoft.org/schema/mule/core/current/mule.xsd
http://www.mulesoft.org/schema/mule/salesforce http://www.mulesoft.org/schema/mule/salesforce/current/mule-salesforce.xsd
http://www.mulesoft.org/schema/mule/ee/core http://www.mulesoft.org/schema/mule/ee/core/current/mule-ee.xsd">
	<sub-flow name="get-job-record-by-refId-subflow" doc:id="941a2205-a95d-40ca-ba5e-a62f32b85158" >
		<logger level="INFO" doc:name="Flow Start" doc:id="8820c92e-33a2-46bc-a861-66de54d0202f" message='#[vars.correlationId default "" ++ " flow started to get job records with jobId: " ++ vars.jobId ++ " - at : " ++ now()]' />
		<flow-ref doc:name="get-sf-job-record-id-by-refid-subflow" doc:id="4ff8a422-b555-442f-83ca-9e1c3169a054" name="get-sf-job-record-id-by-refid-subflow"/>
<!-- [STUDIO:"Set Response"]		<ee:transform doc:name="Set Response" doc:id="b0265fea-867e-48d6-a10f-8d79d463b6fc" >
			<ee:message >
				<ee:set-payload ><![CDATA[%dw 2.0
output application/json
&#45;&#45;-
{
	id: payload.Id,
	refId: payload.refId
}&#93;&#93;></ee:set-payload>
			</ee:message>
		</ee:transform> [STUDIO] -->
		<ee:transform doc:name="Set Response" doc:id="659b1e25-b287-4ea0-a02b-d8a05f1af6b9" >
			<ee:message >
				<ee:set-payload ><![CDATA[%dw 2.0
output application/json
---
payload map {
	"jobId": $.Job_Unique_Id__c as String,
	"jTitle": $.Name,
	"jDescription": $.Description__c,
	"jLocation": $.Location__c,
	"cName": $.Company_Name__c,
	"jType": $.Type__c,
	"applicationDeadline": $.Application_Deadline__c as Date {format: 'yyyy-MM-dd'} default "",
	"expLevel": $.Experience_Level__c,
	"skillAndQual": $.Skills_and_Qualifications__c,
	"jStatus": $.Status_of_Job_Is_it_still_available__c
}]]></ee:set-payload>
			</ee:message>
		</ee:transform>
		<logger level="INFO" doc:name="Flow End" doc:id="a0465057-a90b-41c4-91ae-89ded26cff33" message='#[vars.correlationId default "" ++ " flow ended to get job records with jobId: " ++ vars.jobId ++ " - at : " ++ now()]' />
	</sub-flow>
	<sub-flow name="get-sf-job-record-id-by-refid-subflow" doc:id="3ad2f0a3-78e9-4663-8b2d-7084e22adbf1" >
		<try doc:name="Try" doc:id="c68cce6f-8d92-4f49-a376-0ed5aaad5ee2" >
			<flow-ref doc:name="get-jobRecordId-by-refid-subflow" doc:id="a27c572d-2417-45ab-b1b7-ca99b0e97ce4" name="get-jobRecordId-by-refid-subflow" />
			<error-handler >
				<on-error-continue enableNotifications="true" logException="true" doc:name="On Error Continue" doc:id="4f2b7b7b-21c4-4b51-9076-f5243d286585" type="SALESFORCE:CONNECTIVITY" >
					<until-successful maxRetries="${until-successful.maxRetries}" doc:name="Until Successful" doc:id="bcf7b07d-b917-4ec3-b10c-85e5edc09c29" millisBetweenRetries="${until-successful.millisBetweenRetries}" >
						<logger level="INFO" doc:name="Start Log" doc:id="51b7d0e9-e2d1-4d19-933e-7b8bce959881" message='#[vars.correlationId default "" ++ " Until Successful started to get job records with jobId: " ++ vars.jobId ++ " - at : " ++ now()]' />
						<flow-ref doc:name="get-jobRecordId-by-refid-subflow" doc:id="4b6d2ae4-63be-4ade-a030-a44738055fd4" name="get-jobRecordId-by-refid-subflow" />
						<logger level="INFO" doc:name="End Log" doc:id="df75e596-9b32-40f1-b68b-c261b98c314f" message='#[vars.correlationId default "" ++ " Until Successful ended to get job records with jobId: " ++ vars.jobId ++ " - at : " ++ now()]' />
					</until-successful>
				</on-error-continue>
			</error-handler>
		</try>
	</sub-flow>
	<sub-flow name="get-jobRecordId-by-refid-subflow" doc:id="ad6af612-cc48-477a-b4fb-76e95e441cb1" >
<!-- [STUDIO:"Request to get job id by id"]		<salesforce:query doc:id="c59e49b1-bd6e-471f-8ab0-d3a6758abe6b" config-ref="salesforce-configuration-vr" doc:name="Request to get job id by id">
			<salesforce:salesforce-query><![CDATA[SELECT Id, refId FROM ContentVersion where refId=':refId'&#93;&#93;></salesforce:salesforce-query>
			<salesforce:parameters><![CDATA[#[output application/json
&#45;&#45;-
{
	"refId" : vars.refId
}&#93;&#93;&#93;></salesforce:parameters>
		</salesforce:query> [STUDIO] -->
		<salesforce:query doc:name="Query" doc:id="a6522457-ace6-4506-abcb-669272807b66" config-ref="salesforce-configuration-vr">
			<salesforce:salesforce-query ><![CDATA[SELECT Job_Unique_Id__c,Name,Description__c,Location__c,Company_Name__c,Type__c,Application_Deadline__c,Experience_Level__c,Skills_and_Qualifications__c,Status_of_Job_Is_it_still_available__c FROM Job__c WHERE Job_Unique_Id__c=':jobId']]></salesforce:salesforce-query>
			<salesforce:parameters ><![CDATA[#[output application/json
---
{
	"jobId" : vars.jobId
}]]]></salesforce:parameters>
		</salesforce:query>
	
</sub-flow>
</mule>
