<?xml version="1.0" encoding="UTF-8"?>

<mule xmlns:ee="http://www.mulesoft.org/schema/mule/ee/core" xmlns:salesforce="http://www.mulesoft.org/schema/mule/salesforce"
	xmlns="http://www.mulesoft.org/schema/mule/core"
	xmlns:doc="http://www.mulesoft.org/schema/mule/documentation" xmlns:xsi="http://www.w3.org/2001/XMLSchema-instance" xsi:schemaLocation="http://www.mulesoft.org/schema/mule/core http://www.mulesoft.org/schema/mule/core/current/mule.xsd
http://www.mulesoft.org/schema/mule/salesforce http://www.mulesoft.org/schema/mule/salesforce/current/mule-salesforce.xsd
http://www.mulesoft.org/schema/mule/ee/core http://www.mulesoft.org/schema/mule/ee/core/current/mule-ee.xsd">
	<sub-flow name="insert-job-records-subflow" doc:id="5aab3a53-b18b-4083-893c-0f6555c7feb1" >
		<logger level="INFO" doc:name="Flow Start" doc:id="34a8d24e-2876-41d2-8727-5ae7286f5646" message='#[vars.correlationId default "" ++ " flow started to insert job records - at : " ++ now()]' />
		<ee:transform doc:name="Set Request" doc:id="16921342-e655-4654-a1ec-8d437f14c2ba" >
			<ee:message >
				<ee:set-payload ><![CDATA[%dw 2.0
output application/java
---
payload map {
	"Job_Unique_Id__c": $.jobId as String,
	"Name": $.jTitle,
	("Description__c": $.jDescription) if($.jDescription?),
	("Location__c": $.jLocation)if($.jLocation?),
	"Company_Name__c": $.cName,
	("Type__c": $.jType)if($.jType?),
	("Application_Deadline__c": $.applicationDeadline as Date {
		format: 'yyyy-MM-dd'
	}  default "") if($.applicationDeadline?),
	("Experience_Level__c": $.expLevel) if($.expLevel?),
	("Skills_and_Qualifications__c": $.skillAndQual) if($.skillAndQual?),
	"Status_of_Job_Is_it_still_available__c": $.jStatus
}]]></ee:set-payload>
			</ee:message>
		</ee:transform>
		<flow-ref doc:name="request-to-create-job-subflow" doc:id="841761f4-a010-4248-b279-3d90693ab6e7" name="request-to-create-job-subflow"/>
		<ee:transform doc:name="Set Response" doc:id="beda0ee8-3752-4802-85b8-3df04c70a62f" >
			<ee:message >
				<ee:set-payload ><![CDATA[%dw 2.0
output application/json
---
{
	"message": "Inserted Successfully"
}]]></ee:set-payload>
			</ee:message>
		</ee:transform>
		<logger level="INFO" doc:name="Flow End" doc:id="4f801990-d4f6-4c42-8400-a8ec2f2becc8" message='#[vars.correlationId default "" ++ " flow ended to insert job records - at : " ++ now()]' />
	</sub-flow>
	<sub-flow name="request-to-create-job-subflow" doc:id="f58e1078-7bdb-42d9-a409-6bee3f7246f8" >
		<try doc:name="Try" doc:id="3bc5cb9d-49e7-4b42-ba90-db4c6c063906" >
			<flow-ref doc:name="create-job-operation-subflow" doc:id="d79dca3a-2961-432e-a6fc-5e36586591cb" name="create-job-operation-subflow" />
			<error-handler >
				<on-error-continue enableNotifications="true" logException="true" doc:name="On Error Continue" doc:id="841600a6-8e3a-44de-8291-6248f1d25764" type="SALESFORCE:CONNECTIVITY" >
					<until-successful maxRetries="${until-successful.maxRetries}" doc:name="Until Successful" doc:id="9637119e-1ee1-43fc-bceb-58d157c3d8b4" millisBetweenRetries="${until-successful.millisBetweenRetries}" >
						<logger level="INFO" doc:name="Start Log" doc:id="8d6b9da5-0f37-48fd-9f1a-ad3d7856f70b" message='#[vars.correlationId default "" ++ " Until Successful started to insert job records - at : " ++ now()]' />
						<flow-ref doc:name="create-job-operation-subflow" doc:id="6bfc50cb-0a92-49a5-b244-51c7651c1437" name="create-job-operation-subflow" />
						<logger level="INFO" doc:name="End Log" doc:id="10691c34-575f-4af1-819c-43e1543ede0e" message='#[vars.correlationId default "" ++ " Until Successful ended to insert job records - at : " ++ now()]' />
					</until-successful>
				</on-error-continue>
			</error-handler>
		</try>
	</sub-flow>
	<sub-flow name="create-job-operation-subflow" doc:id="0709af21-83db-4d59-ab3f-c455f05b7a78" >
		<salesforce:create doc:name="Insert Jobs" doc:id="0b9dc07e-3256-4105-8fee-a26d425b593c" config-ref="salesforce-configuration-vr" type="Job__c"/>
	</sub-flow>
</mule>
