<?xml version="1.0" encoding="UTF-8"?>

<mule xmlns:salesforce="http://www.mulesoft.org/schema/mule/salesforce" xmlns:ee="http://www.mulesoft.org/schema/mule/ee/core"
	xmlns="http://www.mulesoft.org/schema/mule/core"
	xmlns:doc="http://www.mulesoft.org/schema/mule/documentation" xmlns:xsi="http://www.w3.org/2001/XMLSchema-instance" xsi:schemaLocation="http://www.mulesoft.org/schema/mule/core http://www.mulesoft.org/schema/mule/core/current/mule.xsd
http://www.mulesoft.org/schema/mule/ee/core http://www.mulesoft.org/schema/mule/ee/core/current/mule-ee.xsd
http://www.mulesoft.org/schema/mule/salesforce http://www.mulesoft.org/schema/mule/salesforce/current/mule-salesforce.xsd">
	<sub-flow name="update-job-records-subflow" doc:id="810d304d-aa54-4319-b782-a143cbfefd81" >
		<logger level="INFO" doc:name="Flow Start" doc:id="c5f36ec2-ded3-4d3d-9a2c-a99296aea98f" message='#[vars.correlationId default "" ++ " flow started to update job records with jobId: " ++ vars.jobId ++ " - at : " ++ now()]' />
		<ee:transform doc:name="Set Request" doc:id="900f7c42-930a-4147-8d3c-3c6bcd33b287" >
			<ee:message >
				<ee:set-payload ><![CDATA[%dw 2.0
output application/java
---
{
	"Job_Unique_Id__c": payload.jobId as String,
	("Name": payload.jTitle) if(payload.jTitle?),
	("Description__c": payload.jDescription) if(payload.jDescription?),
	("Location__c": payload.jLocation) if(payload.jLocation?),
	("Company_Name__c": payload.cName) if(payload.cName?),
	("Type__c": payload.jType) if(payload.jType?),
	("Application_Deadline__c": payload.applicationDeadline as Date default "") if(payload.applicationDeadline?),
	("Experience_Level__c": payload.expLevel) if(payload.expLevel?),
	("Skills_and_Qualifications__c": payload.skillAndQual) if(payload.skillAndQual?),
	("Status_of_Job_Is_it_still_available__c": payload.jStatus) if(payload.jStatus?)
}]]></ee:set-payload>
			</ee:message>
		</ee:transform>
		<ee:transform doc:name="Set fields to null" doc:id="b2929a49-db0f-4a39-b258-d5fb8fb56aca" >
			<ee:message >
				<ee:set-payload ><![CDATA[%dw 2.0
output application/java
---
if ( valuesOf(payload) contains "" ) (payload ++ (fieldsToNull: valuesOf(payload mapObject ((key: $$) if((isEmpty($)))))))else payload]]></ee:set-payload>
			</ee:message>
		</ee:transform>
		<flow-ref doc:name="request-to-update-job-subflow" doc:id="4d54a8b8-d245-496b-a684-40f464580af2" name="request-to-update-job-subflow" />
		<ee:transform doc:name="Set Response" doc:id="24392fbb-8b48-4911-a95d-4a3e4f1f97f7" >
			<ee:message >
				<ee:set-payload ><![CDATA[%dw 2.0
output application/json
---
{
	"message": "Updated Successfully"
}]]></ee:set-payload>
			</ee:message>
		</ee:transform>
		<logger level="INFO" doc:name="Flow End" doc:id="48d84a06-61f6-4253-b949-cd86f2a8c126" message='#[vars.correlationId default "" ++ " flow ended to update job records with jobId: " ++ vars.jobId ++ " - at : " ++ now()]' />
	</sub-flow>
	<sub-flow name="request-to-update-job-subflow" doc:id="d7b848da-fd16-4118-b240-bacd0cb28ced" >
		<try doc:name="Try" doc:id="a9feffec-2742-42b0-a7ad-34d0c6dc9d23" >
			<flow-ref doc:name="update-job-operation-subflow" doc:id="9a4c11d4-b82a-4955-ad6d-3353376e58d4" name="update-job-operation-subflow" />
			<error-handler >
				<on-error-continue enableNotifications="true" logException="true" doc:name="On Error Continue" doc:id="b52bf280-adeb-45e3-b0f7-cba4bcef6c92" type="SALESFORCE:CONNECTIVITY" >
					<until-successful maxRetries="${until-successful.maxRetries}" doc:name="Until Successful" doc:id="1c8a3065-f8c7-4668-abca-6aefc2b6b16d" millisBetweenRetries="${until-successful.millisBetweenRetries}" >
						<logger level="INFO" doc:name="Start Log" doc:id="7dc1a297-a1a6-4383-a753-9c06c2d78386" message='#[vars.correlationId default "" ++ " Until Successful started to update job records with jobId: " ++ vars.jobId ++ " - at : " ++ now()]' />
						<flow-ref doc:name="update-job-operation-subflow" doc:id="017c2eff-4160-43fe-aa7a-ea4c9b13fab2" name="update-job-operation-subflow" />
						<logger level="INFO" doc:name="End Log" doc:id="17730ff9-58f9-4313-b5ea-6a52e06350ff" message='#[vars.correlationId default "" ++ " Until Successful ended to update job records with jobId: " ++ vars.jobId ++ " - at : " ++ now()]' />
					</until-successful>
				</on-error-continue>
			</error-handler>
		</try>
	</sub-flow>
	<sub-flow name="update-job-operation-subflow" doc:id="bb8cb208-400f-4ecf-af8b-b348529bdac5" >
		<salesforce:upsert doc:name="Upsert" doc:id="2c57e286-e0b4-4855-9324-e2b13965fe6d" config-ref="salesforce-configuration-vr" objectType="Job__c" externalIdFieldName="Job_Unique_Id__c">
			<salesforce:records ><![CDATA[#[[payload]]]]></salesforce:records>
		</salesforce:upsert>
	</sub-flow>
</mule>
