<?xml version="1.0" encoding="UTF-8"?>

<mule xmlns:http="http://www.mulesoft.org/schema/mule/http"
	xmlns:ee="http://www.mulesoft.org/schema/mule/ee/core"
	xmlns="http://www.mulesoft.org/schema/mule/core"
	xmlns:doc="http://www.mulesoft.org/schema/mule/documentation"
	xmlns:xsi="http://www.w3.org/2001/XMLSchema-instance"
	xsi:schemaLocation="
http://www.mulesoft.org/schema/mule/http http://www.mulesoft.org/schema/mule/http/current/mule-http.xsd http://www.mulesoft.org/schema/mule/core http://www.mulesoft.org/schema/mule/core/current/mule.xsd
http://www.mulesoft.org/schema/mule/ee/core http://www.mulesoft.org/schema/mule/ee/core/current/mule-ee.xsd">
	<sub-flow name="get-job-by-jobId-subflow"
		doc:id="90e5e6c3-ce9c-4e64-aea3-dc54c064a632">
		<logger level="INFO" doc:name="Flow Start"
			doc:id="30dddb0e-4cdf-46fb-b15d-effbe3992c6f"
			message='#[vars.correlationId default "" ++ " Flow to fetch job has been started with jobId: " ++ vars.jobId ++ " - at :" ++ now()]' />
		<until-successful
			maxRetries="${until-successful.maxRetries}"
			doc:name="Until Successful"
			doc:id="f37ce4d9-d9dd-4945-bb05-f8c1d7abf91d"
			millisBetweenRetries="${until-successful.millisBetweenRetries}">
			<try doc:name="Try" doc:id="4f42bee6-725d-4822-abd0-0bf92cef5580">
				<http:request method="GET"
					doc:name="HTTP Get job by jobId sf-sys-api"
					doc:id="d9ab9384-f2db-44a8-bfb3-8a60aea436b8"
					config-ref="sf-sys-api-request" path="${sf.sys.jobByJobIdPath}"
					sendCorrelationId="ALWAYS" correlationId="#[vars.correlationId]">
					<http:headers><![CDATA[#[vars.settingRequiredHeaders]]]></http:headers>
					<http:uri-params ><![CDATA[#[output application/json
---
{
	"jobId" : vars.jobId
}]]]></http:uri-params>
				</http:request>
				<error-handler>
					<on-error-propagate enableNotifications="true"
						logException="true" doc:name="On Error Propagate"
						doc:id="d675b0bf-ee70-40ca-8432-491a96627620" type="ANY">
						<logger level="ERROR" doc:name="Error Message"
							doc:id="82eab04c-9971-4ae3-a70b-ef9058343b4e"
							message='#[error.errorType.asString ++ " Error occured while connecting to sf sys api"]' />
					</on-error-propagate>
				</error-handler>
			</try>
		</until-successful>
		<ee:transform doc:name="Set Response"
			doc:id="95a89360-ac40-4741-81b9-b59c6cb71d3e">
			<ee:message>
				<ee:set-payload ><![CDATA[%dw 2.0
output application/json
---
payload]]></ee:set-payload>

			</ee:message>
			<ee:variables>
			</ee:variables>
		</ee:transform>
		<logger level="INFO" doc:name="Flow End"
			doc:id="4f5c8be1-0a5c-40cc-aa74-b50f0d7249f9"
			message='#[vars.correlationId default "" ++ " Flow to fetch job has been ended with jobId: " ++ vars.jobId ++ " - at :" ++ now()]' />
	</sub-flow>
</mule>
