{
    "payment": {
        "paymentType": "DRAW",
        "paymentDescription": "Any text describing the payment.",
        "valueDate": "2023-08-31",
        "paymentAmount": 10.84,
        "paymentCurrency": "USD",
        "paymentIndicator": "CREDIT",
        "creditCurrency": "USD",
        "debitCurrency": "USD",
        "duplicateCheckFlag": false,
        "userId": "CEO user name that initiated wire payment.",
        "identifiers": {
            "thirdPartyReferenceNumber": "AddtlRefData",
            "customerReferenceNumber": "EndToEndId"
        },
        "foreignExchangeInformation": {
            "contractId": ""
        },
        "information": {
            "feeAssigmentCode": "SHA",
            "paymentPurposeDescription": "Urgent",
            "doddFrankPaymentOriginatorType": "ORIGINAL_CUSTOMER",
            "paymentHoldIndicator": false,
            "instructionCodeForCreditorAgent": "",
            "remittanceInformation": ""
        }
    },
    "payee": {
        "name": "WIUTCdtrNm1",
        "shortName": "V",
        "address": {
            "addressLine1": "WIUTCdtrAdrL1",
            "addressline2": "WIUTCdtrAdrL2",
            "city": "US",
            "countrySubdivisionName": "",
            "postalCode": "88458",
            "countryCode": "US"
        },
        "identification": "DBT4532100",
        "contactInformation": {
            "name": "",
            "phone": "1111111111",
            "emails": ""
        },
        "bankInformation": {
            "bankAccountNumber": "XXXXX2100",
            "internationalBankAccountNumber": "",
            "accountTypeCode": "GL",
            "institutionInformation": {
                "name": "WIUTCdtrAgtNm1",
                "bankIdentifierCode": "TDOMCATTXXX",
                "unitedStatesClearingHouseInterbankPaymentSystemId": "",
                "routingTransitNumber": "121000248",
                "address": {
                    "addressLine1": "WIUTCdtrAgtAdrL1",
                    "addressLine2": "WIUTCdtrAgtAdrL2",
                    "city": "TwnNm",
                    "countrySubdivisionName": "",
                    "postalCode": "88458",
                    "countryCode": "US"
                }
            }
        }
    },
    "payer": {
        "name": "WIUTCdtrNm2",
        "shortName": "",
        "address": {
            "addressLine1": "WIUTCdtrAdrL1",
            "addressline2": "WIUTCdtrAdrL2",
            "city": "US",
            "countrySubdivisionName": "",
            "postalCode": "88458",
            "countryCode": "US"
        },
        "identification": "DBT4532100",
        "contactInformation": {
            "name": "",
            "phone": "1111111111",
            "emails": []
        },
        "bankInformation": {
            "bankAccountNumber": "XXXXX2100",
            "internationalBankAccountNumber": "",
            "accountTypeCode": "GL",
            "institutionInformation": {
                "name": "WIUTCdtrAgtNm1",
                "bankIdentifierCode": "TDOMCATTXXX",
                "unitedStatesClearingHouseInterbankPaymentSystemId": "",
                "routingTransitNumber": "121000248",
                "address": {
                    "addressLine1": "WIUTCdtrAgtAdrL1",
                    "addressLine2": "WIUTCdtrAgtAdrL2",
                    "city": "TwnNm",
                    "countrySubdivisionName": "",
                    "postalCode": "8848",
                    "countryCode": "a"
                }
            }
        }
    },
    "intermediaryBank": {
        "name": "WIUTCdtrAgtNm1",
        "bankIdentifierCode": "TDOMCATTXXX",
        "unitedStatesClearingHouseInterbankPaymentSystemId": "",
        "routingTransitNumber": "121000248",
        "address": {
            "addressLine1": "WIUTCdtrAgtAdrL1",
            "addressLine2": "WIUTCdtrAgtAdrL2",
            "city": "TwnNm",
            "countrySubdivisionName": "",
            "postalCode": "88458",
            "countryCode": "US"
        }
    }
}