<?xml version="1.0" encoding="UTF-8"?>

<mule xmlns:tracking="http://www.mulesoft.org/schema/mule/ee/tracking" xmlns:ee="http://www.mulesoft.org/schema/mule/ee/core"
	xmlns:http="http://www.mulesoft.org/schema/mule/http"
	xmlns="http://www.mulesoft.org/schema/mule/core" xmlns:doc="http://www.mulesoft.org/schema/mule/documentation" xmlns:xsi="http://www.w3.org/2001/XMLSchema-instance" xsi:schemaLocation="http://www.mulesoft.org/schema/mule/core http://www.mulesoft.org/schema/mule/core/current/mule.xsd
http://www.mulesoft.org/schema/mule/http http://www.mulesoft.org/schema/mule/http/current/mule-http.xsd
http://www.mulesoft.org/schema/mule/ee/core http://www.mulesoft.org/schema/mule/ee/core/current/mule-ee.xsd
http://www.mulesoft.org/schema/mule/ee/tracking http://www.mulesoft.org/schema/mule/ee/tracking/current/mule-tracking-ee.xsd">
	<sub-flow name="createContacts" doc:id="e8ceb43f-565e-4161-8e8e-8ba3effbf821" >
		<logger level="INFO" doc:name="Flow Start" doc:id="659f2c2e-7537-44a6-a8a7-b9387ea77b92" message='#[vars.correlationId default "" ++ "Flow for creating contacts has been started  - at :"++ now()]'/>
		<ee:transform doc:name="Request Body For POST" doc:id="827b68a8-0a9a-4698-854c-c37eac51c61b">
			<ee:message />
			<ee:variables>
				<ee:set-variable variableName="body"><![CDATA[%dw 2.0
output application/json
---
payload map(item,index) -> 
{
    "First Name": item."contactFirstName",
    "Last Name": item."contactLastName" ,
    "Email Address": item."contactEmail",
    "DCP SF Registered User Flag": if(item."isRegisteredUser" == true) "Y" else "N",
    ("Cellular Phone #": item."citizenPhone" default "") if(! isBlank(item."citizenPhone")),
    ("Page #": item."citizenAlternatePhone" default "") if(! isBlank( item."citizenAlternatePhone")),
}
]]></ee:set-variable>
			</ee:variables>
		</ee:transform>
		<until-successful maxRetries="${until-successful.maxRetries}" doc:name="Until Successful" doc:id="8c60072d-a706-4aea-8064-331b525d2f26" millisBetweenRetries="${until-successful.millisBetweenRetries}">
			<try doc:name="Try" doc:id="9f76e53c-8a9f-4cd1-8da3-b8beb780c566">
				<http:request method="POST" doc:name="HTTP POST call to Siebel CRM" doc:id="607039dc-9961-40d0-8f93-410b5cf45f3d" path="${siebel.contact.path}" sendCorrelationId="ALWAYS" correlationId="#[vars.correlationId]" config-ref="siebel_CRM_request">
					<http:body><![CDATA[#[vars.body]]]></http:body>
					<http:headers ><![CDATA[#[vars.settingRequiredHeaders]]]></http:headers>
				
</http:request>
				<error-handler>
					<on-error-propagate enableNotifications="true" logException="true" doc:name="On Error Propagate" doc:id="498856a2-ecea-4464-81f3-a884fc145678" type="ANY">
						<logger level="ERROR" doc:name="Error Message" doc:id="6a518999-9ec9-45a8-bee6-f5f9356024af" message='#[error.errorType.asString ++ " Error occured while connecting to SIEBEL"]' />
					</on-error-propagate>
				</error-handler>
			</try>
		</until-successful> 
		<ee:transform doc:name="Response From POST Call" doc:id="3eb1e997-f096-4ab5-9a43-026a38f918d1">
			<ee:message>
				<ee:set-payload><![CDATA[%dw 2.0
output application/json
---
payload map (item,index)->
{
    "contactId": item.Id default "",
    "contactFirstName": item."First Name" default "",
    "contactLastName": item."Last Name" default "",
    "contactEmail": item."Email Address" default "",
    ("citizenPhone": item."Cellular Phone #" default "") if(!isBlank(item."Cellular Phone #")),
    ("citizenAlternatePhone": item."Page #" default "") if(! isBlank(item."Page #")), 
    "contactLicenseNumber": item."Middle Name",
    "licenseStatus": item.Status
} ]]></ee:set-payload>
			</ee:message>
		</ee:transform>
		<logger level="INFO" doc:name="Flow End" doc:id="f21dfc11-bfd5-4147-aa6a-0b0857f8a624" message='#[vars.correlationId default "" ++ "Flow for creating contacts has been ended  - at :"++ now()]'/>
	</sub-flow>
	
</mule>
