<?xml version="1.0" encoding="UTF-8"?>

<mule xmlns:ee="http://www.mulesoft.org/schema/mule/ee/core" xmlns:http="http://www.mulesoft.org/schema/mule/http"
	xmlns="http://www.mulesoft.org/schema/mule/core"
	xmlns:doc="http://www.mulesoft.org/schema/mule/documentation" xmlns:xsi="http://www.w3.org/2001/XMLSchema-instance" xsi:schemaLocation="http://www.mulesoft.org/schema/mule/core http://www.mulesoft.org/schema/mule/core/current/mule.xsd
http://www.mulesoft.org/schema/mule/http http://www.mulesoft.org/schema/mule/http/current/mule-http.xsd
http://www.mulesoft.org/schema/mule/ee/core http://www.mulesoft.org/schema/mule/ee/core/current/mule-ee.xsd">
	<sub-flow name="getContacts" doc:id="8693a5d2-d9fe-42a1-aaeb-faec277bde2c" >
		<logger level="INFO" doc:name="Flow Start" doc:id="7dfebac5-5e2f-4500-96d6-45ec57a5b64b" message='#[vars.correlationId default "" ++ "Flow for fetching contacts has been started. - at : " ++ now()]' />
		<ee:transform doc:name="Input Query Parameters" doc:id="7ec79373-507c-47dd-ae44-952c3efc7fd2">
			<ee:message />
			<ee:variables>
				<ee:set-variable variableName="queryParams"><![CDATA[%dw 2.0
output application/json

var aid = attributes.queryParams.contactId default ""
var afn = attributes.queryParams.firstname default ""
var amail = attributes.queryParams.email default ""
var contactId= if ( !isBlank(aid)) "[Id] = '"++ aid ++"'" else ""
var firstname =  if (!isBlank(afn) and !(isBlank(aid))) " OR [First Name] = '" ++ afn ++ "'" else if(!isBlank(afn)) "[First Name] = '" ++ afn ++ "'" else ""
var email =  if(isBlank(amail)) "" else if (!(isBlank(aid))) " OR [Email Address] = '" ++ amail ++ "'" else if (!isBlank(afn) and !(isBlank(amail))) " OR [Email Address] = '" ++ amail ++ "'" else if(!isBlank(afn)) "OR [Email Address] = '" ++ amail ++ "'" else if(!isBlank(amail)) "[Email Address] = '" ++ amail ++ "'" else ""

---
{
	ViewMode: "Organization",
	fields: "${siebel.contact.method.get.fields}",
	childlinks : "${siebel.contact.method.get.childlinks}",
	SearchSpec: "(" ++ contactId ++""++ firstname ++""++ email ++")"	
}]]></ee:set-variable>
			</ee:variables>
		</ee:transform>
		<until-successful maxRetries="${until-successful.maxRetries}" doc:name="Until Successful" doc:id="d88b300b-193c-49f6-a4b9-7664c300ae7f" millisBetweenRetries="${until-successful.millisBetweenRetries}">
			<try doc:name="Try" doc:id="6c6716ce-2006-487c-b70b-035d5446b0b1">
				<http:request method="GET" doc:name="HTTP GET call to Siebel CRM" doc:id="1ef12efd-585b-40eb-b49d-517edfdb744c" config-ref="siebel_CRM_request" path="${siebel.contact.path}" sendCorrelationId="ALWAYS" correlationId="#[vars.correlationId]">
					<reconnect count="5" blocking="false" />
					<http:headers ><![CDATA[#[vars.settingRequiredHeaders]]]></http:headers>
					<http:query-params><![CDATA[#[vars.queryParams]]]></http:query-params>
				</http:request>
				<error-handler>
					<on-error-propagate enableNotifications="true" logException="true" doc:name="On Error Propagate" doc:id="e7ab0e05-d371-41b4-86ec-1d739dc9f7ac" type="ANY">
						<logger level="INFO" doc:name="Error Message" doc:id="baecbe72-9aee-4397-9f0b-e6383365ad42" message='#[error.errorType.asString ++ " Error occured while connecting to SIEBEL"]' />
					</on-error-propagate>
				</error-handler>
			</try>
		</until-successful>
		<ee:transform doc:name="Response From GET Call" doc:id="efda3641-3c79-4e31-9f95-960dcf692e47">
			<ee:message>
				<ee:set-payload><![CDATA[%dw 2.0
output application/json
---
payload.items map ((item, index) ->{
    "contactId": item.Id default "",
    "contactFirstName": item."First Name" default "",
    "contactLastName": item."Last Name" default "",
    "contactEmail": item."Email Address" default "",
    "citizenPhone": item."Cellular Phone #" default "",
    "citizenAlternatePhone": item."Page #" default "",
    "contactLicenseNumber": item."Middle Name" default "",
    "licenseStatus": item.Status default ""
} )


]]></ee:set-payload>
			</ee:message>
		</ee:transform>
		<logger level="INFO" doc:name="Flow End" doc:id="46be96f3-f009-4cf2-b9f9-c7f3ded19fd8" message='#[vars.correlationId default "" ++ "Flow for fetching contacts has been ended. - at :"  ++ now()]' />
	</sub-flow>
</mule>
