<?xml version="1.0" encoding="UTF-8"?>

<mule xmlns:ee="http://www.mulesoft.org/schema/mule/ee/core" xmlns:http="http://www.mulesoft.org/schema/mule/http"
	xmlns="http://www.mulesoft.org/schema/mule/core"
	xmlns:doc="http://www.mulesoft.org/schema/mule/documentation" xmlns:xsi="http://www.w3.org/2001/XMLSchema-instance" xsi:schemaLocation="http://www.mulesoft.org/schema/mule/core http://www.mulesoft.org/schema/mule/core/current/mule.xsd
http://www.mulesoft.org/schema/mule/http http://www.mulesoft.org/schema/mule/http/current/mule-http.xsd
http://www.mulesoft.org/schema/mule/ee/core http://www.mulesoft.org/schema/mule/ee/core/current/mule-ee.xsd">
	<sub-flow name="getContactByContactId" doc:id="5f2851ea-caae-4c92-8cb5-58a172375c0a" >
		<logger level="INFO" doc:name="Flow Start" doc:id="586bdc8d-436f-4e03-aa12-2e129c94f3d9" message='#[vars.correlationId default "" ++ "Flow for fetching contact by ID has been started. - at : " ++ now()]' />
		<ee:transform doc:name="Input Query Parameters" doc:id="c8b69abf-aec2-46ae-98ed-03a296454489">
			<ee:message />
			<ee:variables>
				<ee:set-variable variableName="queryParams"><![CDATA[%dw 2.0
output application/json

---
{
	ViewMode: "Organization",
	fields: "${siebel.contact.method.get.fields}",
	childlinks : "${siebel.contact.method.get.childlinks}",
	SearchSpec: "([Id] = '" ++ attributes.uriParams.contactId ++ "')" 
}]]></ee:set-variable>
			</ee:variables>
		</ee:transform>
		<until-successful maxRetries="${until-successful.maxRetries}" doc:name="Until Successful" doc:id="cce1f753-a13d-4344-bb95-71ec5ab24413" millisBetweenRetries="${until-successful.millisBetweenRetries}">
			<try doc:name="Try" doc:id="51301adf-2599-4df6-b2d6-46e37583ad6e">
				<http:request method="GET" doc:name="HTTP GET call to Siebel CRM" doc:id="6533225f-1ac4-44b7-b460-925024069992" path="${siebel.contact.path}" sendCorrelationId="ALWAYS" correlationId="#[vars.correlationId]" config-ref="siebel_CRM_request">
					<reconnect count="5" blocking="false" />
					<http:headers ><![CDATA[#[vars.settingRequiredHeaders]]]></http:headers>
					<http:query-params><![CDATA[#[vars.queryParams]]]></http:query-params>
				</http:request>
				<error-handler>
					<on-error-propagate enableNotifications="true" logException="true" doc:name="On Error Propagate" doc:id="662b0dc3-c4f2-4e5c-95a8-2248da08cf9b" type="ANY">
						<logger level="INFO" doc:name="Error Message" doc:id="612d8fde-cf39-4f31-933f-e2d85e9420f4" message='#[error.errorType.asString ++ " Error occured while connecting to SIEBEL"]' />
					</on-error-propagate>
				</error-handler>
			</try>
		</until-successful>
		<ee:transform doc:name="Response From GET Call" doc:id="0daf42ed-2ac5-4b3a-a06c-3da0c24b600c">
			<ee:message>
				<ee:set-payload><![CDATA[%dw 2.0
output application/json
---
{
    "contactId": payload.Id default "",
    "contactFirstName": payload."First Name" default "",
    "contactLastName": payload."Last Name" default "",
    "contactEmail": payload."Email Address" default "",
    "citizenPhone": payload."Cellular Phone #" default "",
    "citizenAlternatePhone": payload."Page #" default "",
    "contactLicenseNumber": payload."Middle Name" default "",
    "licenseStatus" : payload.Status default ""
} ]]></ee:set-payload>
			</ee:message>
		</ee:transform>
		<logger level="INFO" doc:name="Flow End" doc:id="0d89b0cd-7bae-4e10-af1f-c273bfd52ae8" message='#[vars.correlationId  default "" ++ "Flow for fetching contact by ID has been ended.  - at : " ++ now()]' />
	</sub-flow>
</mule>
