<?xml version="1.0" encoding="UTF-8"?>

<mule xmlns:ee="http://www.mulesoft.org/schema/mule/ee/core" xmlns:http="http://www.mulesoft.org/schema/mule/http"
	xmlns="http://www.mulesoft.org/schema/mule/core"
	xmlns:doc="http://www.mulesoft.org/schema/mule/documentation" xmlns:xsi="http://www.w3.org/2001/XMLSchema-instance" xsi:schemaLocation="http://www.mulesoft.org/schema/mule/core http://www.mulesoft.org/schema/mule/core/current/mule.xsd
http://www.mulesoft.org/schema/mule/http http://www.mulesoft.org/schema/mule/http/current/mule-http.xsd
http://www.mulesoft.org/schema/mule/ee/core http://www.mulesoft.org/schema/mule/ee/core/current/mule-ee.xsd">
	<sub-flow name="updateContactByContactId" doc:id="0899c67d-2167-4b84-82cd-4ec8f985c3bd" >
		<logger level="INFO" doc:name="Flow Start" doc:id="088204e8-b3f4-43bf-9ab1-c2c30ecf492c" message='#[vars.correlationId default "" ++ "Flow for updating contact by Id has been started - at :" ++ now()]' />
				<choice doc:name="Id Validation" doc:id="c917a0a9-5dba-49f0-bad4-6aaee0be4bc5">
			<when expression="#[(!isBlank(payload.contactId))]">
				<ee:transform doc:name="Request Body For PUT" doc:id="dd325e61-ddf6-4fe2-bfb3-0cad22cf497c">
					<ee:message />
					<ee:variables>
						<ee:set-variable variableName="body"><![CDATA[%dw 2.0
output application/json
---

{
    "Id": attributes.uriParams.contactId, 
    ("DCP SF Registered User Flag": if(payload."isRegisteredUser" == true) "Y" else "N") if(! isBlank(payload."isRegisteredUser")),
    ("First Name": payload."contactFirstName" default "") if(! isBlank(payload."contactFirstName")),
    ("Last Name": payload."contactLastName" default "") if(! isBlank(payload."contactLastName")),
    ("Email Address": payload."contactEmail" default "") if(! isBlank( payload."contactEmail")),
    ("Cellular Phone #": payload."citizenPhone" default "" ) if(! isBlank(payload."citizenPhone")),
    ("Page #": payload."citizenAlternatePhone" default "") if(! isBlank(payload."citizenAlternatePhone"))
}]]></ee:set-variable>
					</ee:variables>
				</ee:transform>
				<until-successful maxRetries="${until-successful.maxRetries}" doc:name="Until Successful" doc:id="2fdc5e25-cf77-472d-a81c-fcd157044790" millisBetweenRetries="${until-successful.millisBetweenRetries}">
					<try doc:name="Try" doc:id="d59b7ba2-3583-409d-bb0d-3e4e08637ce0">
						<http:request method="PUT" doc:name="HTTP PUT call to Siebel CRM" doc:id="91dc009a-0c0a-41f1-a62f-203222339747" path="${siebel.contact.path}" sendCorrelationId="ALWAYS" correlationId="#[vars.correlationId]" config-ref="siebel_CRM_request">
							<reconnect />
							<http:body><![CDATA[#[vars.body]]]></http:body>
							<http:headers ><![CDATA[#[vars.settingRequiredHeaders]]]></http:headers>
							<http:uri-params ><![CDATA[#[output application/json
---
{
	contactId : attributes.uriParams.contactId
}]]]></http:uri-params>
						
</http:request>
						<error-handler>
							<on-error-propagate enableNotifications="true" logException="true" doc:name="On Error Propagate" doc:id="c09dca55-b905-4b19-985e-c2c20d4725ab" type="ANY">
								<logger level="INFO" doc:name="Error Message" doc:id="ef8e7126-c544-42ef-a51f-31c03c632c04" message='#[error.errorType.asString ++ " Error occured while connecting to SIEBEL"]' />
							</on-error-propagate>
						</error-handler>
					</try>
				</until-successful>
				<ee:transform doc:name="Response From PUT Call" doc:id="c8ee6b4d-1b97-4222-9589-b97b68a4be45">
					<ee:message>
						<ee:set-payload><![CDATA[%dw 2.0
output application/json
---
{
    ("contactId": payload.items.Id default "") if(! isBlank(payload.items."Id")),
    ("contactFirstName": payload.items."First Name" default "") if(! isBlank(payload.items."First Name")),
    ("contactLastName": payload.items."Last Name" default "") if(! isBlank(payload.items."Last Name")),
    ("contactEmail": payload.items."Email Address" default "") if(! isBlank(payload.items."Email Address")),
    ("citizenPhone": payload.items."Cellular Phone #" default "" ) if(! isBlank(payload.items."Cellular Phone #")),
    ("citizenAlternatePhone": payload.items."Page #" default "") if(! isBlank(payload.items."Page #")),
     "contactLicenseNumber": payload.items."Middle Name",
     "licenseStatus": payload.items."Status"
}]]></ee:set-payload>
					</ee:message>
				</ee:transform>
				<logger level="INFO" doc:name="Flow End" doc:id="ee370b5b-38aa-4680-b8e5-95bad6415e6d" message='#[vars.correlationId default "" ++ "Flow for updating contact by Id has been ended - at :" ++ now()]'/>
			</when>
			<otherwise>
				<logger level="INFO" doc:name="ID is empty" doc:id="fec23bfa-f27a-42b9-a072-d7fbc35cf57e" message='#["Please provide valid ID"]' />
			</otherwise>
		</choice>
	</sub-flow>
</mule>
