<?xml version='1.0' encoding='UTF-8'?>
<types:mule xmlns:types="http://www.mulesoft.org/schema/mule/types">
  <types:catalog>
    <types:type name="auto_d988ae2c-0833-41e1-a616-19215c563e78_Input-Payload" format="json">
      <types:shape format="weave" example="weave/autogenerated/d988ae2c-0833-41e1-a616-19215c563e78/Input-Payload.wev" autogeneratedOrigin="16bafda3-e5be-44e1-a8b3-448b60d16e79"><![CDATA[%dw 2.0

type auto_d988ae2c_0833_41e1_a616_19215c563e78_Input_Payload = String

]]></types:shape>
    </types:type>
    <types:type name="auto_d988ae2c-0833-41e1-a616-19215c563e78_Input-Attributes" format="java">
      <types:shape format="weave" example="weave/autogenerated/d988ae2c-0833-41e1-a616-19215c563e78/Input-Attributes.wev" autogeneratedOrigin="16bafda3-e5be-44e1-a8b3-448b60d16e79"><![CDATA[%dw 2.0

type auto_d988ae2c_0833_41e1_a616_19215c563e78_Input_Attributes = Null

]]></types:shape>
    </types:type>
    <types:type name="auto_d988ae2c-0833-41e1-a616-19215c563e78_Input-Variables-outboundHeaders" format="java">
      <types:shape format="weave" example="weave/autogenerated/d988ae2c-0833-41e1-a616-19215c563e78/Input-Variables-outboundHeaders.wev" autogeneratedOrigin="16bafda3-e5be-44e1-a8b3-448b60d16e79"><![CDATA[%dw 2.0

type auto_d988ae2c_0833_41e1_a616_19215c563e78_Input_Variables_outboundHeaders = {|  |}

]]></types:shape>
    </types:type>
    <types:type name="auto_d988ae2c-0833-41e1-a616-19215c563e78_Input-Variables-rootMessage" format="java">
      <types:shape format="weave" example="weave/autogenerated/d988ae2c-0833-41e1-a616-19215c563e78/Input-Variables-rootMessage.wev" autogeneratedOrigin="16bafda3-e5be-44e1-a8b3-448b60d16e79"><![CDATA[%dw 2.0

type auto_d988ae2c_0833_41e1_a616_19215c563e78_Input_Variables_rootMessage = {|
  payload: Array<ContentDocumentLink>, 
  attributes: Null
|} {"typeId": "org.mule.runtime.api.message.Message"}
type ContentDocumentLink = {|
  ContentDocumentId?: String, 
  Id?: String {"typeId": "Id"}, 
  LinkedEntityId?: String
|} {"label": "Content Document Link",
"typeId": "ContentDocumentLink"}



]]></types:shape>
    </types:type>
    <types:type name="auto_d988ae2c-0833-41e1-a616-19215c563e78_Input-Variables-appId" format="java">
      <types:shape format="raml" autogeneratedOrigin="16bafda3-e5be-44e1-a8b3-448b60d16e79"><![CDATA[#%RAML 1.0 DataType
type: string]]></types:shape>
    </types:type>
    <types:type name="auto_d988ae2c-0833-41e1-a616-19215c563e78_Input-Variables-httpStatus" format="java">
      <types:shape format="raml" autogeneratedOrigin="16bafda3-e5be-44e1-a8b3-448b60d16e79"><![CDATA[#%RAML 1.0 DataType
type: string]]></types:shape>
    </types:type>
    <types:type name="auto_d988ae2c-0833-41e1-a616-19215c563e78_Input-Variables-counter" format="java">
      <types:shape format="raml" autogeneratedOrigin="16bafda3-e5be-44e1-a8b3-448b60d16e79"><![CDATA[#%RAML 1.0 DataType
type: number]]></types:shape>
    </types:type>
    <types:type name="auto_d988ae2c-0833-41e1-a616-19215c563e78_Input-Variables-contentDocIds" format="json">
      <types:shape format="weave" example="weave/autogenerated/d988ae2c-0833-41e1-a616-19215c563e78/Input-Variables-contentDocIds.wev" autogeneratedOrigin="16bafda3-e5be-44e1-a8b3-448b60d16e79"><![CDATA[%dw 2.0

type auto_d988ae2c_0833_41e1_a616_19215c563e78_Input_Variables_contentDocIds = Array<String>

]]></types:shape>
    </types:type>
    <types:type name="auto_d988ae2c-0833-41e1-a616-19215c563e78_Output-Payload" format="json">
      <types:shape format="weave" example="weave/autogenerated/d988ae2c-0833-41e1-a616-19215c563e78/Output-Payload.wev" autogeneratedOrigin="16bafda3-e5be-44e1-a8b3-448b60d16e79"><![CDATA[%dw 2.0

type auto_d988ae2c_0833_41e1_a616_19215c563e78_Output_Payload = {|
  reportId: Null, 
  fileName: Any, 
  fileExtension: String {"typeId": "FileExtension"} | Null, 
  attachmentComment: String, 
  data: String {"typeId": "VersionData"} | Null
|}

]]></types:shape>
    </types:type>
    <types:type name="auto_d988ae2c-0833-41e1-a616-19215c563e78_Output-Attributes" format="java">
      <types:shape format="weave" example="weave/autogenerated/d988ae2c-0833-41e1-a616-19215c563e78/Output-Attributes.wev" autogeneratedOrigin="16bafda3-e5be-44e1-a8b3-448b60d16e79"><![CDATA[%dw 2.0

type auto_d988ae2c_0833_41e1_a616_19215c563e78_Output_Attributes = Null

]]></types:shape>
    </types:type>
    <types:type name="auto_d988ae2c-0833-41e1-a616-19215c563e78_Output-Variables-outboundHeaders" format="java">
      <types:shape format="weave" example="weave/autogenerated/d988ae2c-0833-41e1-a616-19215c563e78/Output-Variables-outboundHeaders.wev" autogeneratedOrigin="16bafda3-e5be-44e1-a8b3-448b60d16e79"><![CDATA[%dw 2.0

type auto_d988ae2c_0833_41e1_a616_19215c563e78_Output_Variables_outboundHeaders = {|  |}

]]></types:shape>
    </types:type>
    <types:type name="auto_d988ae2c-0833-41e1-a616-19215c563e78_Output-Variables-temp" format="java">
      <types:shape format="weave" example="weave/autogenerated/d988ae2c-0833-41e1-a616-19215c563e78/Output-Variables-temp.wev" autogeneratedOrigin="16bafda3-e5be-44e1-a8b3-448b60d16e79"><![CDATA[%dw 2.0

type auto_d988ae2c_0833_41e1_a616_19215c563e78_Output_Variables_temp = Any

]]></types:shape>
    </types:type>
    <types:type name="auto_d988ae2c-0833-41e1-a616-19215c563e78_Output-Variables-rootMessage" format="java">
      <types:shape format="weave" example="weave/autogenerated/d988ae2c-0833-41e1-a616-19215c563e78/Output-Variables-rootMessage.wev" autogeneratedOrigin="16bafda3-e5be-44e1-a8b3-448b60d16e79"><![CDATA[%dw 2.0

type auto_d988ae2c_0833_41e1_a616_19215c563e78_Output_Variables_rootMessage = {|
  payload: Array<ContentDocumentLink>, 
  attributes: Null
|} {"typeId": "org.mule.runtime.api.message.Message"}
type ContentDocumentLink = {|
  ContentDocumentId?: String, 
  Id?: String {"typeId": "Id"}, 
  LinkedEntityId?: String
|} {"label": "Content Document Link",
"typeId": "ContentDocumentLink"}



]]></types:shape>
    </types:type>
    <types:type name="auto_d988ae2c-0833-41e1-a616-19215c563e78_Output-Variables-appId" format="java">
      <types:shape format="raml" autogeneratedOrigin="16bafda3-e5be-44e1-a8b3-448b60d16e79"><![CDATA[#%RAML 1.0 DataType
type: string]]></types:shape>
    </types:type>
    <types:type name="auto_d988ae2c-0833-41e1-a616-19215c563e78_Output-Variables-httpStatus" format="java">
      <types:shape format="raml" autogeneratedOrigin="16bafda3-e5be-44e1-a8b3-448b60d16e79"><![CDATA[#%RAML 1.0 DataType
type: string]]></types:shape>
    </types:type>
    <types:type name="auto_d988ae2c-0833-41e1-a616-19215c563e78_Output-Variables-sfId" format="java">
      <types:shape format="weave" example="weave/autogenerated/d988ae2c-0833-41e1-a616-19215c563e78/Output-Variables-sfId.wev" autogeneratedOrigin="16bafda3-e5be-44e1-a8b3-448b60d16e79"><![CDATA[%dw 2.0

type auto_d988ae2c_0833_41e1_a616_19215c563e78_Output_Variables_sfId = Array<String {"typeId": "Id"}>

]]></types:shape>
    </types:type>
    <types:type name="auto_d988ae2c-0833-41e1-a616-19215c563e78_Output-Variables-counter" format="java">
      <types:shape format="raml" autogeneratedOrigin="16bafda3-e5be-44e1-a8b3-448b60d16e79"><![CDATA[#%RAML 1.0 DataType
type: number]]></types:shape>
    </types:type>
    <types:type name="auto_d988ae2c-0833-41e1-a616-19215c563e78_Output-Variables-contentDocIds" format="json">
      <types:shape format="weave" example="weave/autogenerated/d988ae2c-0833-41e1-a616-19215c563e78/Output-Variables-contentDocIds.wev" autogeneratedOrigin="16bafda3-e5be-44e1-a8b3-448b60d16e79"><![CDATA[%dw 2.0

type auto_d988ae2c_0833_41e1_a616_19215c563e78_Output_Variables_contentDocIds = Array<String>

]]></types:shape>
    </types:type>
    <types:type name="auto_c256d1c5-c4fc-405a-a930-c29f8ff67a1e_Input-Payload" format="java">
      <types:shape format="weave" example="weave/autogenerated/c256d1c5-c4fc-405a-a930-c29f8ff67a1e/Input-Payload.wev" autogeneratedOrigin="4ec40b9e-0fdb-4c62-9bde-304773d7ec20"><![CDATA[%dw 2.0

type auto_c256d1c5_c4fc_405a_a930_c29f8ff67a1e_Input_Payload = Any

]]></types:shape>
    </types:type>
    <types:type name="auto_c256d1c5-c4fc-405a-a930-c29f8ff67a1e_Input-Attributes" format="java">
      <types:shape format="weave" example="weave/autogenerated/c256d1c5-c4fc-405a-a930-c29f8ff67a1e/Input-Attributes.wev" autogeneratedOrigin="4ec40b9e-0fdb-4c62-9bde-304773d7ec20"><![CDATA[%dw 2.0

type auto_c256d1c5_c4fc_405a_a930_c29f8ff67a1e_Input_Attributes = {|
  listenerPath: String, 
  rawRequestPath: String, 
  relativePath: String, 
  maskedRequestPath: String, 
  version: String, 
  scheme: String, 
  method: String, 
  requestUri: String, 
  rawRequestUri: String, 
  queryString: String, 
  localAddress: String, 
  remoteAddress: String, 
  clientCertificate?: java_security_cert_Certificate, 
  queryParams: { _?: String }, 
  uriParams: { _?: String }, 
  requestPath: String, 
  headers: { _?: String }
|} {"typeAlias": "HttpRequestAttributes",
"typeId": "org.mule.extension.http.api.HttpRequestAttributes"}
type java_security_cert_Certificate = {|
  encoded?: Binary, 
  publicKey?: java_security_PublicKey, 
  "type"?: String
|} {"typeAlias": "Certificate",
"typeId": "java.security.cert.Certificate"}
type java_security_PublicKey = {|  |} {"typeAlias": "PublicKey",
"typeId": "java.security.PublicKey"}





]]></types:shape>
    </types:type>
    <types:type name="auto_c256d1c5-c4fc-405a-a930-c29f8ff67a1e_Output-Payload" format="java">
      <types:shape format="weave" example="weave/autogenerated/c256d1c5-c4fc-405a-a930-c29f8ff67a1e/Output-Payload.wev" autogeneratedOrigin="4ec40b9e-0fdb-4c62-9bde-304773d7ec20"><![CDATA[%dw 2.0

type auto_c256d1c5_c4fc_405a_a930_c29f8ff67a1e_Output_Payload = Any

]]></types:shape>
    </types:type>
    <types:type name="auto_c256d1c5-c4fc-405a-a930-c29f8ff67a1e_Output-Attributes" format="java">
      <types:shape format="weave" example="weave/autogenerated/c256d1c5-c4fc-405a-a930-c29f8ff67a1e/Output-Attributes.wev" autogeneratedOrigin="4ec40b9e-0fdb-4c62-9bde-304773d7ec20"><![CDATA[%dw 2.0

type auto_c256d1c5_c4fc_405a_a930_c29f8ff67a1e_Output_Attributes = {|
  listenerPath: String, 
  rawRequestPath: String, 
  relativePath: String, 
  maskedRequestPath: String, 
  version: String, 
  scheme: String, 
  method: String, 
  requestUri: String, 
  rawRequestUri: String, 
  queryString: String, 
  localAddress: String, 
  remoteAddress: String, 
  clientCertificate?: java_security_cert_Certificate, 
  queryParams: { _?: String }, 
  uriParams: { _?: String }, 
  requestPath: String, 
  headers: { _?: String }
|} {"typeAlias": "HttpRequestAttributes",
"typeId": "org.mule.extension.http.api.HttpRequestAttributes"}
type java_security_cert_Certificate = {|
  encoded?: Binary, 
  publicKey?: java_security_PublicKey, 
  "type"?: String
|} {"typeAlias": "Certificate",
"typeId": "java.security.cert.Certificate"}
type java_security_PublicKey = {|  |} {"typeAlias": "PublicKey",
"typeId": "java.security.PublicKey"}





]]></types:shape>
    </types:type>
    <types:type name="auto_c256d1c5-c4fc-405a-a930-c29f8ff67a1e_Output-Variables-settingRequiredHeaders" format="java">
      <types:shape format="weave" example="weave/autogenerated/c256d1c5-c4fc-405a-a930-c29f8ff67a1e/Output-Variables-settingRequiredHeaders.wev" autogeneratedOrigin="4ec40b9e-0fdb-4c62-9bde-304773d7ec20"><![CDATA[%dw 2.0

type auto_c256d1c5_c4fc_405a_a930_c29f8ff67a1e_Output_Variables_settingRequiredHeaders = Any

]]></types:shape>
    </types:type>
    <types:type name="auto_d33a46dd-4adc-4d9e-947e-d2b6f89ac519_Input-Payload" format="java">
      <types:shape format="weave" example="weave/autogenerated/d33a46dd-4adc-4d9e-947e-d2b6f89ac519/Input-Payload.wev" autogeneratedOrigin="26bbd462-0970-4fa3-9c52-e4f3ad021b0a"><![CDATA[%dw 2.0

type auto_d33a46dd_4adc_4d9e_947e_d2b6f89ac519_Input_Payload = Array<ContentDocumentLink>
type ContentDocumentLink = {|
  ContentDocumentId?: String, 
  Id?: String {"typeId": "Id"}, 
  LinkedEntityId?: String
|} {"label": "Content Document Link",
"typeId": "ContentDocumentLink"}



]]></types:shape>
    </types:type>
    <types:type name="auto_d33a46dd-4adc-4d9e-947e-d2b6f89ac519_Input-Attributes" format="java">
      <types:shape format="weave" example="weave/autogenerated/d33a46dd-4adc-4d9e-947e-d2b6f89ac519/Input-Attributes.wev" autogeneratedOrigin="26bbd462-0970-4fa3-9c52-e4f3ad021b0a"><![CDATA[%dw 2.0

type auto_d33a46dd_4adc_4d9e_947e_d2b6f89ac519_Input_Attributes = Null

]]></types:shape>
    </types:type>
    <types:type name="auto_d33a46dd-4adc-4d9e-947e-d2b6f89ac519_Input-Variables-outboundHeaders" format="java">
      <types:shape format="weave" example="weave/autogenerated/d33a46dd-4adc-4d9e-947e-d2b6f89ac519/Input-Variables-outboundHeaders.wev" autogeneratedOrigin="26bbd462-0970-4fa3-9c52-e4f3ad021b0a"><![CDATA[%dw 2.0

type auto_d33a46dd_4adc_4d9e_947e_d2b6f89ac519_Input_Variables_outboundHeaders = {|  |}

]]></types:shape>
    </types:type>
    <types:type name="auto_d33a46dd-4adc-4d9e-947e-d2b6f89ac519_Input-Variables-httpStatus" format="java">
      <types:shape format="raml" autogeneratedOrigin="26bbd462-0970-4fa3-9c52-e4f3ad021b0a"><![CDATA[#%RAML 1.0 DataType
type: string]]></types:shape>
    </types:type>
    <types:type name="auto_d33a46dd-4adc-4d9e-947e-d2b6f89ac519_Input-Variables-folderId" format="java">
      <types:shape format="raml" autogeneratedOrigin="26bbd462-0970-4fa3-9c52-e4f3ad021b0a"><![CDATA[#%RAML 1.0 DataType
type: string]]></types:shape>
    </types:type>
    <types:type name="auto_d33a46dd-4adc-4d9e-947e-d2b6f89ac519_Input-Variables-contentDocIds" format="json">
      <types:shape format="weave" example="weave/autogenerated/d33a46dd-4adc-4d9e-947e-d2b6f89ac519/Input-Variables-contentDocIds.wev" autogeneratedOrigin="26bbd462-0970-4fa3-9c52-e4f3ad021b0a"><![CDATA[%dw 2.0

type auto_d33a46dd_4adc_4d9e_947e_d2b6f89ac519_Input_Variables_contentDocIds = Array<String>

]]></types:shape>
    </types:type>
    <types:type name="auto_d33a46dd-4adc-4d9e-947e-d2b6f89ac519_Output-Payload" format="java">
      <types:shape format="weave" example="weave/autogenerated/d33a46dd-4adc-4d9e-947e-d2b6f89ac519/Output-Payload.wev" autogeneratedOrigin="26bbd462-0970-4fa3-9c52-e4f3ad021b0a"><![CDATA[%dw 2.0

type auto_d33a46dd_4adc_4d9e_947e_d2b6f89ac519_Output_Payload = Array<ContentDocumentLink>
type ContentDocumentLink = {|
  ContentDocumentId?: String, 
  Id?: String {"typeId": "Id"}, 
  LinkedEntityId?: String
|} {"label": "Content Document Link",
"typeId": "ContentDocumentLink"}



]]></types:shape>
    </types:type>
    <types:type name="auto_d33a46dd-4adc-4d9e-947e-d2b6f89ac519_Output-Attributes" format="java">
      <types:shape format="weave" example="weave/autogenerated/d33a46dd-4adc-4d9e-947e-d2b6f89ac519/Output-Attributes.wev" autogeneratedOrigin="26bbd462-0970-4fa3-9c52-e4f3ad021b0a"><![CDATA[%dw 2.0

type auto_d33a46dd_4adc_4d9e_947e_d2b6f89ac519_Output_Attributes = Null

]]></types:shape>
    </types:type>
    <types:type name="auto_d33a46dd-4adc-4d9e-947e-d2b6f89ac519_Output-Variables-outboundHeaders" format="java">
      <types:shape format="weave" example="weave/autogenerated/d33a46dd-4adc-4d9e-947e-d2b6f89ac519/Output-Variables-outboundHeaders.wev" autogeneratedOrigin="26bbd462-0970-4fa3-9c52-e4f3ad021b0a"><![CDATA[%dw 2.0

type auto_d33a46dd_4adc_4d9e_947e_d2b6f89ac519_Output_Variables_outboundHeaders = {|  |}

]]></types:shape>
    </types:type>
    <types:type name="auto_d33a46dd-4adc-4d9e-947e-d2b6f89ac519_Output-Variables-httpStatus" format="java">
      <types:shape format="raml" autogeneratedOrigin="26bbd462-0970-4fa3-9c52-e4f3ad021b0a"><![CDATA[#%RAML 1.0 DataType
type: string]]></types:shape>
    </types:type>
    <types:type name="auto_d33a46dd-4adc-4d9e-947e-d2b6f89ac519_Output-Variables-folderId" format="java">
      <types:shape format="raml" autogeneratedOrigin="26bbd462-0970-4fa3-9c52-e4f3ad021b0a"><![CDATA[#%RAML 1.0 DataType
type: string]]></types:shape>
    </types:type>
    <types:type name="auto_d33a46dd-4adc-4d9e-947e-d2b6f89ac519_Output-Variables-contentDocIds" format="json">
      <types:shape format="weave" example="weave/autogenerated/d33a46dd-4adc-4d9e-947e-d2b6f89ac519/Output-Variables-contentDocIds.wev" autogeneratedOrigin="26bbd462-0970-4fa3-9c52-e4f3ad021b0a"><![CDATA[%dw 2.0

type auto_d33a46dd_4adc_4d9e_947e_d2b6f89ac519_Output_Variables_contentDocIds = Array<String>

]]></types:shape>
    </types:type>
    <types:type name="auto_72a2380e-96c0-4079-9bba-e3b6553fbf32_Input-Payload" format="java">
      <types:shape format="weave" example="weave/autogenerated/72a2380e-96c0-4079-9bba-e3b6553fbf32/Input-Payload.wev" autogeneratedOrigin="4a51202c-dedd-4832-9e26-4aff8f10b7c1"><![CDATA[%dw 2.0

type auto_72a2380e_96c0_4079_9bba_e3b6553fbf32_Input_Payload = Array<ContentDocumentLink>
type ContentDocumentLink = {|
  ContentDocumentId?: String, 
  Id?: String {"typeId": "Id"}, 
  LinkedEntityId?: String
|} {"label": "Content Document Link",
"typeId": "ContentDocumentLink"}



]]></types:shape>
    </types:type>
    <types:type name="auto_72a2380e-96c0-4079-9bba-e3b6553fbf32_Input-Attributes" format="java">
      <types:shape format="weave" example="weave/autogenerated/72a2380e-96c0-4079-9bba-e3b6553fbf32/Input-Attributes.wev" autogeneratedOrigin="4a51202c-dedd-4832-9e26-4aff8f10b7c1"><![CDATA[%dw 2.0

type auto_72a2380e_96c0_4079_9bba_e3b6553fbf32_Input_Attributes = Null

]]></types:shape>
    </types:type>
    <types:type name="auto_72a2380e-96c0-4079-9bba-e3b6553fbf32_Input-Variables-outboundHeaders" format="java">
      <types:shape format="weave" example="weave/autogenerated/72a2380e-96c0-4079-9bba-e3b6553fbf32/Input-Variables-outboundHeaders.wev" autogeneratedOrigin="4a51202c-dedd-4832-9e26-4aff8f10b7c1"><![CDATA[%dw 2.0

type auto_72a2380e_96c0_4079_9bba_e3b6553fbf32_Input_Variables_outboundHeaders = {|  |}

]]></types:shape>
    </types:type>
    <types:type name="auto_72a2380e-96c0-4079-9bba-e3b6553fbf32_Input-Variables-httpStatus" format="java">
      <types:shape format="raml" autogeneratedOrigin="4a51202c-dedd-4832-9e26-4aff8f10b7c1"><![CDATA[#%RAML 1.0 DataType
type: string]]></types:shape>
    </types:type>
    <types:type name="auto_72a2380e-96c0-4079-9bba-e3b6553fbf32_Input-Variables-folderId" format="java">
      <types:shape format="raml" autogeneratedOrigin="4a51202c-dedd-4832-9e26-4aff8f10b7c1"><![CDATA[#%RAML 1.0 DataType
type: string]]></types:shape>
    </types:type>
    <types:type name="auto_72a2380e-96c0-4079-9bba-e3b6553fbf32_Input-Variables-contentDocIds" format="json">
      <types:shape format="weave" example="weave/autogenerated/72a2380e-96c0-4079-9bba-e3b6553fbf32/Input-Variables-contentDocIds.wev" autogeneratedOrigin="4a51202c-dedd-4832-9e26-4aff8f10b7c1"><![CDATA[%dw 2.0

type auto_72a2380e_96c0_4079_9bba_e3b6553fbf32_Input_Variables_contentDocIds = Array<String>

]]></types:shape>
    </types:type>
    <types:type name="auto_72a2380e-96c0-4079-9bba-e3b6553fbf32_Output-Payload" format="java">
      <types:shape format="weave" example="weave/autogenerated/72a2380e-96c0-4079-9bba-e3b6553fbf32/Output-Payload.wev" autogeneratedOrigin="4a51202c-dedd-4832-9e26-4aff8f10b7c1"><![CDATA[%dw 2.0

type auto_72a2380e_96c0_4079_9bba_e3b6553fbf32_Output_Payload = Array<ContentDocumentLink>
type ContentDocumentLink = {|
  ContentDocumentId?: String, 
  Id?: String {"typeId": "Id"}, 
  LinkedEntityId?: String
|} {"label": "Content Document Link",
"typeId": "ContentDocumentLink"}



]]></types:shape>
    </types:type>
    <types:type name="auto_72a2380e-96c0-4079-9bba-e3b6553fbf32_Output-Attributes" format="java">
      <types:shape format="weave" example="weave/autogenerated/72a2380e-96c0-4079-9bba-e3b6553fbf32/Output-Attributes.wev" autogeneratedOrigin="4a51202c-dedd-4832-9e26-4aff8f10b7c1"><![CDATA[%dw 2.0

type auto_72a2380e_96c0_4079_9bba_e3b6553fbf32_Output_Attributes = Null

]]></types:shape>
    </types:type>
    <types:type name="auto_72a2380e-96c0-4079-9bba-e3b6553fbf32_Output-Variables-outboundHeaders" format="java">
      <types:shape format="weave" example="weave/autogenerated/72a2380e-96c0-4079-9bba-e3b6553fbf32/Output-Variables-outboundHeaders.wev" autogeneratedOrigin="4a51202c-dedd-4832-9e26-4aff8f10b7c1"><![CDATA[%dw 2.0

type auto_72a2380e_96c0_4079_9bba_e3b6553fbf32_Output_Variables_outboundHeaders = {|  |}

]]></types:shape>
    </types:type>
    <types:type name="auto_72a2380e-96c0-4079-9bba-e3b6553fbf32_Output-Variables-httpStatus" format="java">
      <types:shape format="raml" autogeneratedOrigin="4a51202c-dedd-4832-9e26-4aff8f10b7c1"><![CDATA[#%RAML 1.0 DataType
type: string]]></types:shape>
    </types:type>
    <types:type name="auto_72a2380e-96c0-4079-9bba-e3b6553fbf32_Output-Variables-body" format="java">
      <types:shape format="weave" example="weave/autogenerated/72a2380e-96c0-4079-9bba-e3b6553fbf32/Output-Variables-body.wev" autogeneratedOrigin="4a51202c-dedd-4832-9e26-4aff8f10b7c1"><![CDATA[%dw 2.0

type auto_72a2380e_96c0_4079_9bba_e3b6553fbf32_Output_Variables_body = Any

]]></types:shape>
    </types:type>
    <types:type name="auto_72a2380e-96c0-4079-9bba-e3b6553fbf32_Output-Variables-folderId" format="java">
      <types:shape format="raml" autogeneratedOrigin="4a51202c-dedd-4832-9e26-4aff8f10b7c1"><![CDATA[#%RAML 1.0 DataType
type: string]]></types:shape>
    </types:type>
    <types:type name="auto_72a2380e-96c0-4079-9bba-e3b6553fbf32_Output-Variables-contentDocIds" format="json">
      <types:shape format="weave" example="weave/autogenerated/72a2380e-96c0-4079-9bba-e3b6553fbf32/Output-Variables-contentDocIds.wev" autogeneratedOrigin="4a51202c-dedd-4832-9e26-4aff8f10b7c1"><![CDATA[%dw 2.0

type auto_72a2380e_96c0_4079_9bba_e3b6553fbf32_Output_Variables_contentDocIds = Array<String>

]]></types:shape>
    </types:type>
    <types:type name="auto_64e0b2db-be24-47ee-8ad6-fa52c0fc32dc_Input-Payload" format="java">
      <types:shape format="weave" example="weave/autogenerated/64e0b2db-be24-47ee-8ad6-fa52c0fc32dc/Input-Payload.wev" autogeneratedOrigin="9fb0f8d6-cd3b-417c-8ddc-62c14ecc24cc"><![CDATA[%dw 2.0

type auto_64e0b2db_be24_47ee_8ad6_fa52c0fc32dc_Input_Payload = Array<ContentDocumentLink>
type ContentDocumentLink = {|
  ContentDocumentId?: String, 
  Id?: String {"typeId": "Id"}, 
  LinkedEntityId?: String
|} {"label": "Content Document Link",
"typeId": "ContentDocumentLink"}



]]></types:shape>
    </types:type>
    <types:type name="auto_64e0b2db-be24-47ee-8ad6-fa52c0fc32dc_Input-Attributes" format="java">
      <types:shape format="weave" example="weave/autogenerated/64e0b2db-be24-47ee-8ad6-fa52c0fc32dc/Input-Attributes.wev" autogeneratedOrigin="9fb0f8d6-cd3b-417c-8ddc-62c14ecc24cc"><![CDATA[%dw 2.0

type auto_64e0b2db_be24_47ee_8ad6_fa52c0fc32dc_Input_Attributes = Null

]]></types:shape>
    </types:type>
    <types:type name="auto_64e0b2db-be24-47ee-8ad6-fa52c0fc32dc_Input-Variables-outboundHeaders" format="java">
      <types:shape format="weave" example="weave/autogenerated/64e0b2db-be24-47ee-8ad6-fa52c0fc32dc/Input-Variables-outboundHeaders.wev" autogeneratedOrigin="9fb0f8d6-cd3b-417c-8ddc-62c14ecc24cc"><![CDATA[%dw 2.0

type auto_64e0b2db_be24_47ee_8ad6_fa52c0fc32dc_Input_Variables_outboundHeaders = {|  |}

]]></types:shape>
    </types:type>
    <types:type name="auto_64e0b2db-be24-47ee-8ad6-fa52c0fc32dc_Input-Variables-httpStatus" format="java">
      <types:shape format="raml" autogeneratedOrigin="9fb0f8d6-cd3b-417c-8ddc-62c14ecc24cc"><![CDATA[#%RAML 1.0 DataType
type: string]]></types:shape>
    </types:type>
    <types:type name="auto_64e0b2db-be24-47ee-8ad6-fa52c0fc32dc_Input-Variables-folderId" format="java">
      <types:shape format="raml" autogeneratedOrigin="9fb0f8d6-cd3b-417c-8ddc-62c14ecc24cc"><![CDATA[#%RAML 1.0 DataType
type: string]]></types:shape>
    </types:type>
    <types:type name="auto_64e0b2db-be24-47ee-8ad6-fa52c0fc32dc_Input-Variables-contentDocIds" format="json">
      <types:shape format="weave" example="weave/autogenerated/64e0b2db-be24-47ee-8ad6-fa52c0fc32dc/Input-Variables-contentDocIds.wev" autogeneratedOrigin="9fb0f8d6-cd3b-417c-8ddc-62c14ecc24cc"><![CDATA[%dw 2.0

type auto_64e0b2db_be24_47ee_8ad6_fa52c0fc32dc_Input_Variables_contentDocIds = Array<String>

]]></types:shape>
    </types:type>
    <types:type name="auto_64e0b2db-be24-47ee-8ad6-fa52c0fc32dc_Output-Payload" format="java">
      <types:shape format="weave" example="weave/autogenerated/64e0b2db-be24-47ee-8ad6-fa52c0fc32dc/Output-Payload.wev" autogeneratedOrigin="9fb0f8d6-cd3b-417c-8ddc-62c14ecc24cc"><![CDATA[%dw 2.0

type auto_64e0b2db_be24_47ee_8ad6_fa52c0fc32dc_Output_Payload = Array<{|  Id*?: String {"typeId": "Id"},   ContentDocumentId*?: String,   LinkedEntityId*?: String|}>

]]></types:shape>
    </types:type>
    <types:type name="auto_64e0b2db-be24-47ee-8ad6-fa52c0fc32dc_Output-Attributes" format="java">
      <types:shape format="weave" example="weave/autogenerated/64e0b2db-be24-47ee-8ad6-fa52c0fc32dc/Output-Attributes.wev" autogeneratedOrigin="9fb0f8d6-cd3b-417c-8ddc-62c14ecc24cc"><![CDATA[%dw 2.0

type auto_64e0b2db_be24_47ee_8ad6_fa52c0fc32dc_Output_Attributes = Null

]]></types:shape>
    </types:type>
    <types:type name="auto_64e0b2db-be24-47ee-8ad6-fa52c0fc32dc_Output-Variables-outboundHeaders" format="java">
      <types:shape format="weave" example="weave/autogenerated/64e0b2db-be24-47ee-8ad6-fa52c0fc32dc/Output-Variables-outboundHeaders.wev" autogeneratedOrigin="9fb0f8d6-cd3b-417c-8ddc-62c14ecc24cc"><![CDATA[%dw 2.0

type auto_64e0b2db_be24_47ee_8ad6_fa52c0fc32dc_Output_Variables_outboundHeaders = {|  |}

]]></types:shape>
    </types:type>
    <types:type name="auto_64e0b2db-be24-47ee-8ad6-fa52c0fc32dc_Output-Variables-httpStatus" format="java">
      <types:shape format="raml" autogeneratedOrigin="9fb0f8d6-cd3b-417c-8ddc-62c14ecc24cc"><![CDATA[#%RAML 1.0 DataType
type: string]]></types:shape>
    </types:type>
    <types:type name="auto_64e0b2db-be24-47ee-8ad6-fa52c0fc32dc_Output-Variables-folderId" format="java">
      <types:shape format="raml" autogeneratedOrigin="9fb0f8d6-cd3b-417c-8ddc-62c14ecc24cc"><![CDATA[#%RAML 1.0 DataType
type: string]]></types:shape>
    </types:type>
    <types:type name="auto_64e0b2db-be24-47ee-8ad6-fa52c0fc32dc_Output-Variables-contentDocIds" format="java">
      <types:shape format="weave" example="weave/autogenerated/64e0b2db-be24-47ee-8ad6-fa52c0fc32dc/Output-Variables-contentDocIds.wev" autogeneratedOrigin="9fb0f8d6-cd3b-417c-8ddc-62c14ecc24cc"><![CDATA[%dw 2.0

type auto_64e0b2db_be24_47ee_8ad6_fa52c0fc32dc_Output_Variables_contentDocIds = Array<String>

]]></types:shape>
    </types:type>
    <types:type name="auto_3b18200a-72de-4e78-9c82-91926e640a4b_Input-Payload" format="json">
      <types:shape format="weave" example="weave/autogenerated/3b18200a-72de-4e78-9c82-91926e640a4b/Input-Payload.wev" autogeneratedOrigin="86422fb7-db8e-44ca-afda-62b908b98d50"><![CDATA[%dw 2.0

type auto_3b18200a_72de_4e78_9c82_91926e640a4b_Input_Payload = {|
  folderId: Null, 
  fileName: String {"typeId": "Title"} | Null, 
  fileExtension: String {"typeId": "FileExtension"} | Null, 
  attachmentComment: String, 
  data: String {"typeId": "VersionData"} | Null
|}

]]></types:shape>
    </types:type>
    <types:type name="auto_3b18200a-72de-4e78-9c82-91926e640a4b_Input-Attributes" format="java">
      <types:shape format="weave" example="weave/autogenerated/3b18200a-72de-4e78-9c82-91926e640a4b/Input-Attributes.wev" autogeneratedOrigin="86422fb7-db8e-44ca-afda-62b908b98d50"><![CDATA[%dw 2.0

type auto_3b18200a_72de_4e78_9c82_91926e640a4b_Input_Attributes = Null

]]></types:shape>
    </types:type>
    <types:type name="auto_3b18200a-72de-4e78-9c82-91926e640a4b_Input-Variables-outboundHeaders" format="java">
      <types:shape format="weave" example="weave/autogenerated/3b18200a-72de-4e78-9c82-91926e640a4b/Input-Variables-outboundHeaders.wev" autogeneratedOrigin="86422fb7-db8e-44ca-afda-62b908b98d50"><![CDATA[%dw 2.0

type auto_3b18200a_72de_4e78_9c82_91926e640a4b_Input_Variables_outboundHeaders = {|  |}

]]></types:shape>
    </types:type>
    <types:type name="auto_3b18200a-72de-4e78-9c82-91926e640a4b_Input-Variables-rootMessage" format="java">
      <types:shape format="weave" example="weave/autogenerated/3b18200a-72de-4e78-9c82-91926e640a4b/Input-Variables-rootMessage.wev" autogeneratedOrigin="86422fb7-db8e-44ca-afda-62b908b98d50"><![CDATA[%dw 2.0

type auto_3b18200a_72de_4e78_9c82_91926e640a4b_Input_Variables_rootMessage = {|
  payload: Array<ContentDocumentLink>, 
  attributes: Null
|} {"typeId": "org.mule.runtime.api.message.Message"}
type ContentDocumentLink = {|
  ContentDocumentId?: String, 
  Id?: String {"typeId": "Id"}, 
  LinkedEntityId?: String
|} {"label": "Content Document Link",
"typeId": "ContentDocumentLink"}



]]></types:shape>
    </types:type>
    <types:type name="auto_3b18200a-72de-4e78-9c82-91926e640a4b_Input-Variables-docId" format="json">
      <types:shape format="weave" example="weave/autogenerated/3b18200a-72de-4e78-9c82-91926e640a4b/Input-Variables-docId.wev" autogeneratedOrigin="86422fb7-db8e-44ca-afda-62b908b98d50"><![CDATA[%dw 2.0

type auto_3b18200a_72de_4e78_9c82_91926e640a4b_Input_Variables_docId = String

]]></types:shape>
    </types:type>
    <types:type name="auto_3b18200a-72de-4e78-9c82-91926e640a4b_Input-Variables-httpStatus" format="java">
      <types:shape format="raml" autogeneratedOrigin="86422fb7-db8e-44ca-afda-62b908b98d50"><![CDATA[#%RAML 1.0 DataType
type: string]]></types:shape>
    </types:type>
    <types:type name="auto_3b18200a-72de-4e78-9c82-91926e640a4b_Input-Variables-sfId" format="java">
      <types:shape format="weave" example="weave/autogenerated/3b18200a-72de-4e78-9c82-91926e640a4b/Input-Variables-sfId.wev" autogeneratedOrigin="86422fb7-db8e-44ca-afda-62b908b98d50"><![CDATA[%dw 2.0

type auto_3b18200a_72de_4e78_9c82_91926e640a4b_Input_Variables_sfId = Array<String {"typeId": "Id"}>

]]></types:shape>
    </types:type>
    <types:type name="auto_3b18200a-72de-4e78-9c82-91926e640a4b_Input-Variables-counter" format="java">
      <types:shape format="raml" autogeneratedOrigin="86422fb7-db8e-44ca-afda-62b908b98d50"><![CDATA[#%RAML 1.0 DataType
type: number]]></types:shape>
    </types:type>
    <types:type name="auto_3b18200a-72de-4e78-9c82-91926e640a4b_Input-Variables-body" format="java">
      <types:shape format="weave" example="weave/autogenerated/3b18200a-72de-4e78-9c82-91926e640a4b/Input-Variables-body.wev" autogeneratedOrigin="86422fb7-db8e-44ca-afda-62b908b98d50"><![CDATA[%dw 2.0

type auto_3b18200a_72de_4e78_9c82_91926e640a4b_Input_Variables_body = Any

]]></types:shape>
    </types:type>
    <types:type name="auto_3b18200a-72de-4e78-9c82-91926e640a4b_Input-Variables-folderId" format="java">
      <types:shape format="raml" autogeneratedOrigin="86422fb7-db8e-44ca-afda-62b908b98d50"><![CDATA[#%RAML 1.0 DataType
type: string]]></types:shape>
    </types:type>
    <types:type name="auto_3b18200a-72de-4e78-9c82-91926e640a4b_Input-Variables-contentDocIds" format="json">
      <types:shape format="weave" example="weave/autogenerated/3b18200a-72de-4e78-9c82-91926e640a4b/Input-Variables-contentDocIds.wev" autogeneratedOrigin="86422fb7-db8e-44ca-afda-62b908b98d50"><![CDATA[%dw 2.0

type auto_3b18200a_72de_4e78_9c82_91926e640a4b_Input_Variables_contentDocIds = Array<String>

]]></types:shape>
    </types:type>
    <types:type name="auto_3b18200a-72de-4e78-9c82-91926e640a4b_Output-Payload" format="java">
      <types:shape format="weave" example="weave/autogenerated/3b18200a-72de-4e78-9c82-91926e640a4b/Output-Payload.wev" autogeneratedOrigin="86422fb7-db8e-44ca-afda-62b908b98d50"><![CDATA[%dw 2.0

type auto_3b18200a_72de_4e78_9c82_91926e640a4b_Output_Payload = Any

]]></types:shape>
    </types:type>
    <types:type name="auto_3b18200a-72de-4e78-9c82-91926e640a4b_Output-Attributes" format="java">
      <types:shape format="weave" example="weave/autogenerated/3b18200a-72de-4e78-9c82-91926e640a4b/Output-Attributes.wev" autogeneratedOrigin="86422fb7-db8e-44ca-afda-62b908b98d50"><![CDATA[%dw 2.0

type auto_3b18200a_72de_4e78_9c82_91926e640a4b_Output_Attributes = Null

]]></types:shape>
    </types:type>
    <types:type name="auto_3b18200a-72de-4e78-9c82-91926e640a4b_Output-Variables-outboundHeaders" format="java">
      <types:shape format="weave" example="weave/autogenerated/3b18200a-72de-4e78-9c82-91926e640a4b/Output-Variables-outboundHeaders.wev" autogeneratedOrigin="86422fb7-db8e-44ca-afda-62b908b98d50"><![CDATA[%dw 2.0

type auto_3b18200a_72de_4e78_9c82_91926e640a4b_Output_Variables_outboundHeaders = {|  |}

]]></types:shape>
    </types:type>
    <types:type name="auto_3b18200a-72de-4e78-9c82-91926e640a4b_Output-Variables-rootMessage" format="java">
      <types:shape format="weave" example="weave/autogenerated/3b18200a-72de-4e78-9c82-91926e640a4b/Output-Variables-rootMessage.wev" autogeneratedOrigin="86422fb7-db8e-44ca-afda-62b908b98d50"><![CDATA[%dw 2.0

type auto_3b18200a_72de_4e78_9c82_91926e640a4b_Output_Variables_rootMessage = {|
  payload: Array<ContentDocumentLink>, 
  attributes: Null
|} {"typeId": "org.mule.runtime.api.message.Message"}
type ContentDocumentLink = {|
  ContentDocumentId?: String, 
  Id?: String {"typeId": "Id"}, 
  LinkedEntityId?: String
|} {"label": "Content Document Link",
"typeId": "ContentDocumentLink"}



]]></types:shape>
    </types:type>
    <types:type name="auto_3b18200a-72de-4e78-9c82-91926e640a4b_Output-Variables-docId" format="json">
      <types:shape format="weave" example="weave/autogenerated/3b18200a-72de-4e78-9c82-91926e640a4b/Output-Variables-docId.wev" autogeneratedOrigin="86422fb7-db8e-44ca-afda-62b908b98d50"><![CDATA[%dw 2.0

type auto_3b18200a_72de_4e78_9c82_91926e640a4b_Output_Variables_docId = String

]]></types:shape>
    </types:type>
    <types:type name="auto_3b18200a-72de-4e78-9c82-91926e640a4b_Output-Variables-httpStatus" format="java">
      <types:shape format="raml" autogeneratedOrigin="86422fb7-db8e-44ca-afda-62b908b98d50"><![CDATA[#%RAML 1.0 DataType
type: string]]></types:shape>
    </types:type>
    <types:type name="auto_3b18200a-72de-4e78-9c82-91926e640a4b_Output-Variables-sfId" format="java">
      <types:shape format="weave" example="weave/autogenerated/3b18200a-72de-4e78-9c82-91926e640a4b/Output-Variables-sfId.wev" autogeneratedOrigin="86422fb7-db8e-44ca-afda-62b908b98d50"><![CDATA[%dw 2.0

type auto_3b18200a_72de_4e78_9c82_91926e640a4b_Output_Variables_sfId = Array<String {"typeId": "Id"}>

]]></types:shape>
    </types:type>
    <types:type name="auto_3b18200a-72de-4e78-9c82-91926e640a4b_Output-Variables-counter" format="java">
      <types:shape format="raml" autogeneratedOrigin="86422fb7-db8e-44ca-afda-62b908b98d50"><![CDATA[#%RAML 1.0 DataType
type: number]]></types:shape>
    </types:type>
    <types:type name="auto_3b18200a-72de-4e78-9c82-91926e640a4b_Output-Variables-body" format="java">
      <types:shape format="weave" example="weave/autogenerated/3b18200a-72de-4e78-9c82-91926e640a4b/Output-Variables-body.wev" autogeneratedOrigin="86422fb7-db8e-44ca-afda-62b908b98d50"><![CDATA[%dw 2.0

type auto_3b18200a_72de_4e78_9c82_91926e640a4b_Output_Variables_body = Any

]]></types:shape>
    </types:type>
    <types:type name="auto_3b18200a-72de-4e78-9c82-91926e640a4b_Output-Variables-folderId" format="java">
      <types:shape format="raml" autogeneratedOrigin="86422fb7-db8e-44ca-afda-62b908b98d50"><![CDATA[#%RAML 1.0 DataType
type: string]]></types:shape>
    </types:type>
    <types:type name="auto_3b18200a-72de-4e78-9c82-91926e640a4b_Output-Variables-contentDocIds" format="json">
      <types:shape format="weave" example="weave/autogenerated/3b18200a-72de-4e78-9c82-91926e640a4b/Output-Variables-contentDocIds.wev" autogeneratedOrigin="86422fb7-db8e-44ca-afda-62b908b98d50"><![CDATA[%dw 2.0

type auto_3b18200a_72de_4e78_9c82_91926e640a4b_Output_Variables_contentDocIds = Array<String>

]]></types:shape>
    </types:type>
    <types:type name="auto_b5db143d-2136-4969-9b00-9e5487a85981_Input-Payload" format="java">
      <types:shape format="weave" example="weave/autogenerated/b5db143d-2136-4969-9b00-9e5487a85981/Input-Payload.wev" autogeneratedOrigin="b7bf48d2-a098-4886-bbf7-6197e806f20c"><![CDATA[%dw 2.0

type auto_b5db143d_2136_4969_9b00_9e5487a85981_Input_Payload = Any

]]></types:shape>
    </types:type>
    <types:type name="auto_b5db143d-2136-4969-9b00-9e5487a85981_Input-Attributes" format="java">
      <types:shape format="weave" example="weave/autogenerated/b5db143d-2136-4969-9b00-9e5487a85981/Input-Attributes.wev" autogeneratedOrigin="b7bf48d2-a098-4886-bbf7-6197e806f20c"><![CDATA[%dw 2.0

type auto_b5db143d_2136_4969_9b00_9e5487a85981_Input_Attributes = {|
  clientCertificate?: {|
    publicKey?: {|  |}, 
    "type"?: String, 
    encoded?: Binary
  |}, 
  headers: {|
    "x-correlation-id": String, 
    client_id: String, 
    client_secret: String
  |}, 
  listenerPath: String, 
  method: String, 
  queryParams: {|  |}, 
  queryString: String, 
  relativePath: String, 
  remoteAddress: String, 
  requestPath: String, 
  requestUri: String, 
  scheme: String, 
  uriParams: {|  |}, 
  version: String, 
  localAddress: String
|}

]]></types:shape>
    </types:type>
    <types:type name="auto_b5db143d-2136-4969-9b00-9e5487a85981_Output-Payload" format="java">
      <types:shape format="weave" example="weave/autogenerated/b5db143d-2136-4969-9b00-9e5487a85981/Output-Payload.wev" autogeneratedOrigin="b7bf48d2-a098-4886-bbf7-6197e806f20c"><![CDATA[%dw 2.0

type auto_b5db143d_2136_4969_9b00_9e5487a85981_Output_Payload = Any

]]></types:shape>
    </types:type>
    <types:type name="auto_b5db143d-2136-4969-9b00-9e5487a85981_Output-Attributes" format="java">
      <types:shape format="weave" example="weave/autogenerated/b5db143d-2136-4969-9b00-9e5487a85981/Output-Attributes.wev" autogeneratedOrigin="b7bf48d2-a098-4886-bbf7-6197e806f20c"><![CDATA[%dw 2.0

type auto_b5db143d_2136_4969_9b00_9e5487a85981_Output_Attributes = Null

]]></types:shape>
    </types:type>
    <types:type name="auto_b5db143d-2136-4969-9b00-9e5487a85981_Output-Variables-outboundHeaders" format="java">
      <types:shape format="weave" example="weave/autogenerated/b5db143d-2136-4969-9b00-9e5487a85981/Output-Variables-outboundHeaders.wev" autogeneratedOrigin="b7bf48d2-a098-4886-bbf7-6197e806f20c"><![CDATA[%dw 2.0

type auto_b5db143d_2136_4969_9b00_9e5487a85981_Output_Variables_outboundHeaders = {|  |}

]]></types:shape>
    </types:type>
    <types:type name="auto_b5db143d-2136-4969-9b00-9e5487a85981_Output-Variables-httpStatus" format="java">
      <types:shape format="raml" autogeneratedOrigin="b7bf48d2-a098-4886-bbf7-6197e806f20c"><![CDATA[#%RAML 1.0 DataType
type: string]]></types:shape>
    </types:type>
    <types:type name="auto_b5db143d-2136-4969-9b00-9e5487a85981_Output-Variables-body" format="java">
      <types:shape format="weave" example="weave/autogenerated/b5db143d-2136-4969-9b00-9e5487a85981/Output-Variables-body.wev" autogeneratedOrigin="b7bf48d2-a098-4886-bbf7-6197e806f20c"><![CDATA[%dw 2.0

type auto_b5db143d_2136_4969_9b00_9e5487a85981_Output_Variables_body = Any

]]></types:shape>
    </types:type>
    <types:type name="auto_b5db143d-2136-4969-9b00-9e5487a85981_Output-Variables-folderId" format="java">
      <types:shape format="raml" autogeneratedOrigin="b7bf48d2-a098-4886-bbf7-6197e806f20c"><![CDATA[#%RAML 1.0 DataType
type: string]]></types:shape>
    </types:type>
    <types:type name="auto_b5db143d-2136-4969-9b00-9e5487a85981_Output-Variables-contentDocIds" format="java">
      <types:shape format="weave" example="weave/autogenerated/b5db143d-2136-4969-9b00-9e5487a85981/Output-Variables-contentDocIds.wev" autogeneratedOrigin="b7bf48d2-a098-4886-bbf7-6197e806f20c"><![CDATA[%dw 2.0

type auto_b5db143d_2136_4969_9b00_9e5487a85981_Output_Variables_contentDocIds = Array<String>

]]></types:shape>
    </types:type>
    <types:type name="auto_e34eb914-78a5-42ad-854a-d7334aa25120_Input-Payload" format="java">
      <types:shape format="weave" example="weave/autogenerated/e34eb914-78a5-42ad-854a-d7334aa25120/Input-Payload.wev" autogeneratedOrigin="91fd8ff1-df3b-45c5-ad40-c94aa3e536a0"><![CDATA[%dw 2.0

type auto_e34eb914_78a5_42ad_854a_d7334aa25120_Input_Payload = Any

]]></types:shape>
    </types:type>
    <types:type name="auto_e34eb914-78a5-42ad-854a-d7334aa25120_Input-Attributes" format="java">
      <types:shape format="weave" example="weave/autogenerated/e34eb914-78a5-42ad-854a-d7334aa25120/Input-Attributes.wev" autogeneratedOrigin="91fd8ff1-df3b-45c5-ad40-c94aa3e536a0"><![CDATA[%dw 2.0

type auto_e34eb914_78a5_42ad_854a_d7334aa25120_Input_Attributes = {|
  clientCertificate?: {|
    publicKey?: {|  |}, 
    "type"?: String, 
    encoded?: Binary
  |}, 
  headers: {| "x-correlation-id": String |}, 
  listenerPath: String, 
  method: String, 
  queryParams: {| fileId: String |}, 
  queryString: String, 
  relativePath: String, 
  remoteAddress: String, 
  requestPath: String, 
  requestUri: String, 
  scheme: String, 
  uriParams: {|  |}, 
  version: String, 
  localAddress: String
|}

]]></types:shape>
    </types:type>
    <types:type name="auto_e34eb914-78a5-42ad-854a-d7334aa25120_Input-Variables-fileId" format="java">
      <types:shape format="raml" autogeneratedOrigin="91fd8ff1-df3b-45c5-ad40-c94aa3e536a0"><![CDATA[#%RAML 1.0 DataType
type: string]]></types:shape>
    </types:type>
    <types:type name="auto_e34eb914-78a5-42ad-854a-d7334aa25120_Input-Variables-outboundHeaders" format="java">
      <types:shape format="weave" example="weave/autogenerated/e34eb914-78a5-42ad-854a-d7334aa25120/Input-Variables-outboundHeaders.wev" autogeneratedOrigin="91fd8ff1-df3b-45c5-ad40-c94aa3e536a0"><![CDATA[%dw 2.0

type auto_e34eb914_78a5_42ad_854a_d7334aa25120_Input_Variables_outboundHeaders = {|  |}

]]></types:shape>
    </types:type>
    <types:type name="auto_e34eb914-78a5-42ad-854a-d7334aa25120_Input-Variables-httpStatus" format="java">
      <types:shape format="raml" autogeneratedOrigin="91fd8ff1-df3b-45c5-ad40-c94aa3e536a0"><![CDATA[#%RAML 1.0 DataType
type: string]]></types:shape>
    </types:type>
    <types:type name="auto_e34eb914-78a5-42ad-854a-d7334aa25120_Output-Payload" format="java">
      <types:shape format="weave" example="weave/autogenerated/e34eb914-78a5-42ad-854a-d7334aa25120/Output-Payload.wev" autogeneratedOrigin="91fd8ff1-df3b-45c5-ad40-c94aa3e536a0"><![CDATA[%dw 2.0

type auto_e34eb914_78a5_42ad_854a_d7334aa25120_Output_Payload = Any

]]></types:shape>
    </types:type>
    <types:type name="auto_e34eb914-78a5-42ad-854a-d7334aa25120_Output-Attributes" format="java">
      <types:shape format="weave" example="weave/autogenerated/e34eb914-78a5-42ad-854a-d7334aa25120/Output-Attributes.wev" autogeneratedOrigin="91fd8ff1-df3b-45c5-ad40-c94aa3e536a0"><![CDATA[%dw 2.0

type auto_e34eb914_78a5_42ad_854a_d7334aa25120_Output_Attributes = {|
  clientCertificate?: {|
    publicKey?: {|  |}, 
    "type"?: String, 
    encoded?: Binary
  |}, 
  headers: {| "x-correlation-id": String |}, 
  listenerPath: String, 
  method: String, 
  queryParams: {| fileId: String |}, 
  queryString: String, 
  relativePath: String, 
  remoteAddress: String, 
  requestPath: String, 
  requestUri: String, 
  scheme: String, 
  uriParams: {|  |}, 
  version: String, 
  localAddress: String
|}

]]></types:shape>
    </types:type>
    <types:type name="auto_e34eb914-78a5-42ad-854a-d7334aa25120_Output-Variables-fileId" format="java">
      <types:shape format="raml" autogeneratedOrigin="91fd8ff1-df3b-45c5-ad40-c94aa3e536a0"><![CDATA[#%RAML 1.0 DataType
type: string]]></types:shape>
    </types:type>
    <types:type name="auto_e34eb914-78a5-42ad-854a-d7334aa25120_Output-Variables-outboundHeaders" format="java">
      <types:shape format="weave" example="weave/autogenerated/e34eb914-78a5-42ad-854a-d7334aa25120/Output-Variables-outboundHeaders.wev" autogeneratedOrigin="91fd8ff1-df3b-45c5-ad40-c94aa3e536a0"><![CDATA[%dw 2.0

type auto_e34eb914_78a5_42ad_854a_d7334aa25120_Output_Variables_outboundHeaders = {|  |}

]]></types:shape>
    </types:type>
    <types:type name="auto_e34eb914-78a5-42ad-854a-d7334aa25120_Output-Variables-httpStatus" format="java">
      <types:shape format="raml" autogeneratedOrigin="91fd8ff1-df3b-45c5-ad40-c94aa3e536a0"><![CDATA[#%RAML 1.0 DataType
type: string]]></types:shape>
    </types:type>
    <types:type name="auto_a5f0b98e-4544-4a3c-8cb1-1221b073aa0c_Input-Payload" format="json">
      <types:shape format="weave" example="weave/autogenerated/a5f0b98e-4544-4a3c-8cb1-1221b073aa0c/Input-Payload.wev" autogeneratedOrigin="ff20b8cf-9dfc-4f33-9cc8-3afa87abcf2d"><![CDATA[%dw 2.0

type auto_a5f0b98e_4544_4a3c_8cb1_1221b073aa0c_Input_Payload = {
  fileName?: String, 
  data?: String, 
  size?: String, 
  fileExtension?: String, 
  attachmentComment?: String, 
  appId: String, 
  _?: Any
}

]]></types:shape>
    </types:type>
    <types:type name="auto_a5f0b98e-4544-4a3c-8cb1-1221b073aa0c_Input-Attributes" format="java">
      <types:shape format="weave" example="weave/autogenerated/a5f0b98e-4544-4a3c-8cb1-1221b073aa0c/Input-Attributes.wev" autogeneratedOrigin="ff20b8cf-9dfc-4f33-9cc8-3afa87abcf2d"><![CDATA[%dw 2.0

type auto_a5f0b98e_4544_4a3c_8cb1_1221b073aa0c_Input_Attributes = {|
  clientCertificate?: {|
    publicKey?: {|  |}, 
    "type"?: String, 
    encoded?: Binary
  |}, 
  headers: {|
    "x-correlation-id": String, 
    client_id: String, 
    client_secret: String
  |}, 
  listenerPath: String, 
  method: String, 
  queryParams: {|  |}, 
  queryString: String, 
  relativePath: String, 
  remoteAddress: String, 
  requestPath: String, 
  requestUri: String, 
  scheme: String, 
  uriParams: {|  |}, 
  version: String, 
  localAddress: String
|}

]]></types:shape>
    </types:type>
    <types:type name="auto_a5f0b98e-4544-4a3c-8cb1-1221b073aa0c_Output-Payload" format="json">
      <types:shape format="weave" example="weave/autogenerated/a5f0b98e-4544-4a3c-8cb1-1221b073aa0c/Output-Payload.wev" autogeneratedOrigin="ff20b8cf-9dfc-4f33-9cc8-3afa87abcf2d"><![CDATA[%dw 2.0

type auto_a5f0b98e_4544_4a3c_8cb1_1221b073aa0c_Output_Payload = Array<{  fileName?: String,   appId?: String,   fileURL?: String,   comment?: String,   folderId?: String,   _?: Any}>

]]></types:shape>
    </types:type>
    <types:type name="auto_a5f0b98e-4544-4a3c-8cb1-1221b073aa0c_Output-Attributes" format="java">
      <types:shape format="weave" example="weave/autogenerated/a5f0b98e-4544-4a3c-8cb1-1221b073aa0c/Output-Attributes.wev" autogeneratedOrigin="ff20b8cf-9dfc-4f33-9cc8-3afa87abcf2d"><![CDATA[%dw 2.0

type auto_a5f0b98e_4544_4a3c_8cb1_1221b073aa0c_Output_Attributes = {|
  clientCertificate?: {|
    publicKey?: {|  |}, 
    "type"?: String, 
    encoded?: Binary
  |}, 
  headers: {|
    "x-correlation-id": String, 
    client_id: String, 
    client_secret: String
  |}, 
  listenerPath: String, 
  method: String, 
  queryParams: {|  |}, 
  queryString: String, 
  relativePath: String, 
  remoteAddress: String, 
  requestPath: String, 
  requestUri: String, 
  scheme: String, 
  uriParams: {|  |}, 
  version: String, 
  localAddress: String
|}

]]></types:shape>
    </types:type>
    <types:type name="auto_a5f0b98e-4544-4a3c-8cb1-1221b073aa0c_Output-Variables-outboundHeaders" format="java">
      <types:shape format="weave" example="weave/autogenerated/a5f0b98e-4544-4a3c-8cb1-1221b073aa0c/Output-Variables-outboundHeaders.wev" autogeneratedOrigin="ff20b8cf-9dfc-4f33-9cc8-3afa87abcf2d"><![CDATA[%dw 2.0

type auto_a5f0b98e_4544_4a3c_8cb1_1221b073aa0c_Output_Variables_outboundHeaders = {|  |}

]]></types:shape>
    </types:type>
    <types:type name="auto_a5f0b98e-4544-4a3c-8cb1-1221b073aa0c_Output-Variables-httpStatus" format="java">
      <types:shape format="raml" autogeneratedOrigin="ff20b8cf-9dfc-4f33-9cc8-3afa87abcf2d"><![CDATA[#%RAML 1.0 DataType
type: string]]></types:shape>
    </types:type>
    <types:type name="auto_8940e641-f11f-4c41-9cb8-85792bd7061d_Input-Payload" format="java">
      <types:shape format="weave" example="weave/autogenerated/8940e641-f11f-4c41-9cb8-85792bd7061d/Input-Payload.wev" autogeneratedOrigin="47e99c3a-b74c-4fa1-8944-2ca4122d3e8a"><![CDATA[%dw 2.0

type auto_8940e641_f11f_4c41_9cb8_85792bd7061d_Input_Payload = Any

]]></types:shape>
    </types:type>
    <types:type name="auto_8940e641-f11f-4c41-9cb8-85792bd7061d_Input-Attributes" format="java">
      <types:shape format="weave" example="weave/autogenerated/8940e641-f11f-4c41-9cb8-85792bd7061d/Input-Attributes.wev" autogeneratedOrigin="47e99c3a-b74c-4fa1-8944-2ca4122d3e8a"><![CDATA[%dw 2.0

type auto_8940e641_f11f_4c41_9cb8_85792bd7061d_Input_Attributes = {|
  clientCertificate?: {|
    publicKey?: {|  |}, 
    "type"?: String, 
    encoded?: Binary
  |}, 
  headers: {|
    "x-correlation-id": String, 
    client_id: String, 
    client_secret: String
  |}, 
  listenerPath: String, 
  method: String, 
  queryParams: {|  |}, 
  queryString: String, 
  relativePath: String, 
  remoteAddress: String, 
  requestPath: String, 
  requestUri: String, 
  scheme: String, 
  uriParams: {|  |}, 
  version: String, 
  localAddress: String
|}

]]></types:shape>
    </types:type>
    <types:type name="auto_8940e641-f11f-4c41-9cb8-85792bd7061d_Input-Variables-outboundHeaders" format="java">
      <types:shape format="weave" example="weave/autogenerated/8940e641-f11f-4c41-9cb8-85792bd7061d/Input-Variables-outboundHeaders.wev" autogeneratedOrigin="47e99c3a-b74c-4fa1-8944-2ca4122d3e8a"><![CDATA[%dw 2.0

type auto_8940e641_f11f_4c41_9cb8_85792bd7061d_Input_Variables_outboundHeaders = {|  |}

]]></types:shape>
    </types:type>
    <types:type name="auto_8940e641-f11f-4c41-9cb8-85792bd7061d_Input-Variables-httpStatus" format="java">
      <types:shape format="raml" autogeneratedOrigin="47e99c3a-b74c-4fa1-8944-2ca4122d3e8a"><![CDATA[#%RAML 1.0 DataType
type: string]]></types:shape>
    </types:type>
    <types:type name="auto_8940e641-f11f-4c41-9cb8-85792bd7061d_Input-Variables-consolidatedPayload" format="json">
      <types:shape format="weave" example="weave/autogenerated/8940e641-f11f-4c41-9cb8-85792bd7061d/Input-Variables-consolidatedPayload.wev" autogeneratedOrigin="47e99c3a-b74c-4fa1-8944-2ca4122d3e8a"><![CDATA[%dw 2.0

type auto_8940e641_f11f_4c41_9cb8_85792bd7061d_Input_Variables_consolidatedPayload = Array<Nothing>

]]></types:shape>
    </types:type>
    <types:type name="auto_8940e641-f11f-4c41-9cb8-85792bd7061d_Input-Variables-body" format="java">
      <types:shape format="weave" example="weave/autogenerated/8940e641-f11f-4c41-9cb8-85792bd7061d/Input-Variables-body.wev" autogeneratedOrigin="47e99c3a-b74c-4fa1-8944-2ca4122d3e8a"><![CDATA[%dw 2.0

type auto_8940e641_f11f_4c41_9cb8_85792bd7061d_Input_Variables_body = Any

]]></types:shape>
    </types:type>
    <types:type name="auto_8940e641-f11f-4c41-9cb8-85792bd7061d_Input-Variables-folderId" format="java">
      <types:shape format="raml" autogeneratedOrigin="47e99c3a-b74c-4fa1-8944-2ca4122d3e8a"><![CDATA[#%RAML 1.0 DataType
type: string]]></types:shape>
    </types:type>
    <types:type name="auto_8940e641-f11f-4c41-9cb8-85792bd7061d_Input-Variables-contentDocIds" format="java">
      <types:shape format="weave" example="weave/autogenerated/8940e641-f11f-4c41-9cb8-85792bd7061d/Input-Variables-contentDocIds.wev" autogeneratedOrigin="47e99c3a-b74c-4fa1-8944-2ca4122d3e8a"><![CDATA[%dw 2.0

type auto_8940e641_f11f_4c41_9cb8_85792bd7061d_Input_Variables_contentDocIds = Array<String>

]]></types:shape>
    </types:type>
    <types:type name="auto_8940e641-f11f-4c41-9cb8-85792bd7061d_Output-Payload" format="java">
      <types:shape format="weave" example="weave/autogenerated/8940e641-f11f-4c41-9cb8-85792bd7061d/Output-Payload.wev" autogeneratedOrigin="47e99c3a-b74c-4fa1-8944-2ca4122d3e8a"><![CDATA[%dw 2.0

type auto_8940e641_f11f_4c41_9cb8_85792bd7061d_Output_Payload = Any

]]></types:shape>
    </types:type>
    <types:type name="auto_8940e641-f11f-4c41-9cb8-85792bd7061d_Output-Attributes" format="java">
      <types:shape format="weave" example="weave/autogenerated/8940e641-f11f-4c41-9cb8-85792bd7061d/Output-Attributes.wev" autogeneratedOrigin="47e99c3a-b74c-4fa1-8944-2ca4122d3e8a"><![CDATA[%dw 2.0

type auto_8940e641_f11f_4c41_9cb8_85792bd7061d_Output_Attributes = Null

]]></types:shape>
    </types:type>
    <types:type name="auto_8940e641-f11f-4c41-9cb8-85792bd7061d_Output-Variables-outboundHeaders" format="java">
      <types:shape format="weave" example="weave/autogenerated/8940e641-f11f-4c41-9cb8-85792bd7061d/Output-Variables-outboundHeaders.wev" autogeneratedOrigin="47e99c3a-b74c-4fa1-8944-2ca4122d3e8a"><![CDATA[%dw 2.0

type auto_8940e641_f11f_4c41_9cb8_85792bd7061d_Output_Variables_outboundHeaders = {|  |}

]]></types:shape>
    </types:type>
    <types:type name="auto_8940e641-f11f-4c41-9cb8-85792bd7061d_Output-Variables-httpStatus" format="java">
      <types:shape format="raml" autogeneratedOrigin="47e99c3a-b74c-4fa1-8944-2ca4122d3e8a"><![CDATA[#%RAML 1.0 DataType
type: string]]></types:shape>
    </types:type>
    <types:type name="auto_8940e641-f11f-4c41-9cb8-85792bd7061d_Output-Variables-consolidatedPayload" format="json">
      <types:shape format="weave" example="weave/autogenerated/8940e641-f11f-4c41-9cb8-85792bd7061d/Output-Variables-consolidatedPayload.wev" autogeneratedOrigin="47e99c3a-b74c-4fa1-8944-2ca4122d3e8a"><![CDATA[%dw 2.0

type auto_8940e641_f11f_4c41_9cb8_85792bd7061d_Output_Variables_consolidatedPayload = Array<Nothing>

]]></types:shape>
    </types:type>
    <types:type name="auto_8940e641-f11f-4c41-9cb8-85792bd7061d_Output-Variables-body" format="java">
      <types:shape format="weave" example="weave/autogenerated/8940e641-f11f-4c41-9cb8-85792bd7061d/Output-Variables-body.wev" autogeneratedOrigin="47e99c3a-b74c-4fa1-8944-2ca4122d3e8a"><![CDATA[%dw 2.0

type auto_8940e641_f11f_4c41_9cb8_85792bd7061d_Output_Variables_body = Any

]]></types:shape>
    </types:type>
    <types:type name="auto_8940e641-f11f-4c41-9cb8-85792bd7061d_Output-Variables-folderId" format="java">
      <types:shape format="raml" autogeneratedOrigin="47e99c3a-b74c-4fa1-8944-2ca4122d3e8a"><![CDATA[#%RAML 1.0 DataType
type: string]]></types:shape>
    </types:type>
    <types:type name="auto_8940e641-f11f-4c41-9cb8-85792bd7061d_Output-Variables-contentDocIds" format="java">
      <types:shape format="weave" example="weave/autogenerated/8940e641-f11f-4c41-9cb8-85792bd7061d/Output-Variables-contentDocIds.wev" autogeneratedOrigin="47e99c3a-b74c-4fa1-8944-2ca4122d3e8a"><![CDATA[%dw 2.0

type auto_8940e641_f11f_4c41_9cb8_85792bd7061d_Output_Variables_contentDocIds = Array<String>

]]></types:shape>
    </types:type>
    <types:type name="auto_6a47c695-ffc7-47b3-aae5-619c7371cc50_Input-Payload" format="json">
      <types:shape format="weave" example="weave/autogenerated/6a47c695-ffc7-47b3-aae5-619c7371cc50/Input-Payload.wev" autogeneratedOrigin="ae942f37-0eaa-43be-9d91-66909521594c"><![CDATA[%dw 2.0

type auto_6a47c695_ffc7_47b3_aae5_619c7371cc50_Input_Payload = {|
  nacis: String, 
  city: String, 
  country: String, 
  countryCode: String, 
  geocodeAccuracy: String, 
  latitude: String, 
  longitude: String, 
  postalCode: String, 
  state: String, 
  stateCode: String, 
  street: String
|}

]]></types:shape>
    </types:type>
    <types:type name="auto_6a47c695-ffc7-47b3-aae5-619c7371cc50_Input-Attributes" format="java">
      <types:shape format="weave" example="weave/autogenerated/6a47c695-ffc7-47b3-aae5-619c7371cc50/Input-Attributes.wev" autogeneratedOrigin="ae942f37-0eaa-43be-9d91-66909521594c"><![CDATA[%dw 2.0

type auto_6a47c695_ffc7_47b3_aae5_619c7371cc50_Input_Attributes = {|
  clientCertificate?: {|
    publicKey?: {|  |}, 
    "type"?: String, 
    encoded?: Binary
  |}, 
  headers: {|
    "x-correlation-id": String, 
    client_id: String, 
    client_secret: String
  |}, 
  listenerPath: String, 
  method: String, 
  queryParams: {|  |}, 
  queryString: String, 
  relativePath: String, 
  remoteAddress: String, 
  requestPath: String, 
  requestUri: String, 
  scheme: String, 
  uriParams: {|  |}, 
  version: String, 
  localAddress: String
|}

]]></types:shape>
    </types:type>
    <types:type name="auto_6a47c695-ffc7-47b3-aae5-619c7371cc50_Input-Variables-outboundHeaders" format="java">
      <types:shape format="weave" example="weave/autogenerated/6a47c695-ffc7-47b3-aae5-619c7371cc50/Input-Variables-outboundHeaders.wev" autogeneratedOrigin="ae942f37-0eaa-43be-9d91-66909521594c"><![CDATA[%dw 2.0

type auto_6a47c695_ffc7_47b3_aae5_619c7371cc50_Input_Variables_outboundHeaders = {|  |}

]]></types:shape>
    </types:type>
    <types:type name="auto_6a47c695-ffc7-47b3-aae5-619c7371cc50_Input-Variables-httpStatus" format="java">
      <types:shape format="raml" autogeneratedOrigin="ae942f37-0eaa-43be-9d91-66909521594c"><![CDATA[#%RAML 1.0 DataType
type: string]]></types:shape>
    </types:type>
    <types:type name="auto_6a47c695-ffc7-47b3-aae5-619c7371cc50_Output-Payload" format="json">
      <types:shape format="weave" example="weave/autogenerated/6a47c695-ffc7-47b3-aae5-619c7371cc50/Output-Payload.wev" autogeneratedOrigin="ae942f37-0eaa-43be-9d91-66909521594c"><![CDATA[%dw 2.0

type auto_6a47c695_ffc7_47b3_aae5_619c7371cc50_Output_Payload = {
  nacis?: String, 
  country?: String, 
  city?: String, 
  countryCode?: String, 
  street?: String, 
  latitude?: String, 
  postalCode?: String, 
  geocodeAccuracy?: String, 
  stateCode?: String, 
  state?: String, 
  longitude?: String, 
  _?: Any
}

]]></types:shape>
    </types:type>
    <types:type name="auto_6a47c695-ffc7-47b3-aae5-619c7371cc50_Output-Attributes" format="java">
      <types:shape format="weave" example="weave/autogenerated/6a47c695-ffc7-47b3-aae5-619c7371cc50/Output-Attributes.wev" autogeneratedOrigin="ae942f37-0eaa-43be-9d91-66909521594c"><![CDATA[%dw 2.0

type auto_6a47c695_ffc7_47b3_aae5_619c7371cc50_Output_Attributes = {|
  clientCertificate?: {|
    publicKey?: {|  |}, 
    "type"?: String, 
    encoded?: Binary
  |}, 
  headers: {|
    "x-correlation-id": String, 
    client_id: String, 
    client_secret: String
  |}, 
  listenerPath: String, 
  method: String, 
  queryParams: {|  |}, 
  queryString: String, 
  relativePath: String, 
  remoteAddress: String, 
  requestPath: String, 
  requestUri: String, 
  scheme: String, 
  uriParams: {|  |}, 
  version: String, 
  localAddress: String
|}

]]></types:shape>
    </types:type>
    <types:type name="auto_6a47c695-ffc7-47b3-aae5-619c7371cc50_Output-Variables-body" format="java">
      <types:shape format="weave" example="weave/autogenerated/6a47c695-ffc7-47b3-aae5-619c7371cc50/Output-Variables-body.wev" autogeneratedOrigin="ae942f37-0eaa-43be-9d91-66909521594c"><![CDATA[%dw 2.0

type auto_6a47c695_ffc7_47b3_aae5_619c7371cc50_Output_Variables_body = Any

]]></types:shape>
    </types:type>
    <types:type name="auto_6a47c695-ffc7-47b3-aae5-619c7371cc50_Output-Variables-outboundHeaders" format="java">
      <types:shape format="weave" example="weave/autogenerated/6a47c695-ffc7-47b3-aae5-619c7371cc50/Output-Variables-outboundHeaders.wev" autogeneratedOrigin="ae942f37-0eaa-43be-9d91-66909521594c"><![CDATA[%dw 2.0

type auto_6a47c695_ffc7_47b3_aae5_619c7371cc50_Output_Variables_outboundHeaders = {|  |}

]]></types:shape>
    </types:type>
    <types:type name="auto_6a47c695-ffc7-47b3-aae5-619c7371cc50_Output-Variables-httpStatus" format="java">
      <types:shape format="raml" autogeneratedOrigin="ae942f37-0eaa-43be-9d91-66909521594c"><![CDATA[#%RAML 1.0 DataType
type: string]]></types:shape>
    </types:type>
  </types:catalog>
  <types:enrichment select="#d988ae2c-0833-41e1-a616-19215c563e78">
    <types:processor-declaration>
      <types:input-event>
        <types:message>
          <types:payload type="auto_d988ae2c-0833-41e1-a616-19215c563e78_Input-Payload"/>
          <types:attributes type="auto_d988ae2c-0833-41e1-a616-19215c563e78_Input-Attributes"/>
        </types:message>
        <types:variables>
          <types:variable name="outboundHeaders" type="auto_d988ae2c-0833-41e1-a616-19215c563e78_Input-Variables-outboundHeaders"/>
          <types:variable name="rootMessage" type="auto_d988ae2c-0833-41e1-a616-19215c563e78_Input-Variables-rootMessage"/>
          <types:variable name="appId" type="auto_d988ae2c-0833-41e1-a616-19215c563e78_Input-Variables-appId"/>
          <types:variable name="httpStatus" type="auto_d988ae2c-0833-41e1-a616-19215c563e78_Input-Variables-httpStatus"/>
          <types:variable name="counter" type="auto_d988ae2c-0833-41e1-a616-19215c563e78_Input-Variables-counter"/>
          <types:variable name="contentDocIds" type="auto_d988ae2c-0833-41e1-a616-19215c563e78_Input-Variables-contentDocIds"/>
        </types:variables>
      </types:input-event>
      <types:output-event>
        <types:message>
          <types:payload type="auto_d988ae2c-0833-41e1-a616-19215c563e78_Output-Payload"/>
          <types:attributes type="auto_d988ae2c-0833-41e1-a616-19215c563e78_Output-Attributes"/>
        </types:message>
        <types:variables>
          <types:variable name="outboundHeaders" type="auto_d988ae2c-0833-41e1-a616-19215c563e78_Output-Variables-outboundHeaders"/>
          <types:variable name="temp" type="auto_d988ae2c-0833-41e1-a616-19215c563e78_Output-Variables-temp"/>
          <types:variable name="rootMessage" type="auto_d988ae2c-0833-41e1-a616-19215c563e78_Output-Variables-rootMessage"/>
          <types:variable name="appId" type="auto_d988ae2c-0833-41e1-a616-19215c563e78_Output-Variables-appId"/>
          <types:variable name="httpStatus" type="auto_d988ae2c-0833-41e1-a616-19215c563e78_Output-Variables-httpStatus"/>
          <types:variable name="sfId" type="auto_d988ae2c-0833-41e1-a616-19215c563e78_Output-Variables-sfId"/>
          <types:variable name="counter" type="auto_d988ae2c-0833-41e1-a616-19215c563e78_Output-Variables-counter"/>
          <types:variable name="contentDocIds" type="auto_d988ae2c-0833-41e1-a616-19215c563e78_Output-Variables-contentDocIds"/>
        </types:variables>
      </types:output-event>
    </types:processor-declaration>
  </types:enrichment>
  <types:enrichment select="#c256d1c5-c4fc-405a-a930-c29f8ff67a1e">
    <types:processor-declaration>
      <types:input-event>
        <types:message>
          <types:payload type="auto_c256d1c5-c4fc-405a-a930-c29f8ff67a1e_Input-Payload"/>
          <types:attributes type="auto_c256d1c5-c4fc-405a-a930-c29f8ff67a1e_Input-Attributes"/>
        </types:message>
      </types:input-event>
      <types:output-event>
        <types:message>
          <types:payload type="auto_c256d1c5-c4fc-405a-a930-c29f8ff67a1e_Output-Payload"/>
          <types:attributes type="auto_c256d1c5-c4fc-405a-a930-c29f8ff67a1e_Output-Attributes"/>
        </types:message>
        <types:variables>
          <types:variable name="settingRequiredHeaders" type="auto_c256d1c5-c4fc-405a-a930-c29f8ff67a1e_Output-Variables-settingRequiredHeaders"/>
        </types:variables>
      </types:output-event>
    </types:processor-declaration>
  </types:enrichment>
  <types:enrichment select="#d33a46dd-4adc-4d9e-947e-d2b6f89ac519">
    <types:processor-declaration>
      <types:input-event>
        <types:message>
          <types:payload type="auto_d33a46dd-4adc-4d9e-947e-d2b6f89ac519_Input-Payload"/>
          <types:attributes type="auto_d33a46dd-4adc-4d9e-947e-d2b6f89ac519_Input-Attributes"/>
        </types:message>
        <types:variables>
          <types:variable name="outboundHeaders" type="auto_d33a46dd-4adc-4d9e-947e-d2b6f89ac519_Input-Variables-outboundHeaders"/>
          <types:variable name="httpStatus" type="auto_d33a46dd-4adc-4d9e-947e-d2b6f89ac519_Input-Variables-httpStatus"/>
          <types:variable name="folderId" type="auto_d33a46dd-4adc-4d9e-947e-d2b6f89ac519_Input-Variables-folderId"/>
          <types:variable name="contentDocIds" type="auto_d33a46dd-4adc-4d9e-947e-d2b6f89ac519_Input-Variables-contentDocIds"/>
        </types:variables>
      </types:input-event>
      <types:output-event>
        <types:message>
          <types:payload type="auto_d33a46dd-4adc-4d9e-947e-d2b6f89ac519_Output-Payload"/>
          <types:attributes type="auto_d33a46dd-4adc-4d9e-947e-d2b6f89ac519_Output-Attributes"/>
        </types:message>
        <types:variables>
          <types:variable name="outboundHeaders" type="auto_d33a46dd-4adc-4d9e-947e-d2b6f89ac519_Output-Variables-outboundHeaders"/>
          <types:variable name="httpStatus" type="auto_d33a46dd-4adc-4d9e-947e-d2b6f89ac519_Output-Variables-httpStatus"/>
          <types:variable name="folderId" type="auto_d33a46dd-4adc-4d9e-947e-d2b6f89ac519_Output-Variables-folderId"/>
          <types:variable name="contentDocIds" type="auto_d33a46dd-4adc-4d9e-947e-d2b6f89ac519_Output-Variables-contentDocIds"/>
        </types:variables>
      </types:output-event>
    </types:processor-declaration>
  </types:enrichment>
  <types:enrichment select="#72a2380e-96c0-4079-9bba-e3b6553fbf32">
    <types:processor-declaration>
      <types:input-event>
        <types:message>
          <types:payload type="auto_72a2380e-96c0-4079-9bba-e3b6553fbf32_Input-Payload"/>
          <types:attributes type="auto_72a2380e-96c0-4079-9bba-e3b6553fbf32_Input-Attributes"/>
        </types:message>
        <types:variables>
          <types:variable name="outboundHeaders" type="auto_72a2380e-96c0-4079-9bba-e3b6553fbf32_Input-Variables-outboundHeaders"/>
          <types:variable name="httpStatus" type="auto_72a2380e-96c0-4079-9bba-e3b6553fbf32_Input-Variables-httpStatus"/>
          <types:variable name="folderId" type="auto_72a2380e-96c0-4079-9bba-e3b6553fbf32_Input-Variables-folderId"/>
          <types:variable name="contentDocIds" type="auto_72a2380e-96c0-4079-9bba-e3b6553fbf32_Input-Variables-contentDocIds"/>
        </types:variables>
      </types:input-event>
      <types:output-event>
        <types:message>
          <types:payload type="auto_72a2380e-96c0-4079-9bba-e3b6553fbf32_Output-Payload"/>
          <types:attributes type="auto_72a2380e-96c0-4079-9bba-e3b6553fbf32_Output-Attributes"/>
        </types:message>
        <types:variables>
          <types:variable name="outboundHeaders" type="auto_72a2380e-96c0-4079-9bba-e3b6553fbf32_Output-Variables-outboundHeaders"/>
          <types:variable name="httpStatus" type="auto_72a2380e-96c0-4079-9bba-e3b6553fbf32_Output-Variables-httpStatus"/>
          <types:variable name="body" type="auto_72a2380e-96c0-4079-9bba-e3b6553fbf32_Output-Variables-body"/>
          <types:variable name="folderId" type="auto_72a2380e-96c0-4079-9bba-e3b6553fbf32_Output-Variables-folderId"/>
          <types:variable name="contentDocIds" type="auto_72a2380e-96c0-4079-9bba-e3b6553fbf32_Output-Variables-contentDocIds"/>
        </types:variables>
      </types:output-event>
    </types:processor-declaration>
  </types:enrichment>
  <types:enrichment select="#64e0b2db-be24-47ee-8ad6-fa52c0fc32dc">
    <types:processor-declaration>
      <types:input-event>
        <types:message>
          <types:payload type="auto_64e0b2db-be24-47ee-8ad6-fa52c0fc32dc_Input-Payload"/>
          <types:attributes type="auto_64e0b2db-be24-47ee-8ad6-fa52c0fc32dc_Input-Attributes"/>
        </types:message>
        <types:variables>
          <types:variable name="outboundHeaders" type="auto_64e0b2db-be24-47ee-8ad6-fa52c0fc32dc_Input-Variables-outboundHeaders"/>
          <types:variable name="httpStatus" type="auto_64e0b2db-be24-47ee-8ad6-fa52c0fc32dc_Input-Variables-httpStatus"/>
          <types:variable name="folderId" type="auto_64e0b2db-be24-47ee-8ad6-fa52c0fc32dc_Input-Variables-folderId"/>
          <types:variable name="contentDocIds" type="auto_64e0b2db-be24-47ee-8ad6-fa52c0fc32dc_Input-Variables-contentDocIds"/>
        </types:variables>
      </types:input-event>
      <types:output-event>
        <types:message>
          <types:payload type="auto_64e0b2db-be24-47ee-8ad6-fa52c0fc32dc_Output-Payload"/>
          <types:attributes type="auto_64e0b2db-be24-47ee-8ad6-fa52c0fc32dc_Output-Attributes"/>
        </types:message>
        <types:variables>
          <types:variable name="outboundHeaders" type="auto_64e0b2db-be24-47ee-8ad6-fa52c0fc32dc_Output-Variables-outboundHeaders"/>
          <types:variable name="httpStatus" type="auto_64e0b2db-be24-47ee-8ad6-fa52c0fc32dc_Output-Variables-httpStatus"/>
          <types:variable name="folderId" type="auto_64e0b2db-be24-47ee-8ad6-fa52c0fc32dc_Output-Variables-folderId"/>
          <types:variable name="contentDocIds" type="auto_64e0b2db-be24-47ee-8ad6-fa52c0fc32dc_Output-Variables-contentDocIds"/>
        </types:variables>
      </types:output-event>
    </types:processor-declaration>
  </types:enrichment>
  <types:enrichment select="#3b18200a-72de-4e78-9c82-91926e640a4b">
    <types:processor-declaration>
      <types:input-event>
        <types:message>
          <types:payload type="auto_3b18200a-72de-4e78-9c82-91926e640a4b_Input-Payload"/>
          <types:attributes type="auto_3b18200a-72de-4e78-9c82-91926e640a4b_Input-Attributes"/>
        </types:message>
        <types:variables>
          <types:variable name="outboundHeaders" type="auto_3b18200a-72de-4e78-9c82-91926e640a4b_Input-Variables-outboundHeaders"/>
          <types:variable name="rootMessage" type="auto_3b18200a-72de-4e78-9c82-91926e640a4b_Input-Variables-rootMessage"/>
          <types:variable name="docId" type="auto_3b18200a-72de-4e78-9c82-91926e640a4b_Input-Variables-docId"/>
          <types:variable name="httpStatus" type="auto_3b18200a-72de-4e78-9c82-91926e640a4b_Input-Variables-httpStatus"/>
          <types:variable name="sfId" type="auto_3b18200a-72de-4e78-9c82-91926e640a4b_Input-Variables-sfId"/>
          <types:variable name="counter" type="auto_3b18200a-72de-4e78-9c82-91926e640a4b_Input-Variables-counter"/>
          <types:variable name="body" type="auto_3b18200a-72de-4e78-9c82-91926e640a4b_Input-Variables-body"/>
          <types:variable name="folderId" type="auto_3b18200a-72de-4e78-9c82-91926e640a4b_Input-Variables-folderId"/>
          <types:variable name="contentDocIds" type="auto_3b18200a-72de-4e78-9c82-91926e640a4b_Input-Variables-contentDocIds"/>
        </types:variables>
      </types:input-event>
      <types:output-event>
        <types:message>
          <types:payload type="auto_3b18200a-72de-4e78-9c82-91926e640a4b_Output-Payload"/>
          <types:attributes type="auto_3b18200a-72de-4e78-9c82-91926e640a4b_Output-Attributes"/>
        </types:message>
        <types:variables>
          <types:variable name="outboundHeaders" type="auto_3b18200a-72de-4e78-9c82-91926e640a4b_Output-Variables-outboundHeaders"/>
          <types:variable name="rootMessage" type="auto_3b18200a-72de-4e78-9c82-91926e640a4b_Output-Variables-rootMessage"/>
          <types:variable name="docId" type="auto_3b18200a-72de-4e78-9c82-91926e640a4b_Output-Variables-docId"/>
          <types:variable name="httpStatus" type="auto_3b18200a-72de-4e78-9c82-91926e640a4b_Output-Variables-httpStatus"/>
          <types:variable name="sfId" type="auto_3b18200a-72de-4e78-9c82-91926e640a4b_Output-Variables-sfId"/>
          <types:variable name="counter" type="auto_3b18200a-72de-4e78-9c82-91926e640a4b_Output-Variables-counter"/>
          <types:variable name="body" type="auto_3b18200a-72de-4e78-9c82-91926e640a4b_Output-Variables-body"/>
          <types:variable name="folderId" type="auto_3b18200a-72de-4e78-9c82-91926e640a4b_Output-Variables-folderId"/>
          <types:variable name="contentDocIds" type="auto_3b18200a-72de-4e78-9c82-91926e640a4b_Output-Variables-contentDocIds"/>
        </types:variables>
      </types:output-event>
    </types:processor-declaration>
  </types:enrichment>
  <types:enrichment select="#b5db143d-2136-4969-9b00-9e5487a85981">
    <types:processor-declaration>
      <types:input-event>
        <types:message>
          <types:payload type="auto_b5db143d-2136-4969-9b00-9e5487a85981_Input-Payload"/>
          <types:attributes type="auto_b5db143d-2136-4969-9b00-9e5487a85981_Input-Attributes"/>
        </types:message>
      </types:input-event>
      <types:output-event>
        <types:message>
          <types:payload type="auto_b5db143d-2136-4969-9b00-9e5487a85981_Output-Payload"/>
          <types:attributes type="auto_b5db143d-2136-4969-9b00-9e5487a85981_Output-Attributes"/>
        </types:message>
        <types:variables>
          <types:variable name="outboundHeaders" type="auto_b5db143d-2136-4969-9b00-9e5487a85981_Output-Variables-outboundHeaders"/>
          <types:variable name="httpStatus" type="auto_b5db143d-2136-4969-9b00-9e5487a85981_Output-Variables-httpStatus"/>
          <types:variable name="body" type="auto_b5db143d-2136-4969-9b00-9e5487a85981_Output-Variables-body"/>
          <types:variable name="folderId" type="auto_b5db143d-2136-4969-9b00-9e5487a85981_Output-Variables-folderId"/>
          <types:variable name="contentDocIds" type="auto_b5db143d-2136-4969-9b00-9e5487a85981_Output-Variables-contentDocIds"/>
        </types:variables>
      </types:output-event>
    </types:processor-declaration>
  </types:enrichment>
  <types:enrichment select="#3b4d426c-922b-479c-acce-e4c0df9f2f41"/>
  <types:enrichment select="#e34eb914-78a5-42ad-854a-d7334aa25120">
    <types:processor-declaration>
      <types:input-event>
        <types:message>
          <types:payload type="auto_e34eb914-78a5-42ad-854a-d7334aa25120_Input-Payload"/>
          <types:attributes type="auto_e34eb914-78a5-42ad-854a-d7334aa25120_Input-Attributes"/>
        </types:message>
        <types:variables>
          <types:variable name="outboundHeaders" type="auto_e34eb914-78a5-42ad-854a-d7334aa25120_Input-Variables-outboundHeaders"/>
          <types:variable name="httpStatus" type="auto_e34eb914-78a5-42ad-854a-d7334aa25120_Input-Variables-httpStatus"/>
          <types:variable name="fileId" type="auto_e34eb914-78a5-42ad-854a-d7334aa25120_Input-Variables-fileId"/>
        </types:variables>
      </types:input-event>
      <types:output-event>
        <types:message>
          <types:payload type="auto_e34eb914-78a5-42ad-854a-d7334aa25120_Output-Payload"/>
          <types:attributes type="auto_e34eb914-78a5-42ad-854a-d7334aa25120_Output-Attributes"/>
        </types:message>
        <types:variables>
          <types:variable name="outboundHeaders" type="auto_e34eb914-78a5-42ad-854a-d7334aa25120_Output-Variables-outboundHeaders"/>
          <types:variable name="httpStatus" type="auto_e34eb914-78a5-42ad-854a-d7334aa25120_Output-Variables-httpStatus"/>
          <types:variable name="fileId" type="auto_e34eb914-78a5-42ad-854a-d7334aa25120_Output-Variables-fileId"/>
        </types:variables>
      </types:output-event>
    </types:processor-declaration>
  </types:enrichment>
  <types:enrichment select="#a5f0b98e-4544-4a3c-8cb1-1221b073aa0c">
    <types:processor-declaration>
      <types:input-event>
        <types:message>
          <types:payload type="auto_a5f0b98e-4544-4a3c-8cb1-1221b073aa0c_Input-Payload"/>
          <types:attributes type="auto_a5f0b98e-4544-4a3c-8cb1-1221b073aa0c_Input-Attributes"/>
        </types:message>
      </types:input-event>
      <types:output-event>
        <types:message>
          <types:payload type="auto_a5f0b98e-4544-4a3c-8cb1-1221b073aa0c_Output-Payload"/>
          <types:attributes type="auto_a5f0b98e-4544-4a3c-8cb1-1221b073aa0c_Output-Attributes"/>
        </types:message>
        <types:variables>
          <types:variable name="outboundHeaders" type="auto_a5f0b98e-4544-4a3c-8cb1-1221b073aa0c_Output-Variables-outboundHeaders"/>
          <types:variable name="httpStatus" type="auto_a5f0b98e-4544-4a3c-8cb1-1221b073aa0c_Output-Variables-httpStatus"/>
        </types:variables>
      </types:output-event>
    </types:processor-declaration>
  </types:enrichment>
  <types:enrichment select="#8940e641-f11f-4c41-9cb8-85792bd7061d">
    <types:processor-declaration>
      <types:input-event>
        <types:message>
          <types:payload type="auto_8940e641-f11f-4c41-9cb8-85792bd7061d_Input-Payload"/>
          <types:attributes type="auto_8940e641-f11f-4c41-9cb8-85792bd7061d_Input-Attributes"/>
        </types:message>
        <types:variables>
          <types:variable name="outboundHeaders" type="auto_8940e641-f11f-4c41-9cb8-85792bd7061d_Input-Variables-outboundHeaders"/>
          <types:variable name="httpStatus" type="auto_8940e641-f11f-4c41-9cb8-85792bd7061d_Input-Variables-httpStatus"/>
          <types:variable name="consolidatedPayload" type="auto_8940e641-f11f-4c41-9cb8-85792bd7061d_Input-Variables-consolidatedPayload"/>
          <types:variable name="body" type="auto_8940e641-f11f-4c41-9cb8-85792bd7061d_Input-Variables-body"/>
          <types:variable name="folderId" type="auto_8940e641-f11f-4c41-9cb8-85792bd7061d_Input-Variables-folderId"/>
          <types:variable name="contentDocIds" type="auto_8940e641-f11f-4c41-9cb8-85792bd7061d_Input-Variables-contentDocIds"/>
        </types:variables>
      </types:input-event>
      <types:output-event>
        <types:message>
          <types:payload type="auto_8940e641-f11f-4c41-9cb8-85792bd7061d_Output-Payload"/>
          <types:attributes type="auto_8940e641-f11f-4c41-9cb8-85792bd7061d_Output-Attributes"/>
        </types:message>
        <types:variables>
          <types:variable name="outboundHeaders" type="auto_8940e641-f11f-4c41-9cb8-85792bd7061d_Output-Variables-outboundHeaders"/>
          <types:variable name="httpStatus" type="auto_8940e641-f11f-4c41-9cb8-85792bd7061d_Output-Variables-httpStatus"/>
          <types:variable name="consolidatedPayload" type="auto_8940e641-f11f-4c41-9cb8-85792bd7061d_Output-Variables-consolidatedPayload"/>
          <types:variable name="body" type="auto_8940e641-f11f-4c41-9cb8-85792bd7061d_Output-Variables-body"/>
          <types:variable name="folderId" type="auto_8940e641-f11f-4c41-9cb8-85792bd7061d_Output-Variables-folderId"/>
          <types:variable name="contentDocIds" type="auto_8940e641-f11f-4c41-9cb8-85792bd7061d_Output-Variables-contentDocIds"/>
        </types:variables>
      </types:output-event>
    </types:processor-declaration>
  </types:enrichment>
  <types:enrichment select="#6a47c695-ffc7-47b3-aae5-619c7371cc50">
    <types:processor-declaration>
      <types:input-event>
        <types:message>
          <types:payload type="auto_6a47c695-ffc7-47b3-aae5-619c7371cc50_Input-Payload"/>
          <types:attributes type="auto_6a47c695-ffc7-47b3-aae5-619c7371cc50_Input-Attributes"/>
        </types:message>
        <types:variables>
          <types:variable name="outboundHeaders" type="auto_6a47c695-ffc7-47b3-aae5-619c7371cc50_Input-Variables-outboundHeaders"/>
          <types:variable name="httpStatus" type="auto_6a47c695-ffc7-47b3-aae5-619c7371cc50_Input-Variables-httpStatus"/>
        </types:variables>
      </types:input-event>
      <types:output-event>
        <types:message>
          <types:payload type="auto_6a47c695-ffc7-47b3-aae5-619c7371cc50_Output-Payload"/>
          <types:attributes type="auto_6a47c695-ffc7-47b3-aae5-619c7371cc50_Output-Attributes"/>
        </types:message>
        <types:variables>
          <types:variable name="outboundHeaders" type="auto_6a47c695-ffc7-47b3-aae5-619c7371cc50_Output-Variables-outboundHeaders"/>
          <types:variable name="httpStatus" type="auto_6a47c695-ffc7-47b3-aae5-619c7371cc50_Output-Variables-httpStatus"/>
          <types:variable name="body" type="auto_6a47c695-ffc7-47b3-aae5-619c7371cc50_Output-Variables-body"/>
        </types:variables>
      </types:output-event>
    </types:processor-declaration>
  </types:enrichment>
</types:mule>