<?xml version="1.0" encoding="UTF-8"?>

<mule xmlns:ee="http://www.mulesoft.org/schema/mule/ee/core" xmlns:http="http://www.mulesoft.org/schema/mule/http"
	xmlns:salesforce="http://www.mulesoft.org/schema/mule/salesforce"
	xmlns="http://www.mulesoft.org/schema/mule/core" xmlns:doc="http://www.mulesoft.org/schema/mule/documentation" xmlns:xsi="http://www.w3.org/2001/XMLSchema-instance" xsi:schemaLocation="http://www.mulesoft.org/schema/mule/core http://www.mulesoft.org/schema/mule/core/current/mule.xsd
http://www.mulesoft.org/schema/mule/salesforce http://www.mulesoft.org/schema/mule/salesforce/current/mule-salesforce.xsd
http://www.mulesoft.org/schema/mule/http http://www.mulesoft.org/schema/mule/http/current/mule-http.xsd
http://www.mulesoft.org/schema/mule/ee/core http://www.mulesoft.org/schema/mule/ee/core/current/mule-ee.xsd">
	<flow name="getContentDocumentIdsFlow-old" doc:id="64e0b2db-be24-47ee-8ad6-fa52c0fc32dc" >
		<salesforce:query doc:name="Query" doc:id="1f6b5747-3983-4a3d-a2ea-784d92775bc2" config-ref="salesforce-config-oauth-username-password">
			<salesforce:salesforce-query ><![CDATA[SELECT ContentDocumentId,Id,LinkedEntityId FROM ContentDocumentLink WHERE LinkedEntityId=':businessLicenseApplicationId']]></salesforce:salesforce-query>
			<salesforce:parameters ><![CDATA[#[output application/java
---
{
	"businessLicenseApplicationId" : vars.appId
}]]]></salesforce:parameters>
		</salesforce:query>
		<ee:transform doc:name="set var contentDocIds" doc:id="e2ed84fc-7c9e-45fa-b99a-508a62860ed8" >
			<ee:message >
			</ee:message>
			<ee:variables >
				<ee:set-variable variableName="contentDocIds" ><![CDATA[%dw 2.0
output application/json
---
payload.ContentDocumentId]]></ee:set-variable>
			</ee:variables>
		</ee:transform>
	</flow>
	<flow name="getContentVersionDataFlow-old" doc:id="eddd9a00-206f-492b-ab12-ab75b25c4eb9" >
		<logger level="INFO" doc:name="Flow Start" doc:id="11d2f189-89c5-4063-a7a9-02bef026cf61" message='#[vars.correlationId default "" ++ "Flow to fetch content version data has been started  - at :"++ now()]' />
		<logger level="INFO" doc:name="Log DocId and ReportId" doc:id="bec12a83-77a7-4042-be95-d04d607bbc22" message="Fetch DocId : #[vars.docId] for businessLicenseApplication Id : #[vars.folderId]"/>
		<salesforce:query doc:name="Query ContentVersion based on DocId" doc:id="4750173e-0a43-42b2-9478-677612441032" config-ref="salesforce-config-oauth-username-password">
			<salesforce:salesforce-query ><![CDATA[SELECT VersionData, Title, Id, FileExtension, ContentDocumentId FROM ContentVersion where ContentDocumentID=':docId']]></salesforce:salesforce-query>
			<salesforce:parameters ><![CDATA[#[output application/java
---
{
	"docId" : vars.docId
}]]]></salesforce:parameters>
		</salesforce:query>
		<ee:transform doc:name="Set Response" doc:id="3b4d426c-922b-479c-acce-e4c0df9f2f41" >
			<ee:message >
			</ee:message>
			<ee:variables >
				<ee:set-variable variableName="sfId" ><![CDATA[%dw 2.0
output application/java
---
payload.Id]]></ee:set-variable>
			</ee:variables>
		</ee:transform>
		<logger level="INFO" doc:name="Flow End" doc:id="84ac1b04-1e3c-426f-a7fa-02bab4d9bdb7" message='#[vars.correlationId default "" ++ "Flow to fetch content version data has been ended  - at :"++ now()]' />
	</flow>
	<flow name="deleteContentVersionDataFlow-old" doc:id="8940e641-f11f-4c41-9cb8-85792bd7061d" >
		<logger level="INFO" doc:name="Flow Start" doc:id="b1bcdc9e-afa0-4318-9481-105761dbdfa4" message='#[vars.correlationId default "" ++ "Flow to delete content version data has been started  - at :"++ now()]' />
		<logger level="INFO" doc:name="Log DocId" doc:id="61e9c6ce-203e-4e47-9ba8-791641195bcc" message="Before delete  #[vars.docId]" />
		<salesforce:delete doc:name="Delete Document by DocumentId" doc:id="14dfd4a0-f63c-4d46-8e27-7a9495f8093c" config-ref="salesforce-config-oauth-username-password">
			<salesforce:ids ><![CDATA[#[[vars.docId]]]]></salesforce:ids>
		</salesforce:delete>
		<logger level="INFO" doc:name="Log DocId" doc:id="2c6e3cab-742d-4ea2-a093-9185d9b1da18" message="After delete #[vars.docId]" />
		<ee:transform doc:name="Set Response" doc:id="995fc920-efc2-4caa-96e4-13cff78c54c7" >
			<ee:message >
				<ee:set-payload ><![CDATA[%dw 2.0
output application/json
---
{
	message: payload.successful,
	id: vars.temp.data
}]]></ee:set-payload>
			</ee:message>
		</ee:transform>
		<logger level="INFO" doc:name="Logger" doc:id="6f465f98-defa-4cae-a6de-52ca3b4eac7d" message="#[payload]"/>
		<logger level="INFO" doc:name="Flow End" doc:id="af0b178a-c99a-4713-b4f6-ae92698a3e5b" message='#[vars.correlationId default "" ++ "Flow to delete content version data has been ended  - at :"++ now()]' />
	</flow>
</mule>
