<?xml version="1.0" encoding="UTF-8"?>

<mule xmlns:http="http://www.mulesoft.org/schema/mule/http"
	xmlns:ee="http://www.mulesoft.org/schema/mule/ee/core"
	xmlns="http://www.mulesoft.org/schema/mule/core"
	xmlns:doc="http://www.mulesoft.org/schema/mule/documentation"
	xmlns:xsi="http://www.w3.org/2001/XMLSchema-instance"
	xsi:schemaLocation="
http://www.mulesoft.org/schema/mule/http http://www.mulesoft.org/schema/mule/http/current/mule-http.xsd http://www.mulesoft.org/schema/mule/core http://www.mulesoft.org/schema/mule/core/current/mule.xsd
http://www.mulesoft.org/schema/mule/ee/core http://www.mulesoft.org/schema/mule/ee/core/current/mule-ee.xsd">
	<sub-flow name="delete-content-version-data-subflow"
		doc:id="f8c871ef-e26e-41d7-b9b1-753cbfce65af">
		<logger level="INFO" doc:name="Flow Start"
			doc:id="3b2d5093-724a-4d6f-88dc-b9ed40bf3f0f"
			message='#[vars.correlationId default "" ++ "Flow to delete content version data has been started  - at :"++ now()]' />
		<logger level="INFO" doc:name="Log DocId"
			doc:id="cf472c59-2d83-451b-87a1-569b82342d00"
			message="Before delete  #[vars.docId]" />
		<ee:transform doc:name="Set Payload"
			doc:id="0226563e-be34-41dd-a1aa-e1bda63c1978">
			<ee:message>

				<ee:set-payload><![CDATA[%dw 2.0
output application/json
---
{
    "docId": [vars.docId]
}]]></ee:set-payload>
			</ee:message>
		</ee:transform>
		<until-successful
			maxRetries="${until-successful.maxRetries}"
			doc:name="Until Successful"
			doc:id="e10ee064-a172-4f2e-b77d-0fd65bae540d"
			millisBetweenRetries="${until-successful.millisBetweenRetries}">
			<try doc:name="Try" doc:id="432d2f89-b3a8-459a-a657-527d327b61b3">
				<http:request method="DELETE"
					doc:name="HTTP Delete Content version Data sf-sys-api"
					doc:id="d4cd320a-7e5e-4af5-82a0-06afdefcb09c"
					config-ref="sf-sys-api-request" path="${sf.sys.contentVersionPath}"
					sendCorrelationId="ALWAYS" correlationId="#[vars.correlationId]">
					<http:headers><![CDATA[#[vars.settingRequiredHeaders]]]></http:headers>

				</http:request>
				<error-handler>
					<on-error-propagate enableNotifications="true"
						logException="true" doc:name="On Error Propagate"
						doc:id="85129d98-fe6f-42eb-8418-0c7b58c6a009" type="ANY">
						<logger level="ERROR" doc:name="Error Message"
							doc:id="f77d0d34-8c34-4a73-bf93-cfacf846f925"
							message='#[error.errorType.asString ++ " Error occured while connecting to sf sys api"]' />
					</on-error-propagate>
				</error-handler>
			</try>
		</until-successful>
		<ee:transform doc:name="Set Response"
			doc:id="47182894-ad58-4def-8445-42a94b336450">
			<ee:message>
				<ee:set-payload><![CDATA[%dw 2.0
output application/json
---
payload]]></ee:set-payload>
			</ee:message>
		</ee:transform>
		<logger level="INFO" doc:name="Flow End"
			doc:id="1baff8ec-d947-4794-b9ad-f1b755f34077"
			message='#[vars.correlationId default "" ++ "Flow to delete content version data has been ended  - at :"++ now()]' />
	</sub-flow>
</mule>
