<?xml version="1.0" encoding="UTF-8"?>

<mule xmlns:http="http://www.mulesoft.org/schema/mule/http"
	xmlns:ee="http://www.mulesoft.org/schema/mule/ee/core"
	xmlns="http://www.mulesoft.org/schema/mule/core"
	xmlns:doc="http://www.mulesoft.org/schema/mule/documentation"
	xmlns:xsi="http://www.w3.org/2001/XMLSchema-instance"
	xsi:schemaLocation="
http://www.mulesoft.org/schema/mule/http http://www.mulesoft.org/schema/mule/http/current/mule-http.xsd http://www.mulesoft.org/schema/mule/core http://www.mulesoft.org/schema/mule/core/current/mule.xsd
http://www.mulesoft.org/schema/mule/ee/core http://www.mulesoft.org/schema/mule/ee/core/current/mule-ee.xsd">
	<sub-flow name="get-content-document-Ids-subflow"
		doc:id="243aec77-3826-46ee-8129-3ce157a51a97">
		<logger level="INFO" doc:name="Flow Start" doc:id="9c42a340-c54a-47c2-9ba1-f82a60204809" message='#[vars.correlationId default "" ++ "Flow to fetch content document Ids has been started  - at :"++ now()]' />
		<until-successful
			maxRetries="${until-successful.maxRetries}"
			doc:name="Until Successful"
			doc:id="09bbe5d7-c713-46a0-a79d-5357102f8155"
			millisBetweenRetries="${until-successful.millisBetweenRetries}">
			<try doc:name="Try" doc:id="e2137407-2e84-4c98-96fb-dd0baee0e3b2">
				<http:request method="GET"
					doc:name="HTTP Get Content Document Ids sf-sys-api"
					doc:id="3548e4f2-843e-4091-88c5-c92f62deb2f8"
					config-ref="sf-sys-api-request" path="${sf.sys.contentDocIdPath}"
					sendCorrelationId="ALWAYS" correlationId="#[vars.correlationId]">
					<http:body><![CDATA[#[vars.body]]]></http:body>
					<http:headers><![CDATA[#[vars.settingRequiredHeaders]]]></http:headers>
					<http:query-params><![CDATA[#[output application/json
---
{
	"entityId" : vars.appId
}]]]></http:query-params>
				</http:request>
				<error-handler>
					<on-error-propagate enableNotifications="true"
						logException="true" doc:name="On Error Propagate"
						doc:id="e7e83050-9f35-4c97-a065-7cfeaebb5b94" type="ANY">
						<logger level="ERROR" doc:name="Error Message"
							doc:id="d9ab662d-3665-4a77-a1b1-65caac31a0c9"
							message='#[error.errorType.asString ++ " Error occured while connecting to sf sys api"]' />
					</on-error-propagate>
				</error-handler>
			</try>
		</until-successful>
		<ee:transform doc:name="set var contentDocIds"
			doc:id="04bb1603-1556-418e-bc02-10d88c498b97">
			<ee:message>
			</ee:message>
			<ee:variables>
				<ee:set-variable variableName="contentDocIds"><![CDATA[%dw 2.0
output application/json
---
payload.contentDocumentId]]></ee:set-variable>
			</ee:variables>
		</ee:transform>
		<logger level="INFO" doc:name="Flow End" doc:id="078ae8cf-9f2d-4260-bed9-9821b42dca98" message='#[vars.correlationId default "" ++ "Flow to fetch content document Ids has been ended  - at :"++ now()]' />
	</sub-flow>
</mule>
