<?xml version="1.0" encoding="UTF-8"?>

<mule xmlns:http="http://www.mulesoft.org/schema/mule/http"
	xmlns:ee="http://www.mulesoft.org/schema/mule/ee/core"
	xmlns="http://www.mulesoft.org/schema/mule/core"
	xmlns:doc="http://www.mulesoft.org/schema/mule/documentation"
	xmlns:xsi="http://www.w3.org/2001/XMLSchema-instance"
	xsi:schemaLocation="http://www.mulesoft.org/schema/mule/core http://www.mulesoft.org/schema/mule/core/current/mule.xsd
http://www.mulesoft.org/schema/mule/ee/core http://www.mulesoft.org/schema/mule/ee/core/current/mule-ee.xsd
http://www.mulesoft.org/schema/mule/http http://www.mulesoft.org/schema/mule/http/current/mule-http.xsd">
<!-- [STUDIO:"process-all-payments-process-payment-batch-Sub_Flow"]	<flow
		name="process-all-payments-process-payment-batch-Sub_Flow"
		doc:id="188ba211-13e3-4281-9207-64259ce22b4a">
		<scheduler doc:name="Scheduler" doc:id="039b0a09-da9b-4e2d-94e0-13f82ba19ad7" >
			<scheduling-strategy >
				<fixed-frequency />
			</scheduling-strategy>
		</scheduler>
		<ee:transform doc:name="Set date and status QP" doc:id="c30970a6-8714-4e6e-af4b-2247d10f8f4a" >
			<ee:message >
				<ee:set-payload ><![CDATA[%dw 2.0
output application/java
&#45;&#45;-
{     
  	"date" : now() as Date,
	"status" : "Scheduled"
}&#93;&#93;></ee:set-payload>
			</ee:message>
		</ee:transform>
		<flow-ref doc:name="update-payment-record-subflow" doc:id="e28b97ac-48f6-4cc5-be4c-3811aba0cb9f" name="update-payment-record-subflow"/>
		<logger level="INFO"
			doc:name="fetch all records from SF with date for payments"
			doc:id="a003edf4-c5d5-440f-a6b4-aa91fb6c1021" />
	</flow> [STUDIO] -->
	<flow name="process-payment-instant-pay-for-specific-person-Flow"
		doc:id="496dc1fb-fb15-4d98-9d9a-dd21023a3224">
		<logger level="INFO" doc:name="Logger"
			doc:id="600d30ce-aa92-4c23-aecc-2081f19c8dde" />
	</flow>
	<sub-flow name="process-payment-subflow"
		doc:id="0977dbcc-2cf5-4983-8040-3fbc64a55ece">
		<logger level="INFO" doc:name="Flow Start" doc:id="32a35e12-f1b7-47f6-8d57-76601251c8a3" message='#[vars.correlationId default "" ++ "Flow to process payment has been started  - at :"++ now()]' />
		<set-variable value="#[payload]" doc:name="Save fetch payment response" doc:id="0a5cad18-e6ab-4e08-beb3-2a92679efaa6" variableName="fetchPaymentsResp"/>
		<ee:transform doc:name="Set Request"
			doc:id="582ee582-498a-4fa4-ab1c-7b1057c80a9e">
			<ee:message>
			</ee:message>
			<ee:variables >
				<ee:set-variable variableName="body" ><![CDATA[%dw 2.0
output application/json
---
{
    "secCode": "PPD",
    "entryDescription": "PAYROLL",
    "requestedExecutionDate": vars.fetchPaymentsResp.scheduledDate,
    "creditor": {
        "achCompanyId": "${achCompanyId}",
        "name": "Debtor Company",
        "address": {
          "addressLine1": "The first line of address.",
          "addressLine2": "The second line of address.",
          "city": "The city",
          "state": "CA",
          "postalCode": "The code",
          "countryCode": "US"
        }
    },
    "directDebit": {
        "endToEndId": "1234567",
        "traceNumber": "190000911234567",
        "isPrenote": false,
        "discretionaryData": "R",
        "payment": {
            "amount": vars.fetchPaymentsResp.amount,
            "currency": "USD"
        },
        "debtor": {
            "name": "Joe Creditor",
            "address": {
              "addressLine1": "The first line of address.",
              "addressLine2": "The second line of address.",
              "city": "The city",
              "state": "CA",
              "postalCode": "code",
              "countryCode": "US"
            },
            "bankAccount": {
              "accountType": "CHECKING",
              "currency": "USD",
              "countryCode": "US",
              "accountNumberType": "OTHER",
              "accountNumber": "3467487657",
              "routingNumberType": "USABA",
              "routingNumber": "19000091"
            }
        },
        "remittanceInformation": {
            "unstructuredAddenda": [
                "Just free-form text"
            ]
        }
    }
}]]></ee:set-variable>
			</ee:variables>
		
</ee:transform>
		<until-successful
			maxRetries="${until-successful.maxRetries}"
			doc:name="Until Successful"
			doc:id="6ca6c216-1f37-448d-a2da-3f6506413ce0"
			millisBetweenRetries="${until-successful.millisBetweenRetries}">
			<try doc:name="Try" doc:id="e1337e01-40a1-4cbf-b9a1-ec0f9f7ccbfe">
				<http:request method="POST"
					doc:name="HTTP post process debit transfer payments-sys-api"
					doc:id="d3bed37b-6450-42dc-be89-d5516505bbb3"
					config-ref="payment-sys-api-request"
					path="${payment.sys.debitTransferPath}" sendCorrelationId="ALWAYS"
					correlationId="#[vars.correlationId]">
					<http:body><![CDATA[#[vars.body]]]></http:body>
					<http:headers><![CDATA[#[vars.settingRequiredHeaders]]]></http:headers>

				</http:request>
				<error-handler>
					<on-error-propagate enableNotifications="true"
						logException="true" doc:name="On Error Propagate"
						doc:id="c644a0d3-4b4e-4ad4-8946-a3f8cdd905b7" type="ANY">
						<logger level="ERROR" doc:name="Error Message"
							doc:id="06f09f0b-705c-4679-8613-ee16e7af4328"
							message='#[error.errorType.asString ++ " Error occured while connecting to payments sys api"]' />
					</on-error-propagate>
				</error-handler>
			</try>
		</until-successful>
		<ee:transform doc:name="Set Response"
			doc:id="4690b633-bcd2-4df0-986e-abf1dcde0766">
			<ee:message>
				<ee:set-payload><![CDATA[%dw 2.0
output application/json
---
{
    "paymentId": payload.'paymentId',
    "status": if (!isEmpty(payload.status)) payload.status else "${status}",
    "transactionDate": payload.statusAsOf,
    "recordId": vars.fetchPaymentsResp.id,
    "disbursementDate": vars.fetchPaymentsResp.disbursementDate as Date default "",
    "type": if (!isEmpty(vars.fetchPaymentsResp.'type')) vars.fetchPaymentsResp.'type' else "${paymentType}",
    "disbursementMethod": "${disbursementMethod}",
    "appName":"",
    "appId":""
}]]></ee:set-payload>
			</ee:message>
		</ee:transform>
		<logger level="INFO" doc:name="Flow End" doc:id="f007e21f-7a61-4ea3-a8fe-78cc562b86a9" message='#[vars.correlationId default "" ++ "Flow to process payment has been ended  - at :"++ now()]' />
	</sub-flow>
</mule>
