<?xml version='1.0' encoding='UTF-8'?>
<types:mule xmlns:types="http://www.mulesoft.org/schema/mule/types">
  <types:catalog>
    <types:type name="payload" format="json">
      <types:shape format="json-schema" location="schemas/empData.json"/>
    </types:type>
    <types:type name="auto_45131331-4c24-4fbb-9c3b-47ea145fdf8f_Input-Payload" format="java">
      <types:shape format="weave" example="weave/autogenerated/45131331-4c24-4fbb-9c3b-47ea145fdf8f/Input-Payload.wev" autogeneratedOrigin="af9dfd41-dccb-4594-859e-574669539995"><![CDATA[%dw 2.0

type auto_45131331_4c24_4fbb_9c3b_47ea145fdf8f_Input_Payload = Any

]]></types:shape>
    </types:type>
    <types:type name="auto_9aabed65-497a-485e-9018-937ae6f13348_Input-Payload" format="json">
      <types:shape format="weave" example="weave/autogenerated/9aabed65-497a-485e-9018-937ae6f13348/Input-Payload.wev" autogeneratedOrigin="59adb8e1-8738-4499-9d71-0bdebc6a011c"><![CDATA[%dw 2.0

type auto_9aabed65_497a_485e_9018_937ae6f13348_Input_Payload = {
  item: {
    id: String, 
    "type": "file" | "folder", 
    _?: Any
  }, 
  accessible_by: {
    "type": "user" | "group", 
    login: String, 
    _?: Any
  }, 
  role: "previewer uploader" | "editor" | "viewer" | "co-owner" | "uploader" | "viewer uploader" | "previewer", 
  _?: Any
}

]]></types:shape>
    </types:type>
    <types:type name="auto_45131331-4c24-4fbb-9c3b-47ea145fdf8f_Input-Attributes" format="java">
      <types:shape format="weave" example="weave/autogenerated/45131331-4c24-4fbb-9c3b-47ea145fdf8f/Input-Attributes.wev" autogeneratedOrigin="af9dfd41-dccb-4594-859e-574669539995"><![CDATA[%dw 2.0

type auto_45131331_4c24_4fbb_9c3b_47ea145fdf8f_Input_Attributes = {|
  clientCertificate?: {|
    publicKey?: {|  |}, 
    "type"?: String, 
    encoded?: Binary
  |}, 
  headers: {|
    "x-correlation-id": String, 
    client_id: String, 
    client_secret: String
  |}, 
  listenerPath: String, 
  method: String, 
  queryParams: {|  |}, 
  queryString: String, 
  relativePath: String, 
  remoteAddress: String, 
  requestPath: String, 
  requestUri: String, 
  scheme: String, 
  uriParams: {| collaboration_id: String |}, 
  version: String, 
  localAddress: String
|}

]]></types:shape>
    </types:type>
    <types:type name="auto_9aabed65-497a-485e-9018-937ae6f13348_Input-Attributes" format="java">
      <types:shape format="weave" example="weave/autogenerated/9aabed65-497a-485e-9018-937ae6f13348/Input-Attributes.wev" autogeneratedOrigin="59adb8e1-8738-4499-9d71-0bdebc6a011c"><![CDATA[%dw 2.0

type auto_9aabed65_497a_485e_9018_937ae6f13348_Input_Attributes = {|
  clientCertificate?: {|
    publicKey?: {|  |}, 
    "type"?: String, 
    encoded?: Binary
  |}, 
  headers: {|
    "x-correlation-id": String, 
    client_id: String, 
    client_secret: String
  |}, 
  listenerPath: String, 
  method: String, 
  queryParams: {|  |}, 
  queryString: String, 
  relativePath: String, 
  remoteAddress: String, 
  requestPath: String, 
  requestUri: String, 
  scheme: String, 
  uriParams: {|  |}, 
  version: String, 
  localAddress: String
|}

]]></types:shape>
    </types:type>
    <types:type name="auto_9aabed65-497a-485e-9018-937ae6f13348_Input-Variables-outboundHeaders" format="java">
      <types:shape format="weave" example="weave/autogenerated/9aabed65-497a-485e-9018-937ae6f13348/Input-Variables-outboundHeaders.wev" autogeneratedOrigin="59adb8e1-8738-4499-9d71-0bdebc6a011c"><![CDATA[%dw 2.0

type auto_9aabed65_497a_485e_9018_937ae6f13348_Input_Variables_outboundHeaders = {|  |}

]]></types:shape>
    </types:type>
    <types:type name="auto_a2542c30-3676-44df-89dc-fe3a6a66fd2f_Input-Payload" format="json">
      <types:shape format="weave" example="weave/autogenerated/a2542c30-3676-44df-89dc-fe3a6a66fd2f/Input-Payload.wev" autogeneratedOrigin="d0224a7a-195b-436c-be9f-d4be5dd18cd5"><![CDATA[%dw 2.0

type auto_a2542c30_3676_44df_89dc_fe3a6a66fd2f_Input_Payload = {
  role: "previewer uploader" | "owner" | "editor" | "viewer" | "co-owner" | "uploader" | "viewer uploader" | "previewer", 
  _?: Any
}

]]></types:shape>
    </types:type>
    <types:type name="auto_a2542c30-3676-44df-89dc-fe3a6a66fd2f_Input-Attributes" format="java">
      <types:shape format="weave" example="weave/autogenerated/a2542c30-3676-44df-89dc-fe3a6a66fd2f/Input-Attributes.wev" autogeneratedOrigin="d0224a7a-195b-436c-be9f-d4be5dd18cd5"><![CDATA[%dw 2.0

type auto_a2542c30_3676_44df_89dc_fe3a6a66fd2f_Input_Attributes = {|
  clientCertificate?: {|
    publicKey?: {|  |}, 
    "type"?: String, 
    encoded?: Binary
  |}, 
  headers: {|
    "x-correlation-id": String, 
    client_id: String, 
    client_secret: String
  |}, 
  listenerPath: String, 
  method: String, 
  queryParams: {|  |}, 
  queryString: String, 
  relativePath: String, 
  remoteAddress: String, 
  requestPath: String, 
  requestUri: String, 
  scheme: String, 
  uriParams: {| collaboration_id: String |}, 
  version: String, 
  localAddress: String
|}

]]></types:shape>
    </types:type>
    <types:type name="auto_eed159a2-a358-41b8-9cd7-34eb5b435e09_Input-Payload" format="java">
      <types:shape format="weave" example="weave/autogenerated/eed159a2-a358-41b8-9cd7-34eb5b435e09/Input-Payload.wev" autogeneratedOrigin="ecff787d-f3b1-4c3b-9450-bfcfdbc7cf1c"><![CDATA[%dw 2.0

type auto_eed159a2_a358_41b8_9cd7_34eb5b435e09_Input_Payload = Any

]]></types:shape>
    </types:type>
    <types:type name="auto_eed159a2-a358-41b8-9cd7-34eb5b435e09_Input-Attributes" format="java">
      <types:shape format="weave" example="weave/autogenerated/eed159a2-a358-41b8-9cd7-34eb5b435e09/Input-Attributes.wev" autogeneratedOrigin="ecff787d-f3b1-4c3b-9450-bfcfdbc7cf1c"><![CDATA[%dw 2.0

type auto_eed159a2_a358_41b8_9cd7_34eb5b435e09_Input_Attributes = {|
  clientCertificate?: {|
    publicKey?: {|  |}, 
    "type"?: String, 
    encoded?: Binary
  |}, 
  headers: {|
    "x-correlation-id": String, 
    client_id: String, 
    client_secret: String
  |}, 
  listenerPath: String, 
  method: String, 
  queryParams: {|  |}, 
  queryString: String, 
  relativePath: String, 
  remoteAddress: String, 
  requestPath: String, 
  requestUri: String, 
  scheme: String, 
  uriParams: {| collaboration_id: String |}, 
  version: String, 
  localAddress: String
|}

]]></types:shape>
    </types:type>
    <types:type name="auto_a2542c30-3676-44df-89dc-fe3a6a66fd2f_Input-Variables-collaboration_id" format="java">
      <types:shape format="raml" autogeneratedOrigin="d0224a7a-195b-436c-be9f-d4be5dd18cd5"><![CDATA[#%RAML 1.0 DataType
type: string]]></types:shape>
    </types:type>
    <types:type name="auto_eed159a2-a358-41b8-9cd7-34eb5b435e09_Input-Variables-collaboration_id" format="java">
      <types:shape format="raml" autogeneratedOrigin="ecff787d-f3b1-4c3b-9450-bfcfdbc7cf1c"><![CDATA[#%RAML 1.0 DataType
type: string]]></types:shape>
    </types:type>
    <types:type name="auto_9aabed65-497a-485e-9018-937ae6f13348_Input-Variables-httpStatus" format="java">
      <types:shape format="raml" autogeneratedOrigin="59adb8e1-8738-4499-9d71-0bdebc6a011c"><![CDATA[#%RAML 1.0 DataType
type: string]]></types:shape>
    </types:type>
    <types:type name="auto_45131331-4c24-4fbb-9c3b-47ea145fdf8f_Input-Variables-collaboration_id" format="java">
      <types:shape format="raml" autogeneratedOrigin="af9dfd41-dccb-4594-859e-574669539995"><![CDATA[#%RAML 1.0 DataType
type: string]]></types:shape>
    </types:type>
    <types:type name="auto_45131331-4c24-4fbb-9c3b-47ea145fdf8f_Input-Variables-outboundHeaders" format="java">
      <types:shape format="weave" example="weave/autogenerated/45131331-4c24-4fbb-9c3b-47ea145fdf8f/Input-Variables-outboundHeaders.wev" autogeneratedOrigin="af9dfd41-dccb-4594-859e-574669539995"><![CDATA[%dw 2.0

type auto_45131331_4c24_4fbb_9c3b_47ea145fdf8f_Input_Variables_outboundHeaders = {|  |}

]]></types:shape>
    </types:type>
    <types:type name="auto_a2542c30-3676-44df-89dc-fe3a6a66fd2f_Input-Variables-outboundHeaders" format="java">
      <types:shape format="weave" example="weave/autogenerated/a2542c30-3676-44df-89dc-fe3a6a66fd2f/Input-Variables-outboundHeaders.wev" autogeneratedOrigin="d0224a7a-195b-436c-be9f-d4be5dd18cd5"><![CDATA[%dw 2.0

type auto_a2542c30_3676_44df_89dc_fe3a6a66fd2f_Input_Variables_outboundHeaders = {|  |}

]]></types:shape>
    </types:type>
    <types:type name="auto_45131331-4c24-4fbb-9c3b-47ea145fdf8f_Input-Variables-httpStatus" format="java">
      <types:shape format="raml" autogeneratedOrigin="af9dfd41-dccb-4594-859e-574669539995"><![CDATA[#%RAML 1.0 DataType
type: string]]></types:shape>
    </types:type>
    <types:type name="auto_a2542c30-3676-44df-89dc-fe3a6a66fd2f_Input-Variables-httpStatus" format="java">
      <types:shape format="raml" autogeneratedOrigin="d0224a7a-195b-436c-be9f-d4be5dd18cd5"><![CDATA[#%RAML 1.0 DataType
type: string]]></types:shape>
    </types:type>
    <types:type name="auto_eed159a2-a358-41b8-9cd7-34eb5b435e09_Input-Variables-outboundHeaders" format="java">
      <types:shape format="weave" example="weave/autogenerated/eed159a2-a358-41b8-9cd7-34eb5b435e09/Input-Variables-outboundHeaders.wev" autogeneratedOrigin="ecff787d-f3b1-4c3b-9450-bfcfdbc7cf1c"><![CDATA[%dw 2.0

type auto_eed159a2_a358_41b8_9cd7_34eb5b435e09_Input_Variables_outboundHeaders = {|  |}

]]></types:shape>
    </types:type>
    <types:type name="auto_eed159a2-a358-41b8-9cd7-34eb5b435e09_Input-Variables-httpStatus" format="java">
      <types:shape format="raml" autogeneratedOrigin="ecff787d-f3b1-4c3b-9450-bfcfdbc7cf1c"><![CDATA[#%RAML 1.0 DataType
type: string]]></types:shape>
    </types:type>
    <types:type name="auto_9aabed65-497a-485e-9018-937ae6f13348_Output-Payload" format="json">
      <types:shape format="weave" example="weave/autogenerated/9aabed65-497a-485e-9018-937ae6f13348/Output-Payload.wev" autogeneratedOrigin="59adb8e1-8738-4499-9d71-0bdebc6a011c"><![CDATA[%dw 2.0

type auto_9aabed65_497a_485e_9018_937ae6f13348_Output_Payload = {
  acceptance_requirements_status: {
    two_factor_authentication_requirement: {
      user_has_two_factor_authentication_enabled?: Boolean, 
      enterprise_has_two_factor_auth_enabled?: Boolean, 
      _?: Any
    }, 
    strong_password_requirement: {
      user_has_strong_password?: Boolean, 
      enterprise_has_strong_password_required_for_external_users?: Boolean, 
      _?: Any
    }, 
    terms_of_service_requirement: {
      is_accepted?: Boolean, 
      terms_of_service: {
        id?: String, 
        "type"?: String, 
        _?: Any
      }, 
      _?: Any
    }, 
    _?: Any
  }, 
  item: {
    file_version: {
      sha1?: String, 
      id?: String, 
      "type"?: String, 
      _?: Any
    }, 
    parent: {
      name?: String, 
      sequence_id?: String, 
      etag?: String, 
      id?: String, 
      "type"?: String, 
      _?: Any
    }, 
    content_created_at?: String, 
    created_at?: String, 
    description?: String, 
    owned_by: {
      name?: String, 
      id?: String, 
      "type"?: String, 
      login?: String, 
      _?: Any
    }, 
    "type"?: String, 
    item_status?: String, 
    created_by: {
      name?: String, 
      id?: String, 
      "type"?: String, 
      login?: String, 
      _?: Any
    }, 
    trashed_at?: String, 
    sha1?: String, 
    size?: Number, 
    modified_by: {
      name?: String, 
      id?: String, 
      "type"?: String, 
      login?: String, 
      _?: Any
    }, 
    name?: String, 
    purged_at?: String, 
    sequence_id?: String, 
    shared_link: {
      is_password_enabled?: Boolean, 
      access?: String, 
      vanity_name?: String, 
      permissions: {
        can_edit?: Boolean, 
        can_preview?: Boolean, 
        can_download?: Boolean, 
        _?: Any
      }, 
      download_url?: String, 
      effective_access?: String, 
      effective_permission?: String, 
      unshared_at?: String, 
      vanity_url?: String, 
      preview_count?: Number, 
      url?: String, 
      download_count?: Number, 
      _?: Any
    }, 
    content_modified_at?: String, 
    etag?: String, 
    id?: String, 
    modified_at?: String, 
    path_collection: {
      entries: Array<{        name?: String,         sequence_id?: String,         etag?: String,         id?: String,         "type"?: String,         _?: Any      }>, 
      total_count?: Number, 
      _?: Any
    }, 
    _?: Any
  }, 
  role?: String, 
  created_at?: String, 
  "type"?: String, 
  created_by: Array<{    name?: String,     id?: Number,     "type"?: String,     login?: String,     _?: Any  }>, 
  invite_email?: String, 
  accessible_by: {
    name?: String, 
    id?: String, 
    "type"?: String, 
    login?: String, 
    _?: Any
  }, 
  expires_at?: String, 
  id?: String, 
  modified_at?: String, 
  acknowledged_at?: String, 
  status?: String, 
  _?: Any
}

]]></types:shape>
    </types:type>
    <types:type name="auto_eed159a2-a358-41b8-9cd7-34eb5b435e09_Output-Payload" format="json">
      <types:shape format="weave" example="weave/autogenerated/eed159a2-a358-41b8-9cd7-34eb5b435e09/Output-Payload.wev" autogeneratedOrigin="ecff787d-f3b1-4c3b-9450-bfcfdbc7cf1c"><![CDATA[%dw 2.0

type auto_eed159a2_a358_41b8_9cd7_34eb5b435e09_Output_Payload = {
  message?: String, 
  _?: Any
}

]]></types:shape>
    </types:type>
    <types:type name="auto_9aabed65-497a-485e-9018-937ae6f13348_Output-Attributes" format="java">
      <types:shape format="weave" example="weave/autogenerated/9aabed65-497a-485e-9018-937ae6f13348/Output-Attributes.wev" autogeneratedOrigin="59adb8e1-8738-4499-9d71-0bdebc6a011c"><![CDATA[%dw 2.0

type auto_9aabed65_497a_485e_9018_937ae6f13348_Output_Attributes = {|
  statusCode: Number, 
  headers: { _?: String }, 
  reasonPhrase: String
|} {"typeAlias": "HttpResponseAttributes",
"typeId": "com.mulesoft.connectivity.boxconnector.rest.commons.api.operation.HttpResponseAttributes"}

]]></types:shape>
    </types:type>
    <types:type name="auto_eed159a2-a358-41b8-9cd7-34eb5b435e09_Output-Attributes" format="java">
      <types:shape format="weave" example="weave/autogenerated/eed159a2-a358-41b8-9cd7-34eb5b435e09/Output-Attributes.wev" autogeneratedOrigin="ecff787d-f3b1-4c3b-9450-bfcfdbc7cf1c"><![CDATA[%dw 2.0

type auto_eed159a2_a358_41b8_9cd7_34eb5b435e09_Output_Attributes = {|
  statusCode: Number, 
  headers: { _?: String }, 
  reasonPhrase: String
|} {"typeAlias": "HttpResponseAttributes",
"typeId": "com.mulesoft.connectivity.boxconnector.rest.commons.api.operation.HttpResponseAttributes"}

]]></types:shape>
    </types:type>
    <types:type name="auto_eed159a2-a358-41b8-9cd7-34eb5b435e09_Output-Variables-collaboration_id" format="java">
      <types:shape format="raml" autogeneratedOrigin="ecff787d-f3b1-4c3b-9450-bfcfdbc7cf1c"><![CDATA[#%RAML 1.0 DataType
type: string]]></types:shape>
    </types:type>
    <types:type name="auto_45131331-4c24-4fbb-9c3b-47ea145fdf8f_Output-Payload" format="json">
      <types:shape format="weave" example="weave/autogenerated/45131331-4c24-4fbb-9c3b-47ea145fdf8f/Output-Payload.wev" autogeneratedOrigin="af9dfd41-dccb-4594-859e-574669539995"><![CDATA[%dw 2.0

type auto_45131331_4c24_4fbb_9c3b_47ea145fdf8f_Output_Payload = {
  acceptance_requirements_status: {
    two_factor_authentication_requirement: {
      user_has_two_factor_authentication_enabled?: Boolean, 
      enterprise_has_two_factor_auth_enabled?: Boolean, 
      _?: Any
    }, 
    strong_password_requirement: {
      user_has_strong_password?: Boolean, 
      enterprise_has_strong_password_required_for_external_users?: Boolean, 
      _?: Any
    }, 
    terms_of_service_requirement: {
      is_accepted?: Boolean, 
      terms_of_service: {
        id?: String, 
        "type"?: String, 
        _?: Any
      }, 
      _?: Any
    }, 
    _?: Any
  }, 
  item: {
    file_version: {
      sha1?: String, 
      id?: String, 
      "type"?: String, 
      _?: Any
    }, 
    parent: {
      name?: String, 
      sequence_id?: String, 
      etag?: String, 
      id?: String, 
      "type"?: String, 
      _?: Any
    }, 
    content_created_at?: String, 
    created_at?: String, 
    description?: String, 
    owned_by: {
      name?: String, 
      id?: String, 
      "type"?: String, 
      login?: String, 
      _?: Any
    }, 
    "type"?: String, 
    item_status?: String, 
    created_by: {
      name?: String, 
      id?: String, 
      "type"?: String, 
      login?: String, 
      _?: Any
    }, 
    trashed_at?: String, 
    sha1?: String, 
    size?: Number, 
    modified_by: {
      name?: String, 
      id?: String, 
      "type"?: String, 
      login?: String, 
      _?: Any
    }, 
    name?: String, 
    purged_at?: String, 
    sequence_id?: String, 
    shared_link: {
      is_password_enabled?: Boolean, 
      access?: String, 
      vanity_name?: String, 
      permissions: {
        can_edit?: Boolean, 
        can_preview?: Boolean, 
        can_download?: Boolean, 
        _?: Any
      }, 
      download_url?: String, 
      effective_access?: String, 
      effective_permission?: String, 
      unshared_at?: String, 
      vanity_url?: String, 
      preview_count?: Number, 
      url?: String, 
      download_count?: Number, 
      _?: Any
    }, 
    content_modified_at?: String, 
    etag?: String, 
    id?: String, 
    modified_at?: String, 
    path_collection: {
      entries: Array<{        name?: String,         sequence_id?: String,         etag?: String,         id?: String,         "type"?: String,         _?: Any      }>, 
      total_count?: Number, 
      _?: Any
    }, 
    _?: Any
  }, 
  role?: String, 
  created_at?: String, 
  "type"?: String, 
  created_by: Array<{    name?: String,     id?: Number,     "type"?: String,     login?: String,     _?: Any  }>, 
  invite_email?: String, 
  accessible_by: {
    name?: String, 
    id?: String, 
    "type"?: String, 
    login?: String, 
    _?: Any
  }, 
  expires_at?: String, 
  id?: String, 
  modified_at?: String, 
  acknowledged_at?: String, 
  status?: String, 
  _?: Any
}

]]></types:shape>
    </types:type>
    <types:type name="auto_9aabed65-497a-485e-9018-937ae6f13348_Output-Variables-outboundHeaders" format="java">
      <types:shape format="weave" example="weave/autogenerated/9aabed65-497a-485e-9018-937ae6f13348/Output-Variables-outboundHeaders.wev" autogeneratedOrigin="59adb8e1-8738-4499-9d71-0bdebc6a011c"><![CDATA[%dw 2.0

type auto_9aabed65_497a_485e_9018_937ae6f13348_Output_Variables_outboundHeaders = {|  |}

]]></types:shape>
    </types:type>
    <types:type name="auto_9aabed65-497a-485e-9018-937ae6f13348_Output-Variables-httpStatus" format="java">
      <types:shape format="raml" autogeneratedOrigin="59adb8e1-8738-4499-9d71-0bdebc6a011c"><![CDATA[#%RAML 1.0 DataType
type: string]]></types:shape>
    </types:type>
    <types:type name="auto_eed159a2-a358-41b8-9cd7-34eb5b435e09_Output-Variables-httpStatus" format="java">
      <types:shape format="raml" autogeneratedOrigin="ecff787d-f3b1-4c3b-9450-bfcfdbc7cf1c"><![CDATA[#%RAML 1.0 DataType
type: string]]></types:shape>
    </types:type>
    <types:type name="auto_a2542c30-3676-44df-89dc-fe3a6a66fd2f_Output-Attributes" format="java">
      <types:shape format="weave" example="weave/autogenerated/a2542c30-3676-44df-89dc-fe3a6a66fd2f/Output-Attributes.wev" autogeneratedOrigin="d0224a7a-195b-436c-be9f-d4be5dd18cd5"><![CDATA[%dw 2.0

type auto_a2542c30_3676_44df_89dc_fe3a6a66fd2f_Output_Attributes = {|
  statusCode: Number, 
  headers: { _?: String }, 
  reasonPhrase: String
|} {"typeAlias": "HttpResponseAttributes",
"typeId": "com.mulesoft.connectivity.boxconnector.rest.commons.api.operation.HttpResponseAttributes"}

]]></types:shape>
    </types:type>
    <types:type name="auto_a2542c30-3676-44df-89dc-fe3a6a66fd2f_Output-Variables-collaboration_id" format="java">
      <types:shape format="raml" autogeneratedOrigin="d0224a7a-195b-436c-be9f-d4be5dd18cd5"><![CDATA[#%RAML 1.0 DataType
type: string]]></types:shape>
    </types:type>
    <types:type name="auto_a2542c30-3676-44df-89dc-fe3a6a66fd2f_Output-Variables-outboundHeaders" format="java">
      <types:shape format="weave" example="weave/autogenerated/a2542c30-3676-44df-89dc-fe3a6a66fd2f/Output-Variables-outboundHeaders.wev" autogeneratedOrigin="d0224a7a-195b-436c-be9f-d4be5dd18cd5"><![CDATA[%dw 2.0

type auto_a2542c30_3676_44df_89dc_fe3a6a66fd2f_Output_Variables_outboundHeaders = {|  |}

]]></types:shape>
    </types:type>
    <types:type name="auto_a2542c30-3676-44df-89dc-fe3a6a66fd2f_Output-Variables-httpStatus" format="java">
      <types:shape format="raml" autogeneratedOrigin="d0224a7a-195b-436c-be9f-d4be5dd18cd5"><![CDATA[#%RAML 1.0 DataType
type: string]]></types:shape>
    </types:type>
    <types:type name="auto_45131331-4c24-4fbb-9c3b-47ea145fdf8f_Output-Variables-outboundHeaders" format="java">
      <types:shape format="weave" example="weave/autogenerated/45131331-4c24-4fbb-9c3b-47ea145fdf8f/Output-Variables-outboundHeaders.wev" autogeneratedOrigin="af9dfd41-dccb-4594-859e-574669539995"><![CDATA[%dw 2.0

type auto_45131331_4c24_4fbb_9c3b_47ea145fdf8f_Output_Variables_outboundHeaders = {|  |}

]]></types:shape>
    </types:type>
    <types:type name="auto_b3bf886b-5107-4c10-9b82-ab68dc75ff2c_Input-Payload" format="java">
      <types:shape format="weave" example="weave/autogenerated/b3bf886b-5107-4c10-9b82-ab68dc75ff2c/Input-Payload.wev" autogeneratedOrigin="9eb3d295-8c27-4544-adb0-359c94e6a7e7"><![CDATA[%dw 2.0

type auto_b3bf886b_5107_4c10_9b82_ab68dc75ff2c_Input_Payload = Any

]]></types:shape>
    </types:type>
    <types:type name="auto_b3bf886b-5107-4c10-9b82-ab68dc75ff2c_Input-Attributes" format="java">
      <types:shape format="weave" example="weave/autogenerated/b3bf886b-5107-4c10-9b82-ab68dc75ff2c/Input-Attributes.wev" autogeneratedOrigin="9eb3d295-8c27-4544-adb0-359c94e6a7e7"><![CDATA[%dw 2.0

type auto_b3bf886b_5107_4c10_9b82_ab68dc75ff2c_Input_Attributes = {|
  clientCertificate?: {|
    publicKey?: {|  |}, 
    "type"?: String, 
    encoded?: Binary
  |}, 
  headers: {|
    "x-correlation-id": String, 
    client_id: String, 
    client_secret: String, 
    shared_link: String, 
    shared_link_password?: String
  |}, 
  listenerPath: String, 
  method: String, 
  queryParams: {|  |}, 
  queryString: String, 
  relativePath: String, 
  remoteAddress: String, 
  requestPath: String, 
  requestUri: String, 
  scheme: String, 
  uriParams: {|  |}, 
  version: String, 
  localAddress: String
|}

]]></types:shape>
    </types:type>
    <types:type name="auto_b3bf886b-5107-4c10-9b82-ab68dc75ff2c_Input-Variables-BoxApi" format="java">
      <types:shape format="weave" example="weave/autogenerated/b3bf886b-5107-4c10-9b82-ab68dc75ff2c/Input-Variables-BoxApi.wev" autogeneratedOrigin="9eb3d295-8c27-4544-adb0-359c94e6a7e7"><![CDATA[%dw 2.0

type auto_b3bf886b_5107_4c10_9b82_ab68dc75ff2c_Input_Variables_BoxApi = Any

]]></types:shape>
    </types:type>
    <types:type name="auto_b3bf886b-5107-4c10-9b82-ab68dc75ff2c_Input-Variables-outboundHeaders" format="java">
      <types:shape format="weave" example="weave/autogenerated/b3bf886b-5107-4c10-9b82-ab68dc75ff2c/Input-Variables-outboundHeaders.wev" autogeneratedOrigin="9eb3d295-8c27-4544-adb0-359c94e6a7e7"><![CDATA[%dw 2.0

type auto_b3bf886b_5107_4c10_9b82_ab68dc75ff2c_Input_Variables_outboundHeaders = {|  |}

]]></types:shape>
    </types:type>
    <types:type name="auto_b3bf886b-5107-4c10-9b82-ab68dc75ff2c_Input-Variables-httpStatus" format="java">
      <types:shape format="raml" autogeneratedOrigin="9eb3d295-8c27-4544-adb0-359c94e6a7e7"><![CDATA[#%RAML 1.0 DataType
type: string]]></types:shape>
    </types:type>
    <types:type name="auto_b3bf886b-5107-4c10-9b82-ab68dc75ff2c_Output-Payload" format="json">
      <types:shape format="weave" example="weave/autogenerated/b3bf886b-5107-4c10-9b82-ab68dc75ff2c/Output-Payload.wev" autogeneratedOrigin="9eb3d295-8c27-4544-adb0-359c94e6a7e7"><![CDATA[%dw 2.0

type auto_b3bf886b_5107_4c10_9b82_ab68dc75ff2c_Output_Payload = {
  comment_count?: Number, 
  file_version: {
    sha1?: String, 
    id?: String, 
    "type"?: String, 
    _?: Any
  }, 
  parent: {
    name?: String, 
    sequence_id?: String, 
    etag?: String, 
    id?: String, 
    "type"?: String, 
    _?: Any
  }, 
  extension?: String, 
  metadata: {
    enterprise_27335: {
      marketingCollateral: {
        "$scope"?: String, 
        "$template"?: String, 
        "$parent"?: String, 
        "$version"?: Number, 
        "$typeVersion"?: Number, 
        "$canEdit"?: Boolean, 
        "$id"?: String, 
        "$type"?: String, 
        _?: Any
      }, 
      _?: Any
    }, 
    _?: Any
  }, 
  watermark_info: {
    is_watermarked?: Boolean, 
    _?: Any
  }, 
  disposition_at?: String, 
  content_created_at?: String, 
  created_at?: String, 
  description?: String, 
  version_number?: String, 
  "type"?: String, 
  has_collaborations?: Boolean, 
  representations: {
    entries: Array<{      representation?: String,       content: {        url_template?: String,         _?: Any      },       properties: {        paged?: Boolean,         thumb?: Boolean,         dimensions?: String,         _?: Any      },       info: {        url?: String,         _?: Any      },       status: {        state?: String,         _?: Any      },       _?: Any    }>, 
    _?: Any
  }, 
  expires_at?: String, 
  permissions: {
    can_comment?: Boolean, 
    can_invite_collaborator?: Boolean, 
    can_view_annotations_all?: Boolean, 
    can_set_share_access?: Boolean, 
    can_delete?: Boolean, 
    can_share?: Boolean, 
    can_upload?: Boolean, 
    can_preview?: Boolean, 
    can_rename?: Boolean, 
    can_view_annotations_self?: Boolean, 
    can_annotate?: Boolean, 
    can_download?: Boolean, 
    _?: Any
  }, 
  sequence_id?: String, 
  lock: {
    is_download_prevented?: Boolean, 
    app_type?: String, 
    created_at?: String, 
    id?: String, 
    expired_at?: String, 
    "type"?: String, 
    created_by: {
      name?: String, 
      id?: String, 
      "type"?: String, 
      login?: String, 
      _?: Any
    }, 
    _?: Any
  }, 
  id?: String, 
  modified_at?: String, 
  path_collection: {
    entries: Array<{      name?: String,       sequence_id?: String,       etag?: String,       id?: String,       "type"?: String,       _?: Any    }>, 
    total_count?: Number, 
    _?: Any
  }, 
  is_package?: Boolean, 
  allowed_invitee_roles: Array<String>, 
  shared_link_permission_options: Array<String>, 
  owned_by: {
    name?: String, 
    id?: String, 
    "type"?: String, 
    login?: String, 
    _?: Any
  }, 
  expiring_embed_link: {
    access_token?: String, 
    token_type?: String, 
    expires_in?: Number, 
    url?: String, 
    restricted_to: Array<{      scope?: String,       object: {        sha1?: String,         file_version: {          sha1?: String,           id?: String,           "type"?: String,           _?: Any        },         sequence_id?: String,         name?: String,         etag?: String,         id?: String,         "type"?: String,         _?: Any      },       _?: Any    }>, 
    _?: Any
  }, 
  classification: {
    color?: String, 
    name?: String, 
    definition?: String, 
    _?: Any
  }, 
  is_externally_owned?: Boolean, 
  item_status?: String, 
  created_by: {
    name?: String, 
    id?: String, 
    "type"?: String, 
    login?: String, 
    _?: Any
  }, 
  is_accessible_via_shared_link?: Boolean, 
  trashed_at?: String, 
  tags: Array<String>, 
  sha1?: String, 
  uploader_display_name?: String, 
  size?: Number, 
  modified_by: {
    name?: String, 
    id?: String, 
    "type"?: String, 
    login?: String, 
    _?: Any
  }, 
  name?: String, 
  purged_at?: String, 
  shared_link: {
    is_password_enabled?: Boolean, 
    access?: String, 
    vanity_name?: String, 
    permissions: {
      can_edit?: Boolean, 
      can_preview?: Boolean, 
      can_download?: Boolean, 
      _?: Any
    }, 
    download_url?: String, 
    effective_access?: String, 
    effective_permission?: String, 
    unshared_at?: String, 
    vanity_url?: String, 
    preview_count?: Number, 
    url?: String, 
    download_count?: Number, 
    _?: Any
  }, 
  content_modified_at?: String, 
  etag?: String, 
  _?: Any
}

]]></types:shape>
    </types:type>
    <types:type name="auto_b3bf886b-5107-4c10-9b82-ab68dc75ff2c_Output-Attributes" format="java">
      <types:shape format="weave" example="weave/autogenerated/b3bf886b-5107-4c10-9b82-ab68dc75ff2c/Output-Attributes.wev" autogeneratedOrigin="9eb3d295-8c27-4544-adb0-359c94e6a7e7"><![CDATA[%dw 2.0

type auto_b3bf886b_5107_4c10_9b82_ab68dc75ff2c_Output_Attributes = {|
  statusCode: Number, 
  headers: { _?: String }, 
  reasonPhrase: String
|} {"typeAlias": "HttpResponseAttributes",
"typeId": "com.mulesoft.connectivity.boxconnector.rest.commons.api.operation.HttpResponseAttributes"}

]]></types:shape>
    </types:type>
    <types:type name="auto_b3bf886b-5107-4c10-9b82-ab68dc75ff2c_Output-Variables-BoxApi" format="java">
      <types:shape format="weave" example="weave/autogenerated/b3bf886b-5107-4c10-9b82-ab68dc75ff2c/Output-Variables-BoxApi.wev" autogeneratedOrigin="9eb3d295-8c27-4544-adb0-359c94e6a7e7"><![CDATA[%dw 2.0

type auto_b3bf886b_5107_4c10_9b82_ab68dc75ff2c_Output_Variables_BoxApi = Any

]]></types:shape>
    </types:type>
    <types:type name="auto_b3bf886b-5107-4c10-9b82-ab68dc75ff2c_Output-Variables-outboundHeaders" format="java">
      <types:shape format="weave" example="weave/autogenerated/b3bf886b-5107-4c10-9b82-ab68dc75ff2c/Output-Variables-outboundHeaders.wev" autogeneratedOrigin="9eb3d295-8c27-4544-adb0-359c94e6a7e7"><![CDATA[%dw 2.0

type auto_b3bf886b_5107_4c10_9b82_ab68dc75ff2c_Output_Variables_outboundHeaders = {|  |}

]]></types:shape>
    </types:type>
    <types:type name="auto_b3bf886b-5107-4c10-9b82-ab68dc75ff2c_Output-Variables-httpStatus" format="java">
      <types:shape format="raml" autogeneratedOrigin="9eb3d295-8c27-4544-adb0-359c94e6a7e7"><![CDATA[#%RAML 1.0 DataType
type: string]]></types:shape>
    </types:type>
    <types:type name="auto_fb259627-6764-4700-be7a-22f8b793ffed_Input-Payload" format="java">
      <types:shape format="weave" example="weave/autogenerated/fb259627-6764-4700-be7a-22f8b793ffed/Input-Payload.wev" autogeneratedOrigin="03440c87-f867-44b7-bbb6-5981ab0a6a2d"><![CDATA[%dw 2.0

type auto_fb259627_6764_4700_be7a_22f8b793ffed_Input_Payload = Any

]]></types:shape>
    </types:type>
    <types:type name="auto_fb259627-6764-4700-be7a-22f8b793ffed_Input-Attributes" format="java">
      <types:shape format="weave" example="weave/autogenerated/fb259627-6764-4700-be7a-22f8b793ffed/Input-Attributes.wev" autogeneratedOrigin="03440c87-f867-44b7-bbb6-5981ab0a6a2d"><![CDATA[%dw 2.0

type auto_fb259627_6764_4700_be7a_22f8b793ffed_Input_Attributes = {|
  clientCertificate?: {|
    publicKey?: {|  |}, 
    "type"?: String, 
    encoded?: Binary
  |}, 
  headers: {|
    "x-correlation-id": String, 
    client_id: String, 
    client_secret: String
  |}, 
  listenerPath: String, 
  method: String, 
  queryParams: {| fields: String |}, 
  queryString: String, 
  relativePath: String, 
  remoteAddress: String, 
  requestPath: String, 
  requestUri: String, 
  scheme: String, 
  uriParams: {| fileId: String |}, 
  version: String, 
  localAddress: String
|}

]]></types:shape>
    </types:type>
    <types:type name="auto_fb259627-6764-4700-be7a-22f8b793ffed_Input-Variables-fileId" format="java">
      <types:shape format="raml" autogeneratedOrigin="03440c87-f867-44b7-bbb6-5981ab0a6a2d"><![CDATA[#%RAML 1.0 DataType
type: string]]></types:shape>
    </types:type>
    <types:type name="auto_fb259627-6764-4700-be7a-22f8b793ffed_Input-Variables-outboundHeaders" format="java">
      <types:shape format="weave" example="weave/autogenerated/fb259627-6764-4700-be7a-22f8b793ffed/Input-Variables-outboundHeaders.wev" autogeneratedOrigin="03440c87-f867-44b7-bbb6-5981ab0a6a2d"><![CDATA[%dw 2.0

type auto_fb259627_6764_4700_be7a_22f8b793ffed_Input_Variables_outboundHeaders = {|  |}

]]></types:shape>
    </types:type>
    <types:type name="auto_fb259627-6764-4700-be7a-22f8b793ffed_Input-Variables-httpStatus" format="java">
      <types:shape format="raml" autogeneratedOrigin="03440c87-f867-44b7-bbb6-5981ab0a6a2d"><![CDATA[#%RAML 1.0 DataType
type: string]]></types:shape>
    </types:type>
    <types:type name="auto_fb259627-6764-4700-be7a-22f8b793ffed_Output-Payload" format="json">
      <types:shape format="weave" example="weave/autogenerated/fb259627-6764-4700-be7a-22f8b793ffed/Output-Payload.wev" autogeneratedOrigin="03440c87-f867-44b7-bbb6-5981ab0a6a2d"><![CDATA[%dw 2.0

type auto_fb259627_6764_4700_be7a_22f8b793ffed_Output_Payload = {
  shared_link: {
    is_password_enabled?: Boolean, 
    vanity_name?: Null, 
    access?: String, 
    permissions: {
      can_edit?: Boolean, 
      can_preview?: Boolean, 
      can_download?: Boolean, 
      _?: Any
    }, 
    download_url?: String, 
    effective_access?: String, 
    effective_permission?: String, 
    vanity_url?: Null, 
    unshared_at?: String, 
    preview_count?: Number, 
    url?: String, 
    download_count?: Number, 
    _?: Any
  }, 
  etag?: String, 
  id?: String, 
  "type"?: String, 
  _?: Any
}

]]></types:shape>
    </types:type>
    <types:type name="auto_fb259627-6764-4700-be7a-22f8b793ffed_Output-Attributes" format="java">
      <types:shape format="weave" example="weave/autogenerated/fb259627-6764-4700-be7a-22f8b793ffed/Output-Attributes.wev" autogeneratedOrigin="03440c87-f867-44b7-bbb6-5981ab0a6a2d"><![CDATA[%dw 2.0

type auto_fb259627_6764_4700_be7a_22f8b793ffed_Output_Attributes = {|
  statusCode: Number, 
  headers: { _?: String }, 
  reasonPhrase: String
|} {"typeAlias": "HttpResponseAttributes",
"typeId": "com.mulesoft.connectivity.boxconnector.rest.commons.api.operation.HttpResponseAttributes"}

]]></types:shape>
    </types:type>
    <types:type name="auto_fb259627-6764-4700-be7a-22f8b793ffed_Output-Variables-fileId" format="java">
      <types:shape format="raml" autogeneratedOrigin="03440c87-f867-44b7-bbb6-5981ab0a6a2d"><![CDATA[#%RAML 1.0 DataType
type: string]]></types:shape>
    </types:type>
    <types:type name="auto_fb259627-6764-4700-be7a-22f8b793ffed_Output-Variables-outboundHeaders" format="java">
      <types:shape format="weave" example="weave/autogenerated/fb259627-6764-4700-be7a-22f8b793ffed/Output-Variables-outboundHeaders.wev" autogeneratedOrigin="03440c87-f867-44b7-bbb6-5981ab0a6a2d"><![CDATA[%dw 2.0

type auto_fb259627_6764_4700_be7a_22f8b793ffed_Output_Variables_outboundHeaders = {|  |}

]]></types:shape>
    </types:type>
    <types:type name="auto_fb259627-6764-4700-be7a-22f8b793ffed_Output-Variables-httpStatus" format="java">
      <types:shape format="raml" autogeneratedOrigin="03440c87-f867-44b7-bbb6-5981ab0a6a2d"><![CDATA[#%RAML 1.0 DataType
type: string]]></types:shape>
    </types:type>
    <types:type name="auto_95d65f26-d48d-48dd-8e5f-e85d1b135eea_Input-Payload" format="json">
      <types:shape format="weave" example="weave/autogenerated/95d65f26-d48d-48dd-8e5f-e85d1b135eea/Input-Payload.wev" autogeneratedOrigin="15e5ba79-9da9-4c1b-b7c5-c0878dd8d45e"><![CDATA[%dw 2.0

type auto_95d65f26_d48d_48dd_8e5f_e85d1b135eea_Input_Payload = {
  shared_link?: {
    password?: String | Null, 
    access?: String, 
    permissions?: {
      can_download?: Boolean, 
      _?: Any
    }, 
    unshared_at?: String, 
    _?: Any
  }, 
  _?: Any
}

]]></types:shape>
    </types:type>
    <types:type name="auto_95d65f26-d48d-48dd-8e5f-e85d1b135eea_Input-Attributes" format="java">
      <types:shape format="weave" example="weave/autogenerated/95d65f26-d48d-48dd-8e5f-e85d1b135eea/Input-Attributes.wev" autogeneratedOrigin="15e5ba79-9da9-4c1b-b7c5-c0878dd8d45e"><![CDATA[%dw 2.0

type auto_95d65f26_d48d_48dd_8e5f_e85d1b135eea_Input_Attributes = {|
  clientCertificate?: {|
    publicKey?: {|  |}, 
    "type"?: String, 
    encoded?: Binary
  |}, 
  headers: {|
    "x-correlation-id": String, 
    client_id: String, 
    client_secret: String
  |}, 
  listenerPath: String, 
  method: String, 
  queryParams: {| fields: String |}, 
  queryString: String, 
  relativePath: String, 
  remoteAddress: String, 
  requestPath: String, 
  requestUri: String, 
  scheme: String, 
  uriParams: {| fileId: String |}, 
  version: String, 
  localAddress: String
|}

]]></types:shape>
    </types:type>
    <types:type name="auto_95d65f26-d48d-48dd-8e5f-e85d1b135eea_Input-Variables-fileId" format="java">
      <types:shape format="raml" autogeneratedOrigin="15e5ba79-9da9-4c1b-b7c5-c0878dd8d45e"><![CDATA[#%RAML 1.0 DataType
type: string]]></types:shape>
    </types:type>
    <types:type name="auto_95d65f26-d48d-48dd-8e5f-e85d1b135eea_Input-Variables-outboundHeaders" format="java">
      <types:shape format="weave" example="weave/autogenerated/95d65f26-d48d-48dd-8e5f-e85d1b135eea/Input-Variables-outboundHeaders.wev" autogeneratedOrigin="15e5ba79-9da9-4c1b-b7c5-c0878dd8d45e"><![CDATA[%dw 2.0

type auto_95d65f26_d48d_48dd_8e5f_e85d1b135eea_Input_Variables_outboundHeaders = {|  |}

]]></types:shape>
    </types:type>
    <types:type name="auto_95d65f26-d48d-48dd-8e5f-e85d1b135eea_Input-Variables-httpStatus" format="java">
      <types:shape format="raml" autogeneratedOrigin="15e5ba79-9da9-4c1b-b7c5-c0878dd8d45e"><![CDATA[#%RAML 1.0 DataType
type: string]]></types:shape>
    </types:type>
    <types:type name="auto_95d65f26-d48d-48dd-8e5f-e85d1b135eea_Output-Payload" format="json">
      <types:shape format="weave" example="weave/autogenerated/95d65f26-d48d-48dd-8e5f-e85d1b135eea/Output-Payload.wev" autogeneratedOrigin="15e5ba79-9da9-4c1b-b7c5-c0878dd8d45e"><![CDATA[%dw 2.0

type auto_95d65f26_d48d_48dd_8e5f_e85d1b135eea_Output_Payload = {
  shared_link: {
    is_password_enabled?: Boolean, 
    vanity_name?: Null, 
    access?: String, 
    permissions: {
      can_edit?: Boolean, 
      can_preview?: Boolean, 
      can_download?: Boolean, 
      _?: Any
    }, 
    download_url?: String, 
    effective_access?: String, 
    effective_permission?: String, 
    vanity_url?: Null, 
    unshared_at?: String, 
    preview_count?: Number, 
    url?: String, 
    download_count?: Number, 
    _?: Any
  }, 
  etag?: String, 
  id?: String, 
  "type"?: String, 
  _?: Any
}

]]></types:shape>
    </types:type>
    <types:type name="auto_95d65f26-d48d-48dd-8e5f-e85d1b135eea_Output-Attributes" format="java">
      <types:shape format="weave" example="weave/autogenerated/95d65f26-d48d-48dd-8e5f-e85d1b135eea/Output-Attributes.wev" autogeneratedOrigin="15e5ba79-9da9-4c1b-b7c5-c0878dd8d45e"><![CDATA[%dw 2.0

type auto_95d65f26_d48d_48dd_8e5f_e85d1b135eea_Output_Attributes = {|
  statusCode: Number, 
  headers: { _?: String }, 
  reasonPhrase: String
|} {"typeAlias": "HttpResponseAttributes",
"typeId": "com.mulesoft.connectivity.boxconnector.rest.commons.api.operation.HttpResponseAttributes"}

]]></types:shape>
    </types:type>
    <types:type name="auto_95d65f26-d48d-48dd-8e5f-e85d1b135eea_Output-Variables-fileId" format="java">
      <types:shape format="raml" autogeneratedOrigin="15e5ba79-9da9-4c1b-b7c5-c0878dd8d45e"><![CDATA[#%RAML 1.0 DataType
type: string]]></types:shape>
    </types:type>
    <types:type name="auto_95d65f26-d48d-48dd-8e5f-e85d1b135eea_Output-Variables-outboundHeaders" format="java">
      <types:shape format="weave" example="weave/autogenerated/95d65f26-d48d-48dd-8e5f-e85d1b135eea/Output-Variables-outboundHeaders.wev" autogeneratedOrigin="15e5ba79-9da9-4c1b-b7c5-c0878dd8d45e"><![CDATA[%dw 2.0

type auto_95d65f26_d48d_48dd_8e5f_e85d1b135eea_Output_Variables_outboundHeaders = {|  |}

]]></types:shape>
    </types:type>
    <types:type name="auto_95d65f26-d48d-48dd-8e5f-e85d1b135eea_Output-Variables-httpStatus" format="java">
      <types:shape format="raml" autogeneratedOrigin="15e5ba79-9da9-4c1b-b7c5-c0878dd8d45e"><![CDATA[#%RAML 1.0 DataType
type: string]]></types:shape>
    </types:type>
    <types:type name="auto_6fe77c06-a019-44e8-80f6-c16f7c4beb70_Input-Payload" format="json">
      <types:shape format="weave" example="weave/autogenerated/6fe77c06-a019-44e8-80f6-c16f7c4beb70/Input-Payload.wev" autogeneratedOrigin="fadffa7e-8f25-444c-a445-3fcbb128b7cc"><![CDATA[%dw 2.0

type auto_6fe77c06_a019_44e8_80f6_c16f7c4beb70_Input_Payload = {
  shared_link?: {
    password?: String, 
    access?: String, 
    permissions?: {
      can_download?: Boolean, 
      _?: Any
    }, 
    unshared_at?: String, 
    _?: Any
  }, 
  _?: Any
}

]]></types:shape>
    </types:type>
    <types:type name="auto_6fe77c06-a019-44e8-80f6-c16f7c4beb70_Input-Attributes" format="java">
      <types:shape format="weave" example="weave/autogenerated/6fe77c06-a019-44e8-80f6-c16f7c4beb70/Input-Attributes.wev" autogeneratedOrigin="fadffa7e-8f25-444c-a445-3fcbb128b7cc"><![CDATA[%dw 2.0

type auto_6fe77c06_a019_44e8_80f6_c16f7c4beb70_Input_Attributes = {|
  clientCertificate?: {|
    publicKey?: {|  |}, 
    "type"?: String, 
    encoded?: Binary
  |}, 
  headers: {|
    "x-correlation-id": String, 
    client_id: String, 
    client_secret: String
  |}, 
  listenerPath: String, 
  method: String, 
  queryParams: {| fields: String |}, 
  queryString: String, 
  relativePath: String, 
  remoteAddress: String, 
  requestPath: String, 
  requestUri: String, 
  scheme: String, 
  uriParams: {| fileId: String |}, 
  version: String, 
  localAddress: String
|}

]]></types:shape>
    </types:type>
    <types:type name="auto_6fe77c06-a019-44e8-80f6-c16f7c4beb70_Input-Variables-fileId" format="java">
      <types:shape format="raml" autogeneratedOrigin="fadffa7e-8f25-444c-a445-3fcbb128b7cc"><![CDATA[#%RAML 1.0 DataType
type: string]]></types:shape>
    </types:type>
    <types:type name="auto_6fe77c06-a019-44e8-80f6-c16f7c4beb70_Input-Variables-outboundHeaders" format="java">
      <types:shape format="weave" example="weave/autogenerated/6fe77c06-a019-44e8-80f6-c16f7c4beb70/Input-Variables-outboundHeaders.wev" autogeneratedOrigin="fadffa7e-8f25-444c-a445-3fcbb128b7cc"><![CDATA[%dw 2.0

type auto_6fe77c06_a019_44e8_80f6_c16f7c4beb70_Input_Variables_outboundHeaders = {|  |}

]]></types:shape>
    </types:type>
    <types:type name="auto_6fe77c06-a019-44e8-80f6-c16f7c4beb70_Input-Variables-httpStatus" format="java">
      <types:shape format="raml" autogeneratedOrigin="fadffa7e-8f25-444c-a445-3fcbb128b7cc"><![CDATA[#%RAML 1.0 DataType
type: string]]></types:shape>
    </types:type>
    <types:type name="auto_6fe77c06-a019-44e8-80f6-c16f7c4beb70_Output-Payload" format="json">
      <types:shape format="weave" example="weave/autogenerated/6fe77c06-a019-44e8-80f6-c16f7c4beb70/Output-Payload.wev" autogeneratedOrigin="fadffa7e-8f25-444c-a445-3fcbb128b7cc"><![CDATA[%dw 2.0

type auto_6fe77c06_a019_44e8_80f6_c16f7c4beb70_Output_Payload = {
  shared_link: {
    is_password_enabled?: Boolean, 
    vanity_name?: Null, 
    access?: String, 
    permissions: {
      can_edit?: Boolean, 
      can_preview?: Boolean, 
      can_download?: Boolean, 
      _?: Any
    }, 
    download_url?: String, 
    effective_access?: String, 
    effective_permission?: String, 
    vanity_url?: Null, 
    unshared_at?: String, 
    preview_count?: Number, 
    url?: String, 
    download_count?: Number, 
    _?: Any
  }, 
  etag?: String, 
  id?: String, 
  "type"?: String, 
  _?: Any
}

]]></types:shape>
    </types:type>
    <types:type name="auto_6fe77c06-a019-44e8-80f6-c16f7c4beb70_Output-Attributes" format="java">
      <types:shape format="weave" example="weave/autogenerated/6fe77c06-a019-44e8-80f6-c16f7c4beb70/Output-Attributes.wev" autogeneratedOrigin="fadffa7e-8f25-444c-a445-3fcbb128b7cc"><![CDATA[%dw 2.0

type auto_6fe77c06_a019_44e8_80f6_c16f7c4beb70_Output_Attributes = {|
  statusCode: Number, 
  headers: { _?: String }, 
  reasonPhrase: String
|} {"typeAlias": "HttpResponseAttributes",
"typeId": "com.mulesoft.connectivity.boxconnector.rest.commons.api.operation.HttpResponseAttributes"}

]]></types:shape>
    </types:type>
    <types:type name="auto_6fe77c06-a019-44e8-80f6-c16f7c4beb70_Output-Variables-fileId" format="java">
      <types:shape format="raml" autogeneratedOrigin="fadffa7e-8f25-444c-a445-3fcbb128b7cc"><![CDATA[#%RAML 1.0 DataType
type: string]]></types:shape>
    </types:type>
    <types:type name="auto_6fe77c06-a019-44e8-80f6-c16f7c4beb70_Output-Variables-outboundHeaders" format="java">
      <types:shape format="weave" example="weave/autogenerated/6fe77c06-a019-44e8-80f6-c16f7c4beb70/Output-Variables-outboundHeaders.wev" autogeneratedOrigin="fadffa7e-8f25-444c-a445-3fcbb128b7cc"><![CDATA[%dw 2.0

type auto_6fe77c06_a019_44e8_80f6_c16f7c4beb70_Output_Variables_outboundHeaders = {|  |}

]]></types:shape>
    </types:type>
    <types:type name="auto_6fe77c06-a019-44e8-80f6-c16f7c4beb70_Output-Variables-httpStatus" format="java">
      <types:shape format="raml" autogeneratedOrigin="fadffa7e-8f25-444c-a445-3fcbb128b7cc"><![CDATA[#%RAML 1.0 DataType
type: string]]></types:shape>
    </types:type>
    <types:type name="auto_4fd36342-4ac4-4b5c-9e2a-850dea95fa7d_Input-Payload" format="json">
      <types:shape format="weave" example="weave/autogenerated/4fd36342-4ac4-4b5c-9e2a-850dea95fa7d/Input-Payload.wev" autogeneratedOrigin="365fcd64-73a4-4446-bf4c-cf02a57fdc3c"><![CDATA[%dw 2.0

type auto_4fd36342_4ac4_4b5c_9e2a_850dea95fa7d_Input_Payload = {
  shared_link?: Null, 
  _?: Any
}

]]></types:shape>
    </types:type>
    <types:type name="auto_4fd36342-4ac4-4b5c-9e2a-850dea95fa7d_Input-Attributes" format="java">
      <types:shape format="weave" example="weave/autogenerated/4fd36342-4ac4-4b5c-9e2a-850dea95fa7d/Input-Attributes.wev" autogeneratedOrigin="365fcd64-73a4-4446-bf4c-cf02a57fdc3c"><![CDATA[%dw 2.0

type auto_4fd36342_4ac4_4b5c_9e2a_850dea95fa7d_Input_Attributes = {|
  clientCertificate?: {|
    publicKey?: {|  |}, 
    "type"?: String, 
    encoded?: Binary
  |}, 
  headers: {|
    "x-correlation-id": String, 
    client_id: String, 
    client_secret: String
  |}, 
  listenerPath: String, 
  method: String, 
  queryParams: {| fields: String |}, 
  queryString: String, 
  relativePath: String, 
  remoteAddress: String, 
  requestPath: String, 
  requestUri: String, 
  scheme: String, 
  uriParams: {| fileId: String |}, 
  version: String, 
  localAddress: String
|}

]]></types:shape>
    </types:type>
    <types:type name="auto_4fd36342-4ac4-4b5c-9e2a-850dea95fa7d_Input-Variables-fileId" format="java">
      <types:shape format="raml" autogeneratedOrigin="365fcd64-73a4-4446-bf4c-cf02a57fdc3c"><![CDATA[#%RAML 1.0 DataType
type: string]]></types:shape>
    </types:type>
    <types:type name="auto_4fd36342-4ac4-4b5c-9e2a-850dea95fa7d_Input-Variables-outboundHeaders" format="java">
      <types:shape format="weave" example="weave/autogenerated/4fd36342-4ac4-4b5c-9e2a-850dea95fa7d/Input-Variables-outboundHeaders.wev" autogeneratedOrigin="365fcd64-73a4-4446-bf4c-cf02a57fdc3c"><![CDATA[%dw 2.0

type auto_4fd36342_4ac4_4b5c_9e2a_850dea95fa7d_Input_Variables_outboundHeaders = {|  |}

]]></types:shape>
    </types:type>
    <types:type name="auto_4fd36342-4ac4-4b5c-9e2a-850dea95fa7d_Input-Variables-httpStatus" format="java">
      <types:shape format="raml" autogeneratedOrigin="365fcd64-73a4-4446-bf4c-cf02a57fdc3c"><![CDATA[#%RAML 1.0 DataType
type: string]]></types:shape>
    </types:type>
    <types:type name="auto_4fd36342-4ac4-4b5c-9e2a-850dea95fa7d_Output-Payload" format="json">
      <types:shape format="weave" example="weave/autogenerated/4fd36342-4ac4-4b5c-9e2a-850dea95fa7d/Output-Payload.wev" autogeneratedOrigin="365fcd64-73a4-4446-bf4c-cf02a57fdc3c"><![CDATA[%dw 2.0

type auto_4fd36342_4ac4_4b5c_9e2a_850dea95fa7d_Output_Payload = {
  shared_link?: Null, 
  etag?: String, 
  id?: String, 
  "type"?: String, 
  _?: Any
}

]]></types:shape>
    </types:type>
    <types:type name="auto_4fd36342-4ac4-4b5c-9e2a-850dea95fa7d_Output-Attributes" format="java">
      <types:shape format="weave" example="weave/autogenerated/4fd36342-4ac4-4b5c-9e2a-850dea95fa7d/Output-Attributes.wev" autogeneratedOrigin="365fcd64-73a4-4446-bf4c-cf02a57fdc3c"><![CDATA[%dw 2.0

type auto_4fd36342_4ac4_4b5c_9e2a_850dea95fa7d_Output_Attributes = {|
  statusCode: Number, 
  headers: { _?: String }, 
  reasonPhrase: String
|} {"typeAlias": "HttpResponseAttributes",
"typeId": "com.mulesoft.connectivity.boxconnector.rest.commons.api.operation.HttpResponseAttributes"}

]]></types:shape>
    </types:type>
    <types:type name="auto_4fd36342-4ac4-4b5c-9e2a-850dea95fa7d_Output-Variables-fileId" format="java">
      <types:shape format="raml" autogeneratedOrigin="365fcd64-73a4-4446-bf4c-cf02a57fdc3c"><![CDATA[#%RAML 1.0 DataType
type: string]]></types:shape>
    </types:type>
    <types:type name="auto_4fd36342-4ac4-4b5c-9e2a-850dea95fa7d_Output-Variables-outboundHeaders" format="java">
      <types:shape format="weave" example="weave/autogenerated/4fd36342-4ac4-4b5c-9e2a-850dea95fa7d/Output-Variables-outboundHeaders.wev" autogeneratedOrigin="365fcd64-73a4-4446-bf4c-cf02a57fdc3c"><![CDATA[%dw 2.0

type auto_4fd36342_4ac4_4b5c_9e2a_850dea95fa7d_Output_Variables_outboundHeaders = {|  |}

]]></types:shape>
    </types:type>
    <types:type name="auto_4fd36342-4ac4-4b5c-9e2a-850dea95fa7d_Output-Variables-httpStatus" format="java">
      <types:shape format="raml" autogeneratedOrigin="365fcd64-73a4-4446-bf4c-cf02a57fdc3c"><![CDATA[#%RAML 1.0 DataType
type: string]]></types:shape>
    </types:type>
    <types:type name="auto_7faa0758-2d52-447a-8cd5-643b72ac3167_Input-Payload" format="java">
      <types:shape format="weave" example="weave/autogenerated/7faa0758-2d52-447a-8cd5-643b72ac3167/Input-Payload.wev" autogeneratedOrigin="f1592aa4-0def-4100-8083-265f1169f825"><![CDATA[%dw 2.0

type auto_7faa0758_2d52_447a_8cd5_643b72ac3167_Input_Payload = Any

]]></types:shape>
    </types:type>
    <types:type name="auto_7faa0758-2d52-447a-8cd5-643b72ac3167_Input-Variables-fileName" format="java">
      <types:shape format="weave" example="weave/autogenerated/7faa0758-2d52-447a-8cd5-643b72ac3167/Input-Variables-fileName.wev" autogeneratedOrigin="f1592aa4-0def-4100-8083-265f1169f825"><![CDATA[%dw 2.0

type auto_7faa0758_2d52_447a_8cd5_643b72ac3167_Input_Variables_fileName = Any

]]></types:shape>
    </types:type>
    <types:type name="auto_7faa0758-2d52-447a-8cd5-643b72ac3167_Input-Variables-folderId" format="java">
      <types:shape format="weave" example="weave/autogenerated/7faa0758-2d52-447a-8cd5-643b72ac3167/Input-Variables-folderId.wev" autogeneratedOrigin="f1592aa4-0def-4100-8083-265f1169f825"><![CDATA[%dw 2.0

type auto_7faa0758_2d52_447a_8cd5_643b72ac3167_Input_Variables_folderId = Any

]]></types:shape>
    </types:type>
    <types:type name="auto_7faa0758-2d52-447a-8cd5-643b72ac3167_Output-Payload" format="json">
      <types:shape format="weave" example="weave/autogenerated/7faa0758-2d52-447a-8cd5-643b72ac3167/Output-Payload.wev" autogeneratedOrigin="f1592aa4-0def-4100-8083-265f1169f825"><![CDATA[%dw 2.0

type auto_7faa0758_2d52_447a_8cd5_643b72ac3167_Output_Payload = {|
  "type": Null, 
  parentId: Null, 
  folderId: Null, 
  fileId: Null, 
  fileName: Null, 
  folderName: Null
|}

]]></types:shape>
    </types:type>
    <types:type name="auto_7faa0758-2d52-447a-8cd5-643b72ac3167_Output-Attributes" format="java">
      <types:shape format="weave" example="weave/autogenerated/7faa0758-2d52-447a-8cd5-643b72ac3167/Output-Attributes.wev" autogeneratedOrigin="f1592aa4-0def-4100-8083-265f1169f825"><![CDATA[%dw 2.0

type auto_7faa0758_2d52_447a_8cd5_643b72ac3167_Output_Attributes = {|
  statusCode: Number, 
  headers: { _?: String }, 
  reasonPhrase: String
|} {"typeAlias": "HttpResponseAttributes",
"typeId": "com.mulesoft.connectivity.boxconnector.rest.commons.api.operation.HttpResponseAttributes"}

]]></types:shape>
    </types:type>
    <types:type name="auto_7faa0758-2d52-447a-8cd5-643b72ac3167_Output-Variables-fileName" format="java">
      <types:shape format="weave" example="weave/autogenerated/7faa0758-2d52-447a-8cd5-643b72ac3167/Output-Variables-fileName.wev" autogeneratedOrigin="f1592aa4-0def-4100-8083-265f1169f825"><![CDATA[%dw 2.0

type auto_7faa0758_2d52_447a_8cd5_643b72ac3167_Output_Variables_fileName = Any

]]></types:shape>
    </types:type>
    <types:type name="auto_7faa0758-2d52-447a-8cd5-643b72ac3167_Output-Variables-folderId" format="java">
      <types:shape format="weave" example="weave/autogenerated/7faa0758-2d52-447a-8cd5-643b72ac3167/Output-Variables-folderId.wev" autogeneratedOrigin="f1592aa4-0def-4100-8083-265f1169f825"><![CDATA[%dw 2.0

type auto_7faa0758_2d52_447a_8cd5_643b72ac3167_Output_Variables_folderId = Any

]]></types:shape>
    </types:type>
    <types:type name="auto_29bae455-fe97-44b8-99a6-312a20c383b7_Input-Payload" format="java">
      <types:shape format="weave" example="weave/autogenerated/29bae455-fe97-44b8-99a6-312a20c383b7/Input-Payload.wev" autogeneratedOrigin="d4485995-f195-438f-90fe-37432085f530"><![CDATA[%dw 2.0

type auto_29bae455_fe97_44b8_99a6_312a20c383b7_Input_Payload = Any

]]></types:shape>
    </types:type>
    <types:type name="auto_29bae455-fe97-44b8-99a6-312a20c383b7_Input-Variables-fileName" format="java">
      <types:shape format="weave" example="weave/autogenerated/29bae455-fe97-44b8-99a6-312a20c383b7/Input-Variables-fileName.wev" autogeneratedOrigin="d4485995-f195-438f-90fe-37432085f530"><![CDATA[%dw 2.0

type auto_29bae455_fe97_44b8_99a6_312a20c383b7_Input_Variables_fileName = Any

]]></types:shape>
    </types:type>
    <types:type name="auto_29bae455-fe97-44b8-99a6-312a20c383b7_Input-Variables-folderId" format="java">
      <types:shape format="weave" example="weave/autogenerated/29bae455-fe97-44b8-99a6-312a20c383b7/Input-Variables-folderId.wev" autogeneratedOrigin="d4485995-f195-438f-90fe-37432085f530"><![CDATA[%dw 2.0

type auto_29bae455_fe97_44b8_99a6_312a20c383b7_Input_Variables_folderId = Any

]]></types:shape>
    </types:type>
    <types:type name="auto_29bae455-fe97-44b8-99a6-312a20c383b7_Output-Payload" format="json">
      <types:shape format="weave" example="weave/autogenerated/29bae455-fe97-44b8-99a6-312a20c383b7/Output-Payload.wev" autogeneratedOrigin="d4485995-f195-438f-90fe-37432085f530"><![CDATA[%dw 2.0

type auto_29bae455_fe97_44b8_99a6_312a20c383b7_Output_Payload = {
  entries?: Array<Any>, 
  total_count?: Number, 
  _?: Any
}

]]></types:shape>
    </types:type>
    <types:type name="auto_29bae455-fe97-44b8-99a6-312a20c383b7_Output-Attributes" format="java">
      <types:shape format="weave" example="weave/autogenerated/29bae455-fe97-44b8-99a6-312a20c383b7/Output-Attributes.wev" autogeneratedOrigin="d4485995-f195-438f-90fe-37432085f530"><![CDATA[%dw 2.0

type auto_29bae455_fe97_44b8_99a6_312a20c383b7_Output_Attributes = {|
  reasonPhrase*: String, 
  headers*: { _?: String }, 
  statusCode*: Number
|}

]]></types:shape>
    </types:type>
    <types:type name="auto_29bae455-fe97-44b8-99a6-312a20c383b7_Output-Variables-fileName" format="java">
      <types:shape format="weave" example="weave/autogenerated/29bae455-fe97-44b8-99a6-312a20c383b7/Output-Variables-fileName.wev" autogeneratedOrigin="d4485995-f195-438f-90fe-37432085f530"><![CDATA[%dw 2.0

type auto_29bae455_fe97_44b8_99a6_312a20c383b7_Output_Variables_fileName = Any

]]></types:shape>
    </types:type>
    <types:type name="auto_29bae455-fe97-44b8-99a6-312a20c383b7_Output-Variables-folderId" format="java">
      <types:shape format="weave" example="weave/autogenerated/29bae455-fe97-44b8-99a6-312a20c383b7/Output-Variables-folderId.wev" autogeneratedOrigin="d4485995-f195-438f-90fe-37432085f530"><![CDATA[%dw 2.0

type auto_29bae455_fe97_44b8_99a6_312a20c383b7_Output_Variables_folderId = Any

]]></types:shape>
    </types:type>
    <types:type name="auto_51dc5c4e-27c2-4ab7-ab74-30712ba911e5_Output-Payload" format="json">
      <types:shape format="weave" example="weave/autogenerated/51dc5c4e-27c2-4ab7-ab74-30712ba911e5/Output-Payload.wev" autogeneratedOrigin="7bbd5b85-3521-4f76-9ba8-58a6be4a25af"><![CDATA[%dw 2.0

type auto_51dc5c4e_27c2_4ab7_ab74_30712ba911e5_Output_Payload = Any

]]></types:shape>
    </types:type>
    <types:type name="auto_51dc5c4e-27c2-4ab7-ab74-30712ba911e5_Output-Attributes" format="java">
      <types:shape format="weave" example="weave/autogenerated/51dc5c4e-27c2-4ab7-ab74-30712ba911e5/Output-Attributes.wev" autogeneratedOrigin="7bbd5b85-3521-4f76-9ba8-58a6be4a25af"><![CDATA[%dw 2.0

type auto_51dc5c4e_27c2_4ab7_ab74_30712ba911e5_Output_Attributes = {|
  statusCode: Number, 
  headers: { _?: String }, 
  reasonPhrase: String
|} {"typeAlias": "HttpResponseAttributes",
"typeId": "com.mulesoft.connectivity.boxconnector.rest.commons.api.operation.HttpResponseAttributes"}

]]></types:shape>
    </types:type>
  </types:catalog>
  <types:enrichment select="#45131331-4c24-4fbb-9c3b-47ea145fdf8f">
    <types:processor-declaration>
      <types:input-event>
        <types:message>
          <types:payload type="auto_45131331-4c24-4fbb-9c3b-47ea145fdf8f_Input-Payload"/>
          <types:attributes type="auto_45131331-4c24-4fbb-9c3b-47ea145fdf8f_Input-Attributes"/>
        </types:message>
        <types:variables>
          <types:variable name="outboundHeaders" type="auto_45131331-4c24-4fbb-9c3b-47ea145fdf8f_Input-Variables-outboundHeaders"/>
          <types:variable name="collaboration_id" type="auto_45131331-4c24-4fbb-9c3b-47ea145fdf8f_Input-Variables-collaboration_id"/>
          <types:variable name="httpStatus" type="auto_45131331-4c24-4fbb-9c3b-47ea145fdf8f_Input-Variables-httpStatus"/>
        </types:variables>
      </types:input-event>
      <types:output-event>
        <types:message>
          <types:payload type="auto_45131331-4c24-4fbb-9c3b-47ea145fdf8f_Output-Payload"/>
          <types:attributes type="null"/>
        </types:message>
        <types:variables>
          <types:variable name="outboundHeaders" type="auto_45131331-4c24-4fbb-9c3b-47ea145fdf8f_Output-Variables-outboundHeaders"/>
          <types:variable name="collaboration_id" type="null"/>
          <types:variable name="httpStatus" type="null"/>
        </types:variables>
      </types:output-event>
    </types:processor-declaration>
  </types:enrichment>
  <types:enrichment select="#9aabed65-497a-485e-9018-937ae6f13348">
    <types:processor-declaration>
      <types:input-event>
        <types:message>
          <types:payload type="auto_9aabed65-497a-485e-9018-937ae6f13348_Input-Payload"/>
          <types:attributes type="auto_9aabed65-497a-485e-9018-937ae6f13348_Input-Attributes"/>
        </types:message>
        <types:variables>
          <types:variable name="outboundHeaders" type="auto_9aabed65-497a-485e-9018-937ae6f13348_Input-Variables-outboundHeaders"/>
          <types:variable name="httpStatus" type="auto_9aabed65-497a-485e-9018-937ae6f13348_Input-Variables-httpStatus"/>
        </types:variables>
      </types:input-event>
      <types:output-event>
        <types:message>
          <types:payload type="auto_9aabed65-497a-485e-9018-937ae6f13348_Output-Payload"/>
          <types:attributes type="auto_9aabed65-497a-485e-9018-937ae6f13348_Output-Attributes"/>
        </types:message>
        <types:variables>
          <types:variable name="outboundHeaders" type="auto_9aabed65-497a-485e-9018-937ae6f13348_Output-Variables-outboundHeaders"/>
          <types:variable name="httpStatus" type="auto_9aabed65-497a-485e-9018-937ae6f13348_Output-Variables-httpStatus"/>
        </types:variables>
      </types:output-event>
    </types:processor-declaration>
  </types:enrichment>
  <types:enrichment select="#a2542c30-3676-44df-89dc-fe3a6a66fd2f">
    <types:processor-declaration>
      <types:input-event>
        <types:message>
          <types:payload type="auto_a2542c30-3676-44df-89dc-fe3a6a66fd2f_Input-Payload"/>
          <types:attributes type="auto_a2542c30-3676-44df-89dc-fe3a6a66fd2f_Input-Attributes"/>
        </types:message>
        <types:variables>
          <types:variable name="outboundHeaders" type="auto_a2542c30-3676-44df-89dc-fe3a6a66fd2f_Input-Variables-outboundHeaders"/>
          <types:variable name="collaboration_id" type="auto_a2542c30-3676-44df-89dc-fe3a6a66fd2f_Input-Variables-collaboration_id"/>
          <types:variable name="httpStatus" type="auto_a2542c30-3676-44df-89dc-fe3a6a66fd2f_Input-Variables-httpStatus"/>
        </types:variables>
      </types:input-event>
      <types:output-event>
        <types:message>
          <types:payload type="null"/>
          <types:attributes type="auto_a2542c30-3676-44df-89dc-fe3a6a66fd2f_Output-Attributes"/>
        </types:message>
        <types:variables>
          <types:variable name="outboundHeaders" type="auto_a2542c30-3676-44df-89dc-fe3a6a66fd2f_Output-Variables-outboundHeaders"/>
          <types:variable name="collaboration_id" type="auto_a2542c30-3676-44df-89dc-fe3a6a66fd2f_Output-Variables-collaboration_id"/>
          <types:variable name="httpStatus" type="auto_a2542c30-3676-44df-89dc-fe3a6a66fd2f_Output-Variables-httpStatus"/>
        </types:variables>
      </types:output-event>
    </types:processor-declaration>
  </types:enrichment>
  <types:enrichment select="#eed159a2-a358-41b8-9cd7-34eb5b435e09">
    <types:processor-declaration>
      <types:input-event>
        <types:message>
          <types:payload type="auto_eed159a2-a358-41b8-9cd7-34eb5b435e09_Input-Payload"/>
          <types:attributes type="auto_eed159a2-a358-41b8-9cd7-34eb5b435e09_Input-Attributes"/>
        </types:message>
        <types:variables>
          <types:variable name="outboundHeaders" type="auto_eed159a2-a358-41b8-9cd7-34eb5b435e09_Input-Variables-outboundHeaders"/>
          <types:variable name="collaboration_id" type="auto_eed159a2-a358-41b8-9cd7-34eb5b435e09_Input-Variables-collaboration_id"/>
          <types:variable name="httpStatus" type="auto_eed159a2-a358-41b8-9cd7-34eb5b435e09_Input-Variables-httpStatus"/>
        </types:variables>
      </types:input-event>
      <types:output-event>
        <types:message>
          <types:payload type="auto_eed159a2-a358-41b8-9cd7-34eb5b435e09_Output-Payload"/>
          <types:attributes type="auto_eed159a2-a358-41b8-9cd7-34eb5b435e09_Output-Attributes"/>
        </types:message>
        <types:variables>
          <types:variable name="outboundHeaders" type="null"/>
          <types:variable name="collaboration_id" type="auto_eed159a2-a358-41b8-9cd7-34eb5b435e09_Output-Variables-collaboration_id"/>
          <types:variable name="httpStatus" type="auto_eed159a2-a358-41b8-9cd7-34eb5b435e09_Output-Variables-httpStatus"/>
        </types:variables>
      </types:output-event>
    </types:processor-declaration>
  </types:enrichment>
  <types:enrichment select="#b3bf886b-5107-4c10-9b82-ab68dc75ff2c">
    <types:processor-declaration>
      <types:input-event>
        <types:message>
          <types:payload type="auto_b3bf886b-5107-4c10-9b82-ab68dc75ff2c_Input-Payload"/>
          <types:attributes type="auto_b3bf886b-5107-4c10-9b82-ab68dc75ff2c_Input-Attributes"/>
        </types:message>
        <types:variables>
          <types:variable name="outboundHeaders" type="auto_b3bf886b-5107-4c10-9b82-ab68dc75ff2c_Input-Variables-outboundHeaders"/>
          <types:variable name="httpStatus" type="auto_b3bf886b-5107-4c10-9b82-ab68dc75ff2c_Input-Variables-httpStatus"/>
          <types:variable name="BoxApi" type="auto_b3bf886b-5107-4c10-9b82-ab68dc75ff2c_Input-Variables-BoxApi"/>
        </types:variables>
      </types:input-event>
      <types:output-event>
        <types:message>
          <types:payload type="auto_b3bf886b-5107-4c10-9b82-ab68dc75ff2c_Output-Payload"/>
          <types:attributes type="auto_b3bf886b-5107-4c10-9b82-ab68dc75ff2c_Output-Attributes"/>
        </types:message>
        <types:variables>
          <types:variable name="outboundHeaders" type="auto_b3bf886b-5107-4c10-9b82-ab68dc75ff2c_Output-Variables-outboundHeaders"/>
          <types:variable name="httpStatus" type="auto_b3bf886b-5107-4c10-9b82-ab68dc75ff2c_Output-Variables-httpStatus"/>
          <types:variable name="BoxApi" type="auto_b3bf886b-5107-4c10-9b82-ab68dc75ff2c_Output-Variables-BoxApi"/>
        </types:variables>
      </types:output-event>
    </types:processor-declaration>
  </types:enrichment>
  <types:enrichment select="#fb259627-6764-4700-be7a-22f8b793ffed">
    <types:processor-declaration>
      <types:input-event>
        <types:message>
          <types:payload type="auto_fb259627-6764-4700-be7a-22f8b793ffed_Input-Payload"/>
          <types:attributes type="auto_fb259627-6764-4700-be7a-22f8b793ffed_Input-Attributes"/>
        </types:message>
        <types:variables>
          <types:variable name="outboundHeaders" type="auto_fb259627-6764-4700-be7a-22f8b793ffed_Input-Variables-outboundHeaders"/>
          <types:variable name="httpStatus" type="auto_fb259627-6764-4700-be7a-22f8b793ffed_Input-Variables-httpStatus"/>
          <types:variable name="fileId" type="auto_fb259627-6764-4700-be7a-22f8b793ffed_Input-Variables-fileId"/>
        </types:variables>
      </types:input-event>
      <types:output-event>
        <types:message>
          <types:payload type="auto_fb259627-6764-4700-be7a-22f8b793ffed_Output-Payload"/>
          <types:attributes type="auto_fb259627-6764-4700-be7a-22f8b793ffed_Output-Attributes"/>
        </types:message>
        <types:variables>
          <types:variable name="outboundHeaders" type="auto_fb259627-6764-4700-be7a-22f8b793ffed_Output-Variables-outboundHeaders"/>
          <types:variable name="httpStatus" type="auto_fb259627-6764-4700-be7a-22f8b793ffed_Output-Variables-httpStatus"/>
          <types:variable name="fileId" type="auto_fb259627-6764-4700-be7a-22f8b793ffed_Output-Variables-fileId"/>
        </types:variables>
      </types:output-event>
    </types:processor-declaration>
  </types:enrichment>
  <types:enrichment select="#95d65f26-d48d-48dd-8e5f-e85d1b135eea">
    <types:processor-declaration>
      <types:input-event>
        <types:message>
          <types:payload type="auto_95d65f26-d48d-48dd-8e5f-e85d1b135eea_Input-Payload"/>
          <types:attributes type="auto_95d65f26-d48d-48dd-8e5f-e85d1b135eea_Input-Attributes"/>
        </types:message>
        <types:variables>
          <types:variable name="outboundHeaders" type="auto_95d65f26-d48d-48dd-8e5f-e85d1b135eea_Input-Variables-outboundHeaders"/>
          <types:variable name="httpStatus" type="auto_95d65f26-d48d-48dd-8e5f-e85d1b135eea_Input-Variables-httpStatus"/>
          <types:variable name="fileId" type="auto_95d65f26-d48d-48dd-8e5f-e85d1b135eea_Input-Variables-fileId"/>
        </types:variables>
      </types:input-event>
      <types:output-event>
        <types:message>
          <types:payload type="auto_95d65f26-d48d-48dd-8e5f-e85d1b135eea_Output-Payload"/>
          <types:attributes type="auto_95d65f26-d48d-48dd-8e5f-e85d1b135eea_Output-Attributes"/>
        </types:message>
        <types:variables>
          <types:variable name="outboundHeaders" type="auto_95d65f26-d48d-48dd-8e5f-e85d1b135eea_Output-Variables-outboundHeaders"/>
          <types:variable name="httpStatus" type="auto_95d65f26-d48d-48dd-8e5f-e85d1b135eea_Output-Variables-httpStatus"/>
          <types:variable name="fileId" type="auto_95d65f26-d48d-48dd-8e5f-e85d1b135eea_Output-Variables-fileId"/>
        </types:variables>
      </types:output-event>
    </types:processor-declaration>
  </types:enrichment>
  <types:enrichment select="#6fe77c06-a019-44e8-80f6-c16f7c4beb70">
    <types:processor-declaration>
      <types:input-event>
        <types:message>
          <types:payload type="auto_6fe77c06-a019-44e8-80f6-c16f7c4beb70_Input-Payload"/>
          <types:attributes type="auto_6fe77c06-a019-44e8-80f6-c16f7c4beb70_Input-Attributes"/>
        </types:message>
        <types:variables>
          <types:variable name="outboundHeaders" type="auto_6fe77c06-a019-44e8-80f6-c16f7c4beb70_Input-Variables-outboundHeaders"/>
          <types:variable name="httpStatus" type="auto_6fe77c06-a019-44e8-80f6-c16f7c4beb70_Input-Variables-httpStatus"/>
          <types:variable name="fileId" type="auto_6fe77c06-a019-44e8-80f6-c16f7c4beb70_Input-Variables-fileId"/>
        </types:variables>
      </types:input-event>
      <types:output-event>
        <types:message>
          <types:payload type="auto_6fe77c06-a019-44e8-80f6-c16f7c4beb70_Output-Payload"/>
          <types:attributes type="auto_6fe77c06-a019-44e8-80f6-c16f7c4beb70_Output-Attributes"/>
        </types:message>
        <types:variables>
          <types:variable name="outboundHeaders" type="auto_6fe77c06-a019-44e8-80f6-c16f7c4beb70_Output-Variables-outboundHeaders"/>
          <types:variable name="httpStatus" type="auto_6fe77c06-a019-44e8-80f6-c16f7c4beb70_Output-Variables-httpStatus"/>
          <types:variable name="fileId" type="auto_6fe77c06-a019-44e8-80f6-c16f7c4beb70_Output-Variables-fileId"/>
        </types:variables>
      </types:output-event>
    </types:processor-declaration>
  </types:enrichment>
  <types:enrichment select="#4fd36342-4ac4-4b5c-9e2a-850dea95fa7d">
    <types:processor-declaration>
      <types:input-event>
        <types:message>
          <types:payload type="auto_4fd36342-4ac4-4b5c-9e2a-850dea95fa7d_Input-Payload"/>
          <types:attributes type="auto_4fd36342-4ac4-4b5c-9e2a-850dea95fa7d_Input-Attributes"/>
        </types:message>
        <types:variables>
          <types:variable name="outboundHeaders" type="auto_4fd36342-4ac4-4b5c-9e2a-850dea95fa7d_Input-Variables-outboundHeaders"/>
          <types:variable name="httpStatus" type="auto_4fd36342-4ac4-4b5c-9e2a-850dea95fa7d_Input-Variables-httpStatus"/>
          <types:variable name="fileId" type="auto_4fd36342-4ac4-4b5c-9e2a-850dea95fa7d_Input-Variables-fileId"/>
        </types:variables>
      </types:input-event>
      <types:output-event>
        <types:message>
          <types:payload type="auto_4fd36342-4ac4-4b5c-9e2a-850dea95fa7d_Output-Payload"/>
          <types:attributes type="auto_4fd36342-4ac4-4b5c-9e2a-850dea95fa7d_Output-Attributes"/>
        </types:message>
        <types:variables>
          <types:variable name="outboundHeaders" type="auto_4fd36342-4ac4-4b5c-9e2a-850dea95fa7d_Output-Variables-outboundHeaders"/>
          <types:variable name="httpStatus" type="auto_4fd36342-4ac4-4b5c-9e2a-850dea95fa7d_Output-Variables-httpStatus"/>
          <types:variable name="fileId" type="auto_4fd36342-4ac4-4b5c-9e2a-850dea95fa7d_Output-Variables-fileId"/>
        </types:variables>
      </types:output-event>
    </types:processor-declaration>
  </types:enrichment>
  <types:enrichment select="#7faa0758-2d52-447a-8cd5-643b72ac3167">
    <types:processor-declaration>
      <types:input-event>
        <types:message>
          <types:payload type="auto_7faa0758-2d52-447a-8cd5-643b72ac3167_Input-Payload"/>
        </types:message>
        <types:variables>
          <types:variable name="fileName" type="auto_7faa0758-2d52-447a-8cd5-643b72ac3167_Input-Variables-fileName"/>
          <types:variable name="folderId" type="auto_7faa0758-2d52-447a-8cd5-643b72ac3167_Input-Variables-folderId"/>
        </types:variables>
      </types:input-event>
      <types:output-event>
        <types:message>
          <types:payload type="auto_7faa0758-2d52-447a-8cd5-643b72ac3167_Output-Payload"/>
          <types:attributes type="auto_7faa0758-2d52-447a-8cd5-643b72ac3167_Output-Attributes"/>
        </types:message>
        <types:variables>
          <types:variable name="fileName" type="auto_7faa0758-2d52-447a-8cd5-643b72ac3167_Output-Variables-fileName"/>
          <types:variable name="folderId" type="auto_7faa0758-2d52-447a-8cd5-643b72ac3167_Output-Variables-folderId"/>
        </types:variables>
      </types:output-event>
    </types:processor-declaration>
  </types:enrichment>
  <types:enrichment select="#29bae455-fe97-44b8-99a6-312a20c383b7">
    <types:processor-declaration>
      <types:input-event>
        <types:message>
          <types:payload type="auto_29bae455-fe97-44b8-99a6-312a20c383b7_Input-Payload"/>
        </types:message>
        <types:variables>
          <types:variable name="fileName" type="auto_29bae455-fe97-44b8-99a6-312a20c383b7_Input-Variables-fileName"/>
          <types:variable name="folderId" type="auto_29bae455-fe97-44b8-99a6-312a20c383b7_Input-Variables-folderId"/>
        </types:variables>
      </types:input-event>
      <types:output-event>
        <types:message>
          <types:payload type="auto_29bae455-fe97-44b8-99a6-312a20c383b7_Output-Payload"/>
          <types:attributes type="auto_29bae455-fe97-44b8-99a6-312a20c383b7_Output-Attributes"/>
        </types:message>
        <types:variables>
          <types:variable name="fileName" type="auto_29bae455-fe97-44b8-99a6-312a20c383b7_Output-Variables-fileName"/>
          <types:variable name="folderId" type="auto_29bae455-fe97-44b8-99a6-312a20c383b7_Output-Variables-folderId"/>
        </types:variables>
      </types:output-event>
    </types:processor-declaration>
  </types:enrichment>
  <types:enrichment select="#51dc5c4e-27c2-4ab7-ab74-30712ba911e5">
    <types:processor-declaration>
      <types:output-event>
        <types:message>
          <types:payload type="auto_51dc5c4e-27c2-4ab7-ab74-30712ba911e5_Output-Payload"/>
          <types:attributes type="auto_51dc5c4e-27c2-4ab7-ab74-30712ba911e5_Output-Attributes"/>
        </types:message>
      </types:output-event>
    </types:processor-declaration>
  </types:enrichment>
</types:mule>