{
    "secCode": "PPD",
    "entryDescription": "PAYROLL",
    "requestedExecutionDate": "2022-03-22",
    "debtor": {
        "achCompanyId": "ACHCOID123",
        "name": "Debtor Company",
        "address": {
          "addressLine1": "The first line of address.",
          "addressLine2": "The second line of address.",
          "city": "The city",
          "state": "CA",
          "postalCode": "The ZIP code if in the U.S. or postal code if outside of the U.S.",
          "countryCode": "US"
        }
    },
    "creditTransfer": {
        "endToEndId": "1234567",
        "traceNumber": "190000911234567",
        "isPrenote": false,
        "discretionaryData": "R",
        "payment": {
            "amount": "1370.05",
            "currency": "USD"
        },
        "creditor": {
            "name": "Joe Creditor",
            "address": {
              "addressLine1": "The first line of address.",
              "addressLine2": "The second line of address.",
              "city": "The city",
              "state": "CA",
              "postalCode": "The ZIP code if in the U.S. or postal code if outside of the U.S.",
              "countryCode": "US"
            },
            "bankAccount": {
              "accountType": "CHECKING",
              "currency": "USD",
              "countryCode": "US",
              "accountNumberType": "OTHER",
              "accountNumber": "3467487657",
              "routingNumberType": "USABA",
              "routingNumber": "19000091"
            }
        },
        "remittanceInformation": {
            "unstructuredAddenda": [
                "Just free-form text"
            ]
        }
    }
}