<?xml version="1.0" encoding="UTF-8"?>

<mule xmlns:os="http://www.mulesoft.org/schema/mule/os"
	xmlns:secure-properties="http://www.mulesoft.org/schema/mule/secure-properties"
	xmlns:ee="http://www.mulesoft.org/schema/mule/ee/core"
	xmlns:apikit="http://www.mulesoft.org/schema/mule/mule-apikit"
	xmlns:api-gateway="http://www.mulesoft.org/schema/mule/api-gateway"
	xmlns:http="http://www.mulesoft.org/schema/mule/http"
	xmlns="http://www.mulesoft.org/schema/mule/core"
	xmlns:doc="http://www.mulesoft.org/schema/mule/documentation"
	xmlns:xsi="http://www.w3.org/2001/XMLSchema-instance"
	xsi:schemaLocation="
http://www.mulesoft.org/schema/mule/mule-apikit http://www.mulesoft.org/schema/mule/mule-apikit/current/mule-apikit.xsd 
http://www.mulesoft.org/schema/mule/http http://www.mulesoft.org/schema/mule/http/current/mule-http.xsd http://www.mulesoft.org/schema/mule/core http://www.mulesoft.org/schema/mule/core/current/mule.xsd
http://www.mulesoft.org/schema/mule/api-gateway http://www.mulesoft.org/schema/mule/api-gateway/current/mule-api-gateway.xsd
http://www.mulesoft.org/schema/mule/secure-properties http://www.mulesoft.org/schema/mule/secure-properties/current/mule-secure-properties.xsd
http://www.mulesoft.org/schema/mule/os http://www.mulesoft.org/schema/mule/os/current/mule-os.xsd">
	<http:listener-config
		name="payment-http-listener-config" doc:name="HTTP Listener config"
		doc:id="0b818e5e-5b2b-41a4-ba99-239efebb311f">
		<http:listener-connection host="${http.host}"
			port="${http.port}" />
	</http:listener-config>
	<apikit:config name="payment-accelerator-sys-api-config"
		outboundHeadersMapName="outboundHeaders"
		httpStatusVarName="httpStatus" api="payment-accelerator-sys-api.raml"
		doc:name="payment-acc-api-config" />
	<http:request-config
		name="basic-auth-request-configuration"
		doc:name="HTTP Request configuration"
		doc:id="e4a031f1-c90d-4547-ba8e-6d498b86f839"
		basePath="${req.token.basePath}">
		<http:request-connection protocol="HTTPS"
			host="${req.host}">
			<http:authentication>
				<http:basic-authentication
					username="${req.username}" password="${req.password}" />
			</http:authentication>
		</http:request-connection>
	</http:request-config>
	<http:request-config
		name="ach-payments-request-configuration"
		doc:name="HTTP Request configuration"
		doc:id="d36e80d5-5d76-4a3f-a48d-b62eb0bf0db0"
		basePath="${req.ach.basePath}">
		<http:request-connection protocol="HTTPS"
			host="${req.host}" />
	</http:request-config>
	<http:request-config
		name="wire-payments-request-configuration"
		doc:name="HTTP Request configuration"
		doc:id="4b010281-773c-4b5b-a462-6c9928545d96"
		basePath="${req.wire.basePath}">
		<http:request-connection protocol="HTTPS"
			host="${req.host}" />
	</http:request-config>
	<os:object-store name="access_token_os"
		doc:name="Object store" doc:id="22b4045f-f478-422b-bf84-87c844849252"
		maxEntries="${os.maxEntries}" entryTtl="${os.entryTTL}" />
	<api-gateway:autodiscovery apiId="${api.id}"
		ignoreBasePath="true" doc:name="api-autodiscovery"
		doc:id="589bfa17-aa95-430f-a0cc-784b2cb8a01e"
		flowRef="payment-accelerator-sys-api-main" />
	<configuration
		doc:name="global-error-handler-configuration"
		doc:id="36e836cf-4e78-44a8-9d9c-6e68108ed44f"
		defaultErrorHandler-ref="global-error-handler" />
	<configuration-properties
		doc:name="configuration-properties-env"
		doc:id="69fcab58-5a98-455b-bffc-cbbcb983908a"
		file="properties/${mule.env}.yaml " />
	<secure-properties:config
		name="configuration-properties-secured-env"
		doc:name="Secure Properties Config"
		doc:id="fece7e19-4410-494f-ad60-3b0d3a462fd5"
		file="secure/properties/${mule.env}-secure.yaml" key="${mule.key}" />
	<global-property doc:name="Global Property"
		doc:id="dd0a430c-6b6b-4e9e-96b1-09b474e7167d" name="mule.env"
		value="local" />
	<global-property doc:name="Global Property"
		doc:id="5e0fcd9e-5124-4db2-88fe-a45d771dd481" name="mule.key"
		value="mulesoft12345678" />
</mule>
