<?xml version="1.0" encoding="UTF-8"?>
<mule xmlns="http://www.mulesoft.org/schema/mule/core" xmlns:apikit="http://www.mulesoft.org/schema/mule/mule-apikit" xmlns:doc="http://www.mulesoft.org/schema/mule/documentation" xmlns:ee="http://www.mulesoft.org/schema/mule/ee/core" xmlns:http="http://www.mulesoft.org/schema/mule/http" xmlns:xsi="http://www.w3.org/2001/XMLSchema-instance" xsi:schemaLocation="http://www.mulesoft.org/schema/mule/core http://www.mulesoft.org/schema/mule/core/current/mule.xsd http://www.mulesoft.org/schema/mule/http http://www.mulesoft.org/schema/mule/http/current/mule-http.xsd http://www.mulesoft.org/schema/mule/mule-apikit http://www.mulesoft.org/schema/mule/mule-apikit/current/mule-apikit.xsd http://www.mulesoft.org/schema/mule/ee/core http://www.mulesoft.org/schema/mule/ee/core/current/mule-ee.xsd ">
    <flow name="payment-accelerator-sys-api-main">
        <http:listener config-ref="payment-http-listener-config" path="${http.path}">
            <http:response statusCode="#[vars.httpStatus default 200]">
                <http:headers><![CDATA[#[vars.outboundHeaders default {}]]]></http:headers>
            </http:response>
            <http:error-response statusCode="#[vars.httpStatus default 500]">
                <http:body><![CDATA[#[payload]]]></http:body>
                <http:headers><![CDATA[#[vars.outboundHeaders default {}]]]></http:headers>
            </http:error-response>
        </http:listener>
        <set-variable value="#[%dw 2.0&#xA;output application/json&#xA;---&#xA;attributes.headers.&quot;x-correlation-id&quot; default correlationId]" doc:name="set var correlationId" doc:id="43089001-bb40-4057-af64-5f61ddd6e679" variableName="correlationId" />
        <logger level="INFO" doc:name="payment-acc-api started" doc:id="73d98af0-48e8-4415-aa66-0c21c547c26b" message="#[vars.correlationId default &quot;&quot; ++ &quot; payment-acc-api started - at : &quot; ++ now()]" />
        <apikit:router config-ref="payment-accelerator-sys-api-config" />
        <logger level="INFO" doc:name="payment-acc-api ended" doc:id="9879339c-173f-4474-996d-a0740ab9b55d" message="#[vars.correlationId default &quot;&quot; ++ &quot; payment-acc-api ended - at : &quot; ++ now()]" />
        <error-handler ref="global-error-handler" />
    </flow>
    <flow name="payment-accelerator-sys-api-console">
        <http:listener config-ref="payment-http-listener-config" path="/console/*">
            <http:response statusCode="#[vars.httpStatus default 200]">
                <http:headers><![CDATA[#[vars.outboundHeaders default {}]]]></http:headers>
            </http:response>
            <http:error-response statusCode="#[vars.httpStatus default 500]">
                <http:body><![CDATA[#[payload]]]></http:body>
                <http:headers><![CDATA[#[vars.outboundHeaders default {}]]]></http:headers>
            </http:error-response>
        </http:listener>
        <choice doc:name="Enable/Disable Console" doc:id="0d993298-e857-42e2-baf7-694c67cdbb41">
            <when expression="${api.viewConsole} ">
                <apikit:console config-ref="payment-accelerator-sys-api-config" />
            </when>
            <otherwise>
                <ee:transform doc:name="The Console is disabled." doc:id="a9f6b1ae-80b0-4518-b013-b84fef72b844">
                    <ee:message>
                        <ee:set-payload><![CDATA[%dw 2.0
output application/json
---
"The Console is disabled."]]></ee:set-payload>
                    </ee:message>
                </ee:transform>
            </otherwise>
        </choice>
        <error-handler ref="global-error-handler" />
    </flow>
    <flow name="get:\api\v1\ping:payment-accelerator-sys-api-config">
        <logger level="INFO" doc:name="Start Log" doc:id="034f4784-3e90-4303-a676-f27fc297a964" message="#[vars.correlationId default &quot;&quot; ++ &quot; ping flow started. - at : &quot; ++ now()]" />
        <ee:transform doc:name="Response" doc:id="a00a9971-ee63-4952-933b-2b8b0f9b9ad4">
            <ee:message>
                <ee:set-payload><![CDATA[%dw 2.0
output application/json
---
{
  status: "UP",
  api: "${api.name}",
  env: "${api.env}",
  timestamp: now() as String {format: "dd/MM/yyyy HH:mm:SS"}
}]]></ee:set-payload>
            </ee:message>
        </ee:transform>
        <logger level="INFO" doc:name="End Log" doc:id="05da4afc-93f9-4b56-816b-8ff66d438030" message="#[vars.correlationId default &quot;&quot; ++ &quot; ping flow ended. - at : &quot; ++ now()]" />
    </flow>
    <flow name="get:\api\v1\health-check:payment-accelerator-sys-api-config">
        <logger level="INFO" doc:name="Start Log" doc:id="40cd6b91-387b-4dca-91d6-4a05ba4cba51" message="#[vars.correlationId default &quot;&quot; ++ &quot; health-check flow started. - at : &quot; ++ now()]" />
        <flow-ref doc:name="Calling Wells Fargo Service" doc:id="79683d0f-4c47-45ad-afff-3b7a0fff83e0" name="generate-token-subflow" />
        <ee:transform doc:name="Response" doc:id="c3046780-dc67-40d6-8269-470bcc51a8a7">
            <ee:message>
                <ee:set-payload><![CDATA[%dw 2.0
output application/json
---
{
  response: {
    application: "${api.name}",
    buildversion: "${api.buildversion}",
    buildTimestamp: now() as String {format: "dd/MM/yyyy HH:mm:SS"},
    status: "UP",
    env: "${api.env}",
    systems: [
      {
        name: "Wells Fargo API",
        status: if((attributes.statusCode) == 200) "UP" else "DOWN"
      }
    ]
  }
}]]></ee:set-payload>
            </ee:message>
        </ee:transform>
        <logger level="INFO" doc:name="End Log" doc:id="b2d4bb53-d9fe-4967-b610-283619572c1b" message="#[vars.correlationId default &quot;&quot; ++ &quot; health-check flow ended. - at : &quot; ++ now()]" />
        <error-handler>
            <on-error-continue enableNotifications="true" logException="true" doc:name="On Error Continue" doc:id="195f5a01-3bd7-4da6-8d6a-a1cee1fa6a88">
                <logger level="INFO" doc:name="Logger" doc:id="fd830628-8d89-4fbc-bd3d-cde257b5652c" />
            </on-error-continue>
        </error-handler>
    </flow>
    <flow name="get:\api\v1\token:payment-accelerator-sys-api-config">
        <flow-ref doc:name="generate-token-subflow" doc:id="66fcccc1-dc4b-4c51-931f-b57d8330cbaa" name="generate-token-subflow" />
    </flow>
    <flow name="post:\api\v1\revoke:application\x-www-form-urlencoded:payment-accelerator-sys-api-config">
        <flow-ref doc:name="revoke-token-subflow" doc:id="8f0a64a2-3a56-4134-9da1-33c15f043ee4" name="revoke-token-subflow" />
    </flow>
    <flow name="post:\api\v1\ach-payments\credit-transfers:application\json:payment-accelerator-sys-api-config">
        <set-variable value="#[('${req.validScopes}' splitBy  &quot;,&quot;)[0]]" doc:name="Setting ACH-All Scope" doc:id="2446d445-97d8-42bd-ae88-47673a0a6371" variableName="scope" />
        <flow-ref doc:name="create-credit-transfers-subflow" doc:id="41f8c228-3928-4832-b51d-65fb50a5d19c" name="create-credit-transfers-subflow" />
    </flow>
    <flow name="post:\api\v1\ach-payments\direct-debits:application\json:payment-accelerator-sys-api-config">
        <set-variable value="#[('${req.validScopes}' splitBy  &quot;,&quot;)[0]]" doc:name="Setting ACH-All Scope" doc:id="5a8322f5-847f-4c23-b6e7-0595a1447edb" variableName="scope" />
        <flow-ref doc:name="create-direct-debits-subflow" doc:id="00cb8bce-9e91-4c4e-8bb8-09b90ae93677" name="create-direct-debits-subflow" />
    </flow>
    <flow name="get:\api\v1\ach-payments\(payment-id):payment-accelerator-sys-api-config">
        <set-variable value="#[('${req.validScopes}' splitBy  &quot;,&quot;)[0]]" doc:name="Setting ACH-All Scope" doc:id="3599cc66-557f-4fb9-b026-8ff965caea5e" variableName="scope" />
        <ee:transform doc:name="Setting Variable payment-id">
            <ee:variables>
                <ee:set-variable variableName="payment-id"><![CDATA[%dw 2.0
output application/json
---
attributes.uriParams.'payment-id']]></ee:set-variable>
            </ee:variables>
        </ee:transform>
        <flow-ref doc:name="get-payments-by-payment-id-subflow" doc:id="d335036d-cbf0-4c2a-a43e-14c2249df97f" name="get-payments-by-payment-id-subflow" />
    </flow>
    <flow name="post:\api\v1\wire-payments\template:application\json:payment-accelerator-sys-api-config">
        <set-variable value="#[('${req.validScopes}' splitBy  &quot;,&quot;)[2]]" doc:name="Setting Wires-Payments-Template Scope" doc:id="3e6a9ae3-0946-484e-9993-0ea42439989f" variableName="scope" />
        <flow-ref doc:name="create-wires-template-subflow" doc:id="aa1fef4d-1e31-4ba5-bdbc-0b41f299370a" name="create-wires-template-subflow" />
    </flow>
    <flow name="post:\api\v1\wire-payments\domestic-wire:application\json:payment-accelerator-sys-api-config">
        <set-variable value="#[('${req.validScopes}' splitBy  &quot;,&quot;)[1]]" doc:name="Setting Wires-Payments Scope" doc:id="c2392a6b-431d-4b7d-b562-53f4200afae5" variableName="scope" />
        <flow-ref doc:name="create-domestic-wire-subflow" doc:id="0da5b93f-da97-4880-9042-ed5d2a32672f" name="create-domestic-wire-subflow" />
    </flow>
    <flow name="get:\api\v1\wire-payments\(payment-id):payment-accelerator-sys-api-config">
        <set-variable value="#[('${req.validScopes}' splitBy  &quot;,&quot;)[3]]" doc:name="Setting Wires-Payments-Status Scope" doc:id="e1afff55-83c5-433f-8416-338ae0f6c4fa" variableName="scope" />
        <ee:transform doc:name="Setting Variable payment-id" doc:id="16722003-4a81-40f2-81a5-80816f0e1a23">
            <ee:variables>
                <ee:set-variable variableName="payment-id"><![CDATA[%dw 2.0
output application/json
---
attributes.uriParams.'payment-id']]></ee:set-variable>
            </ee:variables>
        </ee:transform>
        <flow-ref doc:name="check-wire-status-by-payment-id-subflow" doc:id="a246fd1f-84df-4bb3-b9f4-2415ad24c82b" name="check-wire-status-by-payment-id-subflow" />
    </flow>
</mule>
