<?xml version="1.0" encoding="UTF-8"?>

<mule xmlns:box="http://www.mulesoft.org/schema/mule/box" xmlns:http="http://www.mulesoft.org/schema/mule/http"
	xmlns="http://www.mulesoft.org/schema/mule/core"
	xmlns:doc="http://www.mulesoft.org/schema/mule/documentation" xmlns:xsi="http://www.w3.org/2001/XMLSchema-instance" xsi:schemaLocation="http://www.mulesoft.org/schema/mule/core http://www.mulesoft.org/schema/mule/core/current/mule.xsd
http://www.mulesoft.org/schema/mule/http http://www.mulesoft.org/schema/mule/http/current/mule-http.xsd
http://www.mulesoft.org/schema/mule/box http://www.mulesoft.org/schema/mule/box/current/mule-box.xsd">
	<http:listener-config name="HTTP_Listener_config1" doc:name="HTTP Listener config" doc:id="90456180-9b63-4669-8512-461c665f2391" >
		<http:listener-connection host="0.0.0.0" port="8083" />
	</http:listener-config>
	<sub-flow name="copyFileByFileIdSubFlow" doc:id="024fca0e-d6e0-4afa-8a7c-f7d49c7734d9" >
		<logger level="INFO" doc:name="Start Log" doc:id="3b8d34f9-5c5e-4669-a3a8-b09256d4f5aa" message='#[%dw 2.0 output application/json --- "Flow started to copy file having fileId: " ++ vars.fileId ++ " into folder with parentId " ++ payload.parent.id]' />
		<try doc:name="Try" doc:id="403869ae-7593-4dac-af68-58367ccf026f" >
			<box:create-files-copy-by-file-id doc:name="Copy file" doc:id="403002e7-bcfb-4450-be44-78b696935024" config-ref="Box_Connector_Config_jwt_custom_key" fileId="#[vars.fileId]" />
			<error-handler >
				<on-error-continue enableNotifications="true" logException="true" doc:name="On Error Continue" doc:id="8cd8739c-a3e3-4795-a31f-64f9c4a81fac" when="error.errorMessage.payload.status &gt;=500 and error.errorMessage.payload.status &lt;=504" >
					<until-successful maxRetries="${until-successful.maxRetries}" doc:name="Until Successful" doc:id="d86f0caa-65e5-471d-b070-b188edf34580" millisBetweenRetries="${until-successful.millisBetweenRetries}" >
						<logger level="INFO" doc:name="Start Log" doc:id="0430a1e7-84fd-4e46-8729-04f5f3027aac" message="until successful started for folderId: #[vars.fileId]" />
						<box:create-files-copy-by-file-id doc:name="Copy file" doc:id="009ee95f-a474-4080-9782-3375a94de3e7" config-ref="Box_Connector_Config_jwt_custom_key" fileId="#[vars.fileId]" />
						<logger level="INFO" doc:name="End Log" doc:id="749de672-9012-438a-ba4a-7a2053ff8413" message="until successful ended for folderId: #[vars.fileId]" />
					</until-successful>
				</on-error-continue>
			</error-handler>
		</try>
		<logger level="INFO" doc:name="End Log" doc:id="8bec334d-6d1d-4b28-87d9-25bd210c1cf4" message='#[%dw 2.0 output application/json --- "Flow ended to copy file having fileId: " ++ vars.fileId ++ " into folder with parentId " ++ payload.parent.id]' />
	</sub-flow>
</mule>
