<?xml version="1.0" encoding="UTF-8"?>

<mule xmlns:ee="http://www.mulesoft.org/schema/mule/ee/core" xmlns:box="http://www.mulesoft.org/schema/mule/box"
	xmlns="http://www.mulesoft.org/schema/mule/core"
	xmlns:doc="http://www.mulesoft.org/schema/mule/documentation" xmlns:xsi="http://www.w3.org/2001/XMLSchema-instance" xsi:schemaLocation="http://www.mulesoft.org/schema/mule/core http://www.mulesoft.org/schema/mule/core/current/mule.xsd
http://www.mulesoft.org/schema/mule/box http://www.mulesoft.org/schema/mule/box/current/mule-box.xsd
http://www.mulesoft.org/schema/mule/ee/core http://www.mulesoft.org/schema/mule/ee/core/current/mule-ee.xsd">
	<sub-flow name="deleteFileByFileIdSubFlow" doc:id="1ce7f13d-37a3-4e36-ba5f-5ae4103fe543" >
		<logger level="INFO" doc:name="Start Log" doc:id="85c0684c-9826-4c0c-8720-7f13dc04648d" message="delete file by fileId: #[vars.fileId] flow started." />
		<try doc:name="Try" doc:id="2ef581e1-f6a8-4eeb-b4fe-680c471e59da">
			<box:delete-files-by-file-id doc:name="Delete file" doc:id="ea15c9cc-617f-48e3-bf51-a76fb3f53ea4" config-ref="Box_Connector_Config_jwt_custom_key" fileId="#[vars.'fileId']" />
			<error-handler>
				<on-error-continue enableNotifications="true" logException="true" doc:name="On Error Continue" doc:id="27bb9d46-8ed9-4064-9e41-64d7d3ffdef8" when="error.errorMessage.payload.status &gt;=500 and error.errorMessage.payload.status &lt;=504">
					<until-successful maxRetries="${until-successful.maxRetries}" doc:name="Until Successful" doc:id="72e7ed9d-fc2a-4a37-a6fe-24c3a16b3547" millisBetweenRetries="${until-successful.millisBetweenRetries}">
						<logger level="INFO" doc:name="Start Log" doc:id="55e5e36d-ee61-4636-8b8d-ac7fb5e855e8" message="until successful started for fileId: #[vars.fileId]" />
						<box:delete-files-by-file-id doc:name="Delete file" doc:id="d46c46e4-ae9b-43e0-8c5d-e0569c093a85" config-ref="Box_Connector_Config_jwt_custom_key" fileId="#[vars.'fileId']" />
						<logger level="INFO" doc:name="End Log" doc:id="26e99794-1cd8-4d0a-9777-8670fb6063e3" message="until successful ended for fileId: #[vars.fileId]" />
					</until-successful>
				</on-error-continue>
			</error-handler>
		</try>
		<ee:transform doc:name="Response" doc:id="41bd4c39-5df9-4957-87b2-70b2db5d7e6b">
			<ee:message>
				<ee:set-payload><![CDATA[%dw 2.0
output application/json
---
{
    "message": "File with id: " ++ vars.'fileId' default ""++ " removed successfully."
}]]></ee:set-payload>
			</ee:message>
		</ee:transform>
		<logger level="INFO" doc:name="End Log" doc:id="60897fb3-2fcb-45b9-a528-43e2579207b0" message="delete file by fileId: #[vars.fileId] flow ended." />
	</sub-flow>
</mule>
