<?xml version="1.0" encoding="UTF-8"?>

<mule xmlns:ee="http://www.mulesoft.org/schema/mule/ee/core"
	xmlns:http="http://www.mulesoft.org/schema/mule/http"
	xmlns:file="http://www.mulesoft.org/schema/mule/file" xmlns:box="http://www.mulesoft.org/schema/mule/box"
	xmlns="http://www.mulesoft.org/schema/mule/core"
	xmlns:doc="http://www.mulesoft.org/schema/mule/documentation" xmlns:xsi="http://www.w3.org/2001/XMLSchema-instance" xsi:schemaLocation="
http://www.mulesoft.org/schema/mule/http http://www.mulesoft.org/schema/mule/http/current/mule-http.xsd 
http://www.mulesoft.org/schema/mule/file http://www.mulesoft.org/schema/mule/file/current/mule-file.xsd http://www.mulesoft.org/schema/mule/core http://www.mulesoft.org/schema/mule/core/current/mule.xsd
http://www.mulesoft.org/schema/mule/box http://www.mulesoft.org/schema/mule/box/current/mule-box.xsd
http://www.mulesoft.org/schema/mule/ee/core http://www.mulesoft.org/schema/mule/ee/core/current/mule-ee.xsd">
	<sub-flow name="downloadFileByFileIdSubFlow" doc:id="11830e27-5d86-4557-9c3e-7c89bcd76645" >
<logger level="INFO" doc:name="Start Log" doc:id="b90cf382-529f-4bd6-92db-5d134de9774b" message="download file by fileId: #[vars.fileId] flow started." />
				<try doc:name="Try" doc:id="0ef09f70-bc28-4b3f-a66a-4c099dfa4c05">
			<box:get-files-content-by-file-id doc:name="Download file" doc:id="ce793379-63db-48de-a0ba-1fe1997a853f" config-ref="Box_Connector_Config_jwt_custom_key" fileId="#[vars.'fileId']" target="downloadPay" />
			<error-handler>
				<on-error-continue enableNotifications="true" logException="true" doc:name="On Error Continue" doc:id="93b728af-09ed-4db4-9e9b-96fa80f73781" when="error.errorMessage.payload.status &gt;=500 and error.errorMessage.payload.status &lt;=504">
					<until-successful maxRetries="${until-successful.maxRetries}" doc:name="Until Successful" doc:id="7e9d7082-3b49-42b1-8c01-3f48b36137c9" millisBetweenRetries="${until-successful.millisBetweenRetries}">
						<logger level="INFO" doc:name="Start Log" doc:id="7cfb9cb1-ae52-4fb3-a064-457cef5e3031" message="until successful started for fileId: #[vars.fileId]" />
						<box:get-files-content-by-file-id doc:name="Download file" doc:id="827b0076-e488-4e10-a4b0-df9d6357e994" config-ref="Box_Connector_Config_jwt_custom_key" fileId="#[vars.'fileId']" target="downloadPay" />
						<logger level="INFO" doc:name="End Log" doc:id="d39f65ab-0462-4484-a932-9ca8eae84956" message="until successful ended for fileId: #[vars.fileId]" />
					</until-successful>
				</on-error-continue>
			</error-handler>
		</try>
		<ee:transform doc:name="convert payload to base64" doc:id="ff97fcb9-9465-46da-bdca-75f49ed57e42" >
			<ee:message >
				<ee:set-payload ><![CDATA[%dw 2.0
import * from dw::core::Binaries
var myfile = vars.downloadPay
output text/plain
---
toBase64(myfile as Binary)]]></ee:set-payload>
			</ee:message>
		</ee:transform>
		<logger level="INFO" doc:name="End Log" doc:id="d420c748-efd5-4662-ad79-bffb0121fa04" message="download file by fileId: #[vars.fileId] flow ended." />
	</sub-flow>
	
</mule>
