<?xml version="1.0" encoding="UTF-8"?>

<mule xmlns:ee="http://www.mulesoft.org/schema/mule/ee/core"
	xmlns:box="http://www.mulesoft.org/schema/mule/box"
	xmlns="http://www.mulesoft.org/schema/mule/core"
	xmlns:doc="http://www.mulesoft.org/schema/mule/documentation"
	xmlns:xsi="http://www.w3.org/2001/XMLSchema-instance"
	xsi:schemaLocation="http://www.mulesoft.org/schema/mule/core http://www.mulesoft.org/schema/mule/core/current/mule.xsd
http://www.mulesoft.org/schema/mule/box http://www.mulesoft.org/schema/mule/box/current/mule-box.xsd
http://www.mulesoft.org/schema/mule/ee/core http://www.mulesoft.org/schema/mule/ee/core/current/mule-ee.xsd">

	<sub-flow name="getFileDetailsByFileIdSubFlow" doc:id="ac420e51-772d-43c1-b393-359db2d76a8d" >
		<logger level="INFO" doc:name="Start Log" doc:id="79e89398-d46b-4118-9071-a93672a8d31d" message="get file details by fileId: #[vars.fileId] flow started." />
		<try doc:name="Try" doc:id="8781950d-6612-450d-a296-c195a6765ddf">
			<box:get-files-by-file-id doc:name="Get file information" doc:id="5118a326-2160-41ac-b45f-76ba0a3eda4a" config-ref="Box_Connector_Config_jwt_custom_key" fileId="#[vars.'fileId']" xRepHints='#[""]' />
			<error-handler>
				<on-error-continue enableNotifications="true" logException="true" doc:name="On Error Continue" doc:id="936ec3ba-f5c1-451c-8093-907da5650d0b" when="error.errorMessage.payload.status &gt;=500 and error.errorMessage.payload.status &lt;=504">
					<until-successful maxRetries="${until-successful.maxRetries}" doc:name="Until Successful" doc:id="874713bf-2237-424f-8637-9d860d3c8299" millisBetweenRetries="${until-successful.millisBetweenRetries}">
						<logger level="INFO" doc:name="Start Log" doc:id="c67af237-10d9-4a95-a7c0-d686132978d5" message="until successful started for fileId: #[vars.fileId]" />
						<box:get-files-by-file-id doc:name="Get file information" doc:id="255fa50b-3321-4235-806c-e9a83af8f796" config-ref="Box_Connector_Config_jwt_custom_key" fileId="#[vars.'fileId']" xRepHints='#[""]' />
						<logger level="INFO" doc:name="End Log" doc:id="f481f4ef-cd4e-4e74-b950-13a071234b38" message="until successful ended for fileId: #[vars.fileId]" />
					</until-successful>
				</on-error-continue>
			</error-handler>
		</try>
		<logger level="INFO" doc:name="End Log" doc:id="ecafd7d1-bc32-4d7c-9aaa-3a58e69dc9a5" message="get file details by fileId: #[vars.fileId] flow ended." />
	</sub-flow>
</mule>
