<?xml version="1.0" encoding="UTF-8"?>

<mule xmlns:file="http://www.mulesoft.org/schema/mule/file"
	xmlns:box="http://www.mulesoft.org/schema/mule/box"
	xmlns:http="http://www.mulesoft.org/schema/mule/http"
	xmlns:ee="http://www.mulesoft.org/schema/mule/ee/core"
	xmlns="http://www.mulesoft.org/schema/mule/core"
	xmlns:doc="http://www.mulesoft.org/schema/mule/documentation"
	xmlns:xsi="http://www.w3.org/2001/XMLSchema-instance"
	xsi:schemaLocation="
http://www.mulesoft.org/schema/mule/file http://www.mulesoft.org/schema/mule/file/current/mule-file.xsd 
http://www.mulesoft.org/schema/mule/http http://www.mulesoft.org/schema/mule/http/current/mule-http.xsd 
http://www.mulesoft.org/schema/mule/ee/core http://www.mulesoft.org/schema/mule/ee/core/current/mule-ee.xsd http://www.mulesoft.org/schema/mule/core http://www.mulesoft.org/schema/mule/core/current/mule.xsd
http://www.mulesoft.org/schema/mule/box http://www.mulesoft.org/schema/mule/box/current/mule-box.xsd">
	<sub-flow name="updateFileByFileIdSubFlow"
		doc:id="7faa0758-2d52-447a-8cd5-643b72ac3167">
		<logger level="INFO" doc:name="Start Log"
			doc:id="7c4b70a8-f2bc-4e07-b27e-4872c17ed1b2"
			message="update file by fileId: #[vars.fileId] flow started." />
		<try doc:name="Try" doc:id="4753fc9d-8d1e-4c18-8856-419f8e6e7845">
			<box:update-files-by-file-id
				doc:name="Update file" doc:id="750bafee-bbb1-4c8b-b0fc-ea9c05484120"
				config-ref="Box_Connector_Config_jwt_custom_key"
				fileId="#[vars.fileId]" />
			<error-handler>
				<on-error-continue enableNotifications="true" logException="true" doc:name="On Error Continue" doc:id="9d1219cc-2782-4233-b72c-2c214609c936" when="error.errorMessage.payload.status &gt;=500 and error.errorMessage.payload.status &lt;=504">
					<until-successful maxRetries="${until-successful.maxRetries}" doc:name="Until Successful" doc:id="c15bdf76-7321-43a1-8711-66143dff68ee" millisBetweenRetries="${until-successful.millisBetweenRetries}">
						<logger level="INFO" doc:name="Start Log" doc:id="ed9c617e-29ef-4ca5-8760-1b9ea4ca8581" message="until successful started for fileId: #[vars.fileId]" />
						<box:update-files-by-file-id doc:name="Update file" doc:id="53d6d491-46f2-4216-bb62-8f53c430fad2" config-ref="Box_Connector_Config_jwt_custom_key" fileId="#[vars.fileId]" />
						<logger level="INFO" doc:name="End Log" doc:id="2a2dc2ee-e59e-434a-a228-abbd3a55252e" message="until successful ended for fileId: #[vars.fileId]" />
					</until-successful>
				</on-error-continue>
			</error-handler>
		</try>
		<logger level="INFO" doc:name="End Log" doc:id="e4db5792-747a-48cc-a7b0-1334b6fbd543" message="update file by fileId: #[vars.fileId] flow ended." />
	</sub-flow>
</mule>