<?xml version="1.0" encoding="UTF-8"?>

<mule xmlns:file="http://www.mulesoft.org/schema/mule/file"
	xmlns:box="http://www.mulesoft.org/schema/mule/box"
	xmlns:http="http://www.mulesoft.org/schema/mule/http"
	xmlns:ee="http://www.mulesoft.org/schema/mule/ee/core"
	xmlns="http://www.mulesoft.org/schema/mule/core"
	xmlns:doc="http://www.mulesoft.org/schema/mule/documentation"
	xmlns:xsi="http://www.w3.org/2001/XMLSchema-instance"
	xsi:schemaLocation="
http://www.mulesoft.org/schema/mule/file http://www.mulesoft.org/schema/mule/file/current/mule-file.xsd 
http://www.mulesoft.org/schema/mule/http http://www.mulesoft.org/schema/mule/http/current/mule-http.xsd 
http://www.mulesoft.org/schema/mule/ee/core http://www.mulesoft.org/schema/mule/ee/core/current/mule-ee.xsd http://www.mulesoft.org/schema/mule/core http://www.mulesoft.org/schema/mule/core/current/mule.xsd
http://www.mulesoft.org/schema/mule/box http://www.mulesoft.org/schema/mule/box/current/mule-box.xsd">
	<sub-flow name="uploadFileConnectorSubflow" doc:id="29bae455-fe97-44b8-99a6-312a20c383b7" >
		<box:create-files-content doc:name="Upload file" doc:id="d422fba8-8450-4d56-afac-4bcb990fc948" config-ref="Box_Connector_Config_jwt_custom_key" filePartFilename="#[vars.fileName]">
						<box:create-files-attributes><![CDATA[#[{
	"name": vars.fileName,
	"parent": {
		"id": vars.folderId
	}
}]]]></box:create-files-attributes>
						<box:file-content><![CDATA[#[payload]]]></box:file-content>
					</box:create-files-content>
	</sub-flow>
	<sub-flow name="uploadFileSubFlow"
		doc:id="f458cc07-5366-480d-96b2-d8fb9a4daa32">
		<logger level="INFO" doc:name="Start Log"
			doc:id="c3984e52-82c8-4342-ae5c-e6ef750eda44"
			message='#["Upload file flow started for filename: " ++ payload.fileName ++ " with folderId: " ++  payload.folderId]' />
		<ee:transform doc:name="Setting fileName and folderId Variable" doc:id="24fd8cd3-c3c7-45c9-9309-565eab9f2806" >
			<ee:message >
			</ee:message>
			<ee:variables >
				<ee:set-variable variableName="fileName" ><![CDATA[%dw 2.0
output application/json 
--- 
payload.fileName]]></ee:set-variable>
				<ee:set-variable variableName="folderId" ><![CDATA[%dw 2.0
output application/json
---
payload.folderId]]></ee:set-variable>
			</ee:variables>
		</ee:transform>
		<flow-ref doc:name="uploadFileSettingRequestSubflow"
			doc:id="36189f1b-90e7-4a3a-b0e0-b9d20a38ff69" name="uploadFileSettingRequestSubflow" />
		<logger level="INFO" doc:name="End Log" doc:id="2bc4ed8a-72b8-411e-aff9-32dc3ab7412b" message='#["Upload file flow ended for filename: " ++ payload.fileName ++ " with folderId: " ++  payload.folderId]' />
	</sub-flow>
	<sub-flow name="uploadFileSettingRequestSubflow" doc:id="1c405ddf-d1d2-4004-9afa-ca6501438270">
		<choice doc:name="Choice" doc:id="5b24f278-4894-453c-806f-7ee388289666">
			<when expression="#['pdf' == lower(payload.fileExtension)]">
				<ee:transform doc:name="Set Request" doc:id="9f4e6bcd-e2ae-48bf-969d-88f21e8054f1">
			<ee:message>
				<ee:set-payload><![CDATA[%dw 2.0
import * from dw::core::Binaries
var myPDFasBinary = payload.data
output application/PDF with binary
---
fromBase64(myPDFasBinary as String)]]></ee:set-payload>
			</ee:message>
			<ee:variables>
			</ee:variables>
		</ee:transform>
				<flow-ref doc:name="uploadFileOperationSubflow" doc:id="24133242-dfa4-4b6f-91d9-3e5daa9429ac" name="uploadFileOperationSubflow" />
			</when>
			<when expression="#['csv' == lower(payload.fileExtension)]">
				<ee:transform doc:name="Set Request" doc:id="f30d4012-8eaa-4f33-a0e7-b2097ad845e1">
					<ee:message>
						<ee:set-payload><![CDATA[%dw 2.0
import * from dw::core::Binaries
var myCSVasBinary = payload.data
output application/csv with binary
---
fromBase64(myCSVasBinary as String)]]></ee:set-payload>
					</ee:message>
					<ee:variables>
					</ee:variables>
				</ee:transform>
				<flow-ref doc:name="uploadFileOperationSubflow" doc:id="b349eb43-af71-497b-a01e-c09216315ae5" name="uploadFileOperationSubflow" />
			</when>
			<when expression="#['json' == lower(payload.fileExtension)]">
				<ee:transform doc:name="Set Request" doc:id="d3186d6e-ab1d-438c-8162-d88971053f81">
					<ee:message>
						<ee:set-payload><![CDATA[%dw 2.0
import * from dw::core::Binaries
var myJSONasBinary = payload.data
output application/json with binary
---
fromBase64(myJSONasBinary as String)]]></ee:set-payload>
					</ee:message>
					<ee:variables>
					</ee:variables>
				</ee:transform>
				<flow-ref doc:name="uploadFileOperationSubflow" doc:id="fb5352a3-a5bf-425c-883d-2dd0f1e96cdb" name="uploadFileOperationSubflow" />
			</when>
			<otherwise>
				<ee:transform doc:name="Set Request" doc:id="65b49254-b96e-4506-b9fa-febc8cb95357">
					<ee:message>
						<ee:set-payload><![CDATA[%dw 2.0
import * from dw::core::Binaries
output application/octet-stream
var myIMAGEasBinary = payload.data
---
fromBase64(myIMAGEasBinary as String)]]></ee:set-payload>
					</ee:message>
					<ee:variables>
					</ee:variables>
				</ee:transform>
				<flow-ref doc:name="uploadFileOperationSubflow" doc:id="f1592aa4-0def-4100-8083-265f1169f825" name="uploadFileOperationSubflow" />
			</otherwise>
		</choice>
	</sub-flow>
	<sub-flow name="uploadFileOperationSubflow"
		doc:id="7faa0758-2d52-447a-8cd5-643b72ac3167">
		<try doc:name="Try" doc:id="fc5c45c9-5747-458f-b9f6-29f8bb10ba8c">
					<flow-ref doc:name="uploadFileConnectorSubflow" doc:id="d4485995-f195-438f-90fe-37432085f530" name="uploadFileConnectorSubflow" />
			<error-handler>
						<on-error-continue enableNotifications="true" logException="true" doc:name="On Error Continue" doc:id="3a709948-4dbc-4fca-835b-d9da3003f891" type="BOX:CONNECTIVITY, BOX:INTERNAL_SERVER_ERROR">
							<until-successful maxRetries="${until-successful.maxRetries}" doc:name="Until Successful" doc:id="0014127a-ba9f-4f14-9269-e7630a3fff4c" millisBetweenRetries="${until-successful.millisBetweenRetries}">
							<logger level="INFO" doc:name="Start Log" doc:id="12fbedb4-be7c-4e4d-b130-df61a68bc600" message='#["until successful started for filename: " ++ vars.fileName ++ " with folderId: " ++  vars.folderId]' />
						<flow-ref doc:name="uploadFileConnectorSubflow" doc:id="8c2f5ca3-caf6-418f-99ef-e7e802f16229" name="uploadFileConnectorSubflow"/>
						<logger level="INFO" doc:name="End Log" doc:id="586fbdec-7ddc-4037-9b27-6d35ffb11b56" message='#["until successful ended for filename: " ++ vars.fileName ++ " with folderId: " ++  vars.folderId]' />
							
							
</until-successful>
						</on-error-continue>
				<on-error-continue enableNotifications="true" logException="true" doc:name="On Error Continue" doc:id="8a2be4d0-1c2f-4ab1-bea5-8d626dc2027a" when='error.errorMessage.payload.message contains "already exists"'>
					<until-successful maxRetries="${until-successful.maxRetries}" doc:name="Until Successful" doc:id="7455b2f3-3acf-49c9-902a-bc42dd66d4a0" millisBetweenRetries="${until-successful.millisBetweenRetries}">
						<set-variable value='#[%dw 2.0&#10;output application/json &#10;--- &#10;vars.fileName ++ "_" ++ now() as String {format: "yyyyMMddHHmmss"}]' doc:name="Setting fileName Variable" doc:id="779db5b5-7911-4791-8bec-159c69fe65dd" variableName="fileName" />
						<logger level="INFO" doc:name="Start Log" doc:id="f6b0f4d4-3c43-4191-b7f5-856d6b75e178" message='#["until successful started for filename: " ++ vars.fileName ++ " with folderId: " ++  vars.folderId]' />
						<flow-ref doc:name="uploadFileConnectorSubflow" doc:id="7a9f1669-a385-47a7-8c6d-d43356772ec9" name="uploadFileConnectorSubflow" />
						<logger level="INFO" doc:name="End Log" doc:id="a7ce4730-a91e-4ff0-9ea5-a80cc0f212b3" message='#["until successful ended for filename: " ++ vars.fileName ++ " with folderId: " ++  vars.folderId]' />
					</until-successful>
				</on-error-continue>
					</error-handler>
			</try>
		<ee:transform doc:name="Response" doc:id="6271b725-14b3-4700-b04f-3169306df33e">
					<ee:message>
						<ee:set-payload><![CDATA[%dw 2.0
output application/json
---
{
    "type": payload.entries.'type'[0],
    "parentId": payload.entries.parent.id[0],
    "folderId": vars.folderId,
    "fileId": payload.entries.id[0],
    "fileName": payload.entries.name[0],
    "folderName": payload.entries.parent.name[0]
}]]></ee:set-payload>
					</ee:message>
				</ee:transform>
	</sub-flow>
</mule>