<?xml version="1.0" encoding="UTF-8"?>

<mule xmlns:os="http://www.mulesoft.org/schema/mule/os"
	xmlns:ee="http://www.mulesoft.org/schema/mule/ee/core"
	xmlns:http="http://www.mulesoft.org/schema/mule/http"
	xmlns="http://www.mulesoft.org/schema/mule/core"
	xmlns:doc="http://www.mulesoft.org/schema/mule/documentation"
	xmlns:xsi="http://www.w3.org/2001/XMLSchema-instance"
	xsi:schemaLocation="http://www.mulesoft.org/schema/mule/core http://www.mulesoft.org/schema/mule/core/current/mule.xsd
http://www.mulesoft.org/schema/mule/http http://www.mulesoft.org/schema/mule/http/current/mule-http.xsd
http://www.mulesoft.org/schema/mule/ee/core http://www.mulesoft.org/schema/mule/ee/core/current/mule-ee.xsd
http://www.mulesoft.org/schema/mule/os http://www.mulesoft.org/schema/mule/os/current/mule-os.xsd">
	<sub-flow name="generate-token-subflow"
		doc:id="eccbdddc-c78c-43e3-a76b-b3a58429cb6b">
		<logger level="INFO" doc:name="Start Log" doc:id="b75a2729-9115-4e65-811f-9b660a6fb9d5" message='#[vars.correlationId default "" ++ " flow started to generate token. - at : " ++ now()]' />
		<ee:transform doc:name="Setting the scope variable" doc:id="d7eb4e36-8032-44ac-aedd-0491abc68a62" >
			<ee:message >
			</ee:message>
			<ee:variables >
				<ee:set-variable variableName="scope" ><![CDATA[%dw 2.0
output application/json
var scope = vars.scope
var scopeQP = attributes.queryParams.scope
---
if (!(isBlank(scope))) upper(scope) else 
if (!(isBlank(scopeQP))) upper(scopeQP) else ""]]></ee:set-variable>
			</ee:variables>
		</ee:transform>
		<ee:transform
			doc:name="Setting query parameters, and payload"
			doc:id="9f1675fa-18ed-40c2-9cc3-02a8c11c6198">
			<ee:message>
				<ee:set-payload><![CDATA[%dw 2.0
output application/json
---
{}]]></ee:set-payload>
			</ee:message>
			<ee:variables>
				<ee:set-variable variableName="queryParameters"><![CDATA[%dw 2.0
output application/json
var grantTypeQP = attributes.queryParams.grantType
fun addScopeQueryParam(grantType: String, scope: String | Null): Object = if ((scope)!= null) 
{
	 "grant_type": grantType,
	 "scope": scope
}
else 
{
	"grant_type": grantType
}
---
addScopeQueryParam(grantTypeQP default '${req.grantType}', vars.scope)]]></ee:set-variable>
			</ee:variables>
		</ee:transform>
		<choice doc:name="Check if the scope is empty." doc:id="4dcffdbf-ad98-4664-afc8-030a9d99ee47" >
			<when expression='#[!(vars.queryParameters.scope == "")]'>
				<logger level="INFO" doc:name="The scope is not empty." doc:id="1557175d-81e1-43d9-8cef-e649e70fd665" message='#[vars.correlationId default "" ++ " The scope is not empty."]'/>
				<choice doc:name="Check if the scope is valid." doc:id="13c85d74-b77a-4e6b-8c26-8583a9169b7e" >
					<when expression="#[('${req.validScopes}' splitBy  &quot;,&quot;) contains vars.queryParameters.scope]">
						<logger level="INFO" doc:name="Scope is valid." doc:id="8e245ce8-bb9a-4233-a8e8-f2fe64b87b4a" message='#[vars.correlationId default "" ++ " Scope is valid."]'/>
						<flow-ref doc:name="request-to-generate-access-token-subflow" doc:id="ab90032a-db38-408b-9205-14c9eef99484" name="request-to-generate-access-token-subflow" />
						<os:store doc:name="Store the access token generated." doc:id="5665c2e4-c402-42d4-871b-d46cc5bc0424" key="#[vars.scope]" objectStore="access_token_os" >
							<os:value ><![CDATA[#[%dw 2.0
output application/json
---
{
	"token": payload.'accessToken',
	"date": now()
}]]]></os:value>
						</os:store>
					</when>
					<otherwise>
						<logger level="INFO" doc:name="Scope is invalid." doc:id="8238787e-91bf-4fcf-9615-751c0277be74" message='#[vars.correlationId default "" ++ " Scope is invalid."]' />
						<raise-error doc:name="Raise error: Invalid Scope" doc:id="023a9329-10c8-48b5-a3e5-55fc91e4ce04" description="Please pass the appropriate scope, as the one provided does not correspond to ACH or wire transfers." type="ERROR:INVALID_SCOPE"/>
					</otherwise>
				</choice>
			</when>
			<otherwise >
				<logger level="INFO" doc:name="The scope is empty." doc:id="627de512-f9f4-4671-97e4-1336c1221586" message='#[vars.correlationId default "" ++ " The scope is empty."]'/>
				<flow-ref doc:name="request-to-generate-access-token-subflow" doc:id="eae83df6-9ac8-4bfb-b388-f2d6d7b5ab25" name="request-to-generate-access-token-subflow" />
			</otherwise>
		</choice>
		<logger level="INFO" doc:name="End Log" doc:id="6ccbf8a1-0914-4244-89c8-117ad0291efd" message='#[vars.correlationId default "" ++ " flow ended to generate token. - at : " ++ now()]' />
	</sub-flow>
	<sub-flow name="request-to-generate-access-token-subflow" doc:id="653739c4-856c-4d76-ac71-6f81a1743658" >
		<try doc:name="Try" doc:id="a9e8486e-3a51-4dbf-8f90-0892316427b7" >
			<flow-ref doc:name="generate-token-operation-subflow" doc:id="9ee2a959-1310-41ba-b22c-c1901b87b07f" name="generate-token-operation-subflow" />
			<error-handler >
				<on-error-continue enableNotifications="true" logException="true" doc:name="On Error Continue" doc:id="dec38fbb-f16d-4d88-b9fc-fa9c100374a8" type="HTTP:CONNECTIVITY, HTTP:INTERNAL_SERVER_ERROR" >
					<until-successful maxRetries="${until-successful.maxRetries}" doc:name="Until Successful" doc:id="6db766a7-42a1-4970-8847-947458c3af35" millisBetweenRetries="${until-successful.millisBetweenRetries}" >
						<logger level="INFO" doc:name="Start Log" doc:id="ce91bdd5-8d87-4a62-8306-f8c0fdc7af5e" message='#[vars.correlationId default "" ++ " Until Successful started to generate token. - at : " ++ now()]' />
						<flow-ref doc:name="generate-token-operation-subflow" doc:id="a3d5eb71-afef-43a3-9b43-e2ccf8791cce" name="generate-token-operation-subflow" />
						<logger level="INFO" doc:name="End Log" doc:id="ccc0d9a0-12ae-4620-914a-8dc54c31c91b" message='#[vars.correlationId default "" ++ " Until Successful ended to generate token. - at : " ++ now()]' />
					</until-successful>
				</on-error-continue>
			</error-handler>
		</try>
	</sub-flow>
	<sub-flow name="generate-token-operation-subflow" doc:id="1769db07-e766-43c1-abcd-56573f91346f">
		<http:request method="POST" doc:name="Request to generate an access token" doc:id="93a5996e-c725-4d6f-9962-eee4e78e59d9" config-ref="basic-auth-request-configuration" path="${req.token.generateTokenPath}">
			<http:query-params><![CDATA[#[vars.queryParameters]]]></http:query-params>
		</http:request>
		<ee:transform doc:name="Response" doc:id="170da1b5-da8a-49bd-98ab-458518dbe99b" >
			<ee:message >
				<ee:set-payload ><![CDATA[%dw 2.0
output application/json
---
{
    "accessToken": payload.'access_token',
    "scope": if(isBlank(vars.queryParameters.scope)) "am_application_scope" else vars.queryParameters.scope,
    "tokenType": payload.'token_type',
    "expiresIn": payload.'expires_in'
}]]></ee:set-payload>
			</ee:message>
		</ee:transform>
	</sub-flow>
</mule>
