<?xml version="1.0" encoding="UTF-8"?>

<mule xmlns:os="http://www.mulesoft.org/schema/mule/os" xmlns:ee="http://www.mulesoft.org/schema/mule/ee/core"
	xmlns="http://www.mulesoft.org/schema/mule/core"
	xmlns:doc="http://www.mulesoft.org/schema/mule/documentation" xmlns:xsi="http://www.w3.org/2001/XMLSchema-instance" xsi:schemaLocation="http://www.mulesoft.org/schema/mule/core http://www.mulesoft.org/schema/mule/core/current/mule.xsd
http://www.mulesoft.org/schema/mule/ee/core http://www.mulesoft.org/schema/mule/ee/core/current/mule-ee.xsd
http://www.mulesoft.org/schema/mule/os http://www.mulesoft.org/schema/mule/os/current/mule-os.xsd">
	<sub-flow name="retrieve-token-subflow" doc:id="25d17164-c4b9-4018-b441-0e76ca1a2d0b" >
		<logger level="INFO" doc:name="Start Log" doc:id="539e8118-7ee3-4ba3-8da7-78bb0e311b38" message='#[vars.correlationId default "" ++ " flow started to retrieve token. - at : " ++ now()]' />
		<os:retrieve doc:name="Retrieve the access token" doc:id="84bf9c49-4aae-4d3e-bc09-e739065cc161" key="#[vars.scope]" objectStore="access_token_os">
				<os:default-value><![CDATA[#[""]]]></os:default-value>
			</os:retrieve>
		<flow-ref doc:name="check-if-token-empty-subflow" doc:id="fa5de701-744f-4f54-80b1-31d04332b94f" name="check-if-token-empty-subflow" />
		<flow-ref doc:name="setting-bearer-token-subflow" doc:id="7dc37aa2-0687-41c9-ac94-c3a2ea8a0312" name="setting-bearer-token-subflow" />
		<logger level="INFO" doc:name="End Log" doc:id="dd72f5f2-df08-4e36-afc6-e1456c9fb8e1" message='#[vars.correlationId default "" ++ " flow ended to retrieve token. - at : " ++ now()]' />
	</sub-flow>
	<sub-flow name="check-if-token-empty-subflow" doc:id="85498b51-836b-4fe7-b23c-7fabde169b83">
		<choice doc:name="Check if the retrieved token is empty." doc:id="f920343e-26aa-4f9b-aafe-cd9aa88c835e">
			<when expression='#[!(payload == "")]'>
				<logger level="INFO" doc:name="The retrieved token is not empty." doc:id="a6d4bdc1-a69c-472d-8ed7-8e81b861e127" message='#[vars.correlationId default "" ++ " The retrieved token is not empty."]' />
				<choice doc:name="Check if the token has expired." doc:id="9bab0bd8-5592-4de5-8ad5-a1ddb96ec5d5">
					<when expression="#[(now() - payload.'date' as DateTime).seconds &gt; '${os.entryTTL}']">
						<logger level="INFO" doc:name="The token has expired." doc:id="e2704ec8-1cbd-4c42-a696-752661e64b09" message='#[vars.correlationId default "" ++ " The token has expired."]' />
						<flow-ref doc:name="generate-token-subflow" doc:id="e077a415-dcf1-4580-855b-b0ffbe7f90f9" name="generate-token-subflow" />
					</when>
					<otherwise>
						<logger level="INFO" doc:name="The token has not expired" doc:id="1cee3117-facf-4cfb-a3b9-4c3ef358332a" message='#[vars.correlationId default "" ++ " The token has not expired."]' />
					</otherwise>
				</choice>
			</when>
			<otherwise>
				<logger level="INFO" doc:name="The retrieved token is empty." doc:id="368089b8-1679-4c25-bc31-199fae530934" message='#[vars.correlationId default "" ++ " The retrieved token is empty."]' />
				<flow-ref doc:name="generate-token-subflow" doc:id="389ba65f-3e5c-4433-8ddb-f88fc89d772b" name="generate-token-subflow" />
			</otherwise>
		</choice>
	</sub-flow>
	<sub-flow name="setting-bearer-token-subflow" doc:id="8afdc28f-c579-4400-bf7e-8c7c3748e775">
		<ee:transform doc:name="Setting the authorization bearer token and required headers" doc:id="e34947ab-6d4c-4453-9a00-0965c5c67028">
			<ee:message>
			</ee:message>
			<ee:variables>
				<ee:set-variable variableName="bearerToken" ><![CDATA[%dw 2.0
output application/json
var bToken = if(typeOf(payload.'accessToken') contains  "String") (payload.'accessToken' default "") else (payload.'token'  default "")
---
{
	"Authorization": "Bearer " ++ bToken,
	"gateway-entity-id" : '${req.gatewayEntityId}',
	"client-request-id" : uuid(),
	"Content-Type" : attributes.headers.'content-type' default "application/json"
}]]></ee:set-variable>
			</ee:variables>
		</ee:transform>
	</sub-flow>
</mule>
