<?xml version="1.0" encoding="UTF-8"?>

<mule xmlns:ee="http://www.mulesoft.org/schema/mule/ee/core"
	xmlns:os="http://www.mulesoft.org/schema/mule/os"
	xmlns:http="http://www.mulesoft.org/schema/mule/http"
	xmlns="http://www.mulesoft.org/schema/mule/core"
	xmlns:doc="http://www.mulesoft.org/schema/mule/documentation"
	xmlns:xsi="http://www.w3.org/2001/XMLSchema-instance"
	xsi:schemaLocation="http://www.mulesoft.org/schema/mule/core http://www.mulesoft.org/schema/mule/core/current/mule.xsd
http://www.mulesoft.org/schema/mule/http http://www.mulesoft.org/schema/mule/http/current/mule-http.xsd
http://www.mulesoft.org/schema/mule/os http://www.mulesoft.org/schema/mule/os/current/mule-os.xsd
http://www.mulesoft.org/schema/mule/ee/core http://www.mulesoft.org/schema/mule/ee/core/current/mule-ee.xsd">
	<sub-flow name="revoke-token-subflow"
		doc:id="02c47e17-a48f-408d-9a03-5c8363e1d8bb">
		<logger level="INFO" doc:name="Start Log" doc:id="d17629d4-eebc-4398-a66d-bb3889dfba45" message='#[vars.correlationId default "" ++ " flow started to revoke token. - at : " ++ now()]' />
		<ee:transform doc:name="Setting required headers"
			doc:id="dccebb36-2a55-4dce-a4ff-b97cb2fb1716">
			<ee:message>
			</ee:message>
			<ee:variables>
				<ee:set-variable variableName="reqHeaders"><![CDATA[%dw 2.0
output application/json
---
{
	"Content-Type": attributes.headers.'content-type' default "application/json",
	"Accept": "application/json"
}]]></ee:set-variable>
			</ee:variables>
		</ee:transform>
		<flow-ref doc:name="request-to-revoke-access-token-subflow" doc:id="73d52154-00d8-41dd-9aee-1a531a8a8eaa" name="request-to-revoke-access-token-subflow"/>
		<ee:transform doc:name="Response"
			doc:id="8782cd04-e6a0-45bc-857e-127efe722238">
			<ee:message>
				<ee:set-payload><![CDATA[%dw 2.0
output application/json
---
{
	"message": "The token invalidated successfully."
}]]></ee:set-payload>
			</ee:message>
		</ee:transform>
		<logger level="INFO" doc:name="End Log" doc:id="5c2ffe54-e4fe-41a1-b075-c99908ea06f5" message='#[vars.correlationId default "" ++ " flow ended to revoke token. - at : " ++ now()]' />
	</sub-flow>
	<sub-flow name="request-to-revoke-access-token-subflow" doc:id="78921983-ccbf-4a85-a042-3c14c2f8f7f3" >
		<try doc:name="Try" doc:id="9d945083-c77e-472c-8379-b8852bee81f2" >
			<flow-ref doc:name="revoke-token-operation-subflow" doc:id="3bf57903-6196-493d-a08e-74ff62dfee77" name="revoke-token-operation-subflow" />
			<error-handler >
				<on-error-continue enableNotifications="true" logException="true" doc:name="On Error Continue" doc:id="2eeb44d2-0017-40d6-8a6b-665109da360a" type="HTTP:CONNECTIVITY, HTTP:INTERNAL_SERVER_ERROR" >
					<until-successful maxRetries="${until-successful.maxRetries}" doc:name="Until Successful" doc:id="e732d736-cde0-4c6d-aea1-19dc853dc4c8" millisBetweenRetries="${until-successful.millisBetweenRetries}" >
						<logger level="INFO" doc:name="Start Log" doc:id="0bcf2de0-3102-411a-b36d-f138e2362478" message='#[vars.correlationId default "" ++ " Until Successful started to revoke token. - at : " ++ now()]' />
						<flow-ref doc:name="revoke-token-operation-subflow" doc:id="94a0b4d0-6517-4eea-9511-93adf65ed805" name="revoke-token-operation-subflow" />
						<logger level="INFO" doc:name="End Log" doc:id="778b6dfb-bc0c-4e51-b38e-cf4ab51c992b" message='#[vars.correlationId default "" ++ " Until Successful ended to revoke token. - at : " ++ now()]' />
					</until-successful>
				</on-error-continue>
			</error-handler>
		</try>
	</sub-flow>
	<sub-flow name="revoke-token-operation-subflow" doc:id="192b1f48-bfd8-488f-8244-ad05268fb78c">
		<http:request method="POST" doc:name="Request to revoke or invalidate an access token" doc:id="4d45aa2a-8c4a-4c78-94a9-c72e7e0032c2" config-ref="basic-auth-request-configuration" path="${req.token.revokeTokenPath}">
			<http:headers><![CDATA[#[vars.reqHeaders]]]></http:headers>
		</http:request>
	</sub-flow>
</mule>
